"../../../Engine/Plugins/2D/Paper2D/Content/PlaceholderTextures/DummySpriteTexture.ubulk" 0
"../../../Engine/Plugins/2D/Paper2D/Content/PlaceholderTextures/DummySpriteTexture.uasset" 1
"../../../Engine/Plugins/2D/Paper2D/Content/PlaceholderTextures/DummySpriteTexture.uexp" 2
"../../../Engine/Plugins/2D/Paper2D/Content/DummySprite.uasset" 3
"../../../Engine/Plugins/2D/Paper2D/Content/DummySprite.uexp" 4
"../../../Engine/Plugins/2D/Paper2D/Content/DefaultPaperTerrainMaterial.uasset" 5
"../../../Engine/Plugins/2D/Paper2D/Content/DefaultPaperTerrainMaterial.uexp" 6
"../../../Engine/Plugins/Animation/ACLPlugin/Content/ACLAnimBoneCompressionSettings.uasset" 7
"../../../Engine/Plugins/Animation/ACLPlugin/Content/ACLAnimBoneCompressionSettings.uexp" 8
"../../../Engine/Content/EngineFonts/Faces/DroidSansFallback.uexp" 9
"../../../Engine/Content/EngineFonts/Faces/DroidSansFallback.uasset" 10
"../../../Engine/Content/EngineFonts/Faces/DroidSansFallback.ufont" 11
"../../../Engine/Content/EngineFonts/Faces/RobotoBold.uexp" 12
"../../../Engine/Content/EngineFonts/Faces/RobotoBold.uasset" 13
"../../../Engine/Content/EngineFonts/Faces/RobotoBold.ufont" 14
"../../../Engine/Content/EngineFonts/Faces/RobotoBoldItalic.uexp" 15
"../../../Engine/Content/EngineFonts/Faces/RobotoBoldItalic.uasset" 16
"../../../Engine/Content/EngineFonts/Faces/RobotoBoldItalic.ufont" 17
"../../../Engine/Content/EngineFonts/Faces/RobotoItalic.uexp" 18
"../../../Engine/Content/EngineFonts/Faces/RobotoItalic.uasset" 19
"../../../Engine/Content/EngineFonts/Faces/RobotoItalic.ufont" 20
"../../../Engine/Content/EngineFonts/Faces/RobotoLight.uexp" 21
"../../../Engine/Content/EngineFonts/Faces/RobotoLight.uasset" 22
"../../../Engine/Content/EngineFonts/Faces/RobotoLight.ufont" 23
"../../../Engine/Content/EngineFonts/Faces/RobotoRegular.uexp" 24
"../../../Engine/Content/EngineFonts/Faces/RobotoRegular.uasset" 25
"../../../Engine/Content/EngineFonts/Faces/RobotoRegular.ufont" 26
"../../../Engine/Content/EngineFonts/Roboto.uasset" 27
"../../../Engine/Content/EngineFonts/Roboto.uexp" 28
"../../../Engine/Content/EngineMaterials/DefaultDestructiblePhysicalMaterial.uasset" 29
"../../../Engine/Content/EngineMaterials/DefaultDestructiblePhysicalMaterial.uexp" 30
"../../../Engine/Content/EngineSounds/Master.uasset" 31
"../../../Engine/Content/EngineSounds/Master.uexp" 32
"../../../Engine/Plugins/Interchange/Runtime/Content/Pipelines/DefaultAssetsPipeline.uasset" 33
"../../../Engine/Plugins/Interchange/Runtime/Content/Pipelines/DefaultAssetsPipeline.uexp" 34
"../../../Engine/Plugins/Interchange/Runtime/Content/Pipelines/DefaultAudioPipeline.uasset" 35
"../../../Engine/Plugins/Interchange/Runtime/Content/Pipelines/DefaultAudioPipeline.uexp" 36
"../../../Engine/Plugins/Interchange/Runtime/Content/Pipelines/DefaultGLTFAssetsPipeline.uasset" 37
"../../../Engine/Plugins/Interchange/Runtime/Content/Pipelines/DefaultGLTFAssetsPipeline.uexp" 38
"../../../Engine/Plugins/Interchange/Runtime/Content/Pipelines/DefaultGLTFPipeline.uasset" 39
"../../../Engine/Plugins/Interchange/Runtime/Content/Pipelines/DefaultGLTFPipeline.uexp" 40
"../../../Engine/Plugins/Interchange/Runtime/Content/Pipelines/DefaultGLTFSceneAssetsPipeline.uasset" 41
"../../../Engine/Plugins/Interchange/Runtime/Content/Pipelines/DefaultGLTFSceneAssetsPipeline.uexp" 42
"../../../Engine/Plugins/Interchange/Runtime/Content/Pipelines/DefaultMaterialPipeline.uasset" 43
"../../../Engine/Plugins/Interchange/Runtime/Content/Pipelines/DefaultMaterialPipeline.uexp" 44
"../../../Engine/Plugins/Interchange/Runtime/Content/Pipelines/DefaultMaterialXPipeline.uasset" 45
"../../../Engine/Plugins/Interchange/Runtime/Content/Pipelines/DefaultMaterialXPipeline.uexp" 46
"../../../Engine/Plugins/Interchange/Runtime/Content/Pipelines/DefaultSceneAssetsPipeline.uasset" 47
"../../../Engine/Plugins/Interchange/Runtime/Content/Pipelines/DefaultSceneAssetsPipeline.uexp" 48
"../../../Engine/Plugins/Interchange/Runtime/Content/Pipelines/DefaultSceneLevelPipeline.uasset" 49
"../../../Engine/Plugins/Interchange/Runtime/Content/Pipelines/DefaultSceneLevelPipeline.uexp" 50
"../../../Engine/Plugins/Interchange/Runtime/Content/Pipelines/DefaultTexturePipeline.uasset" 51
"../../../Engine/Plugins/Interchange/Runtime/Content/Pipelines/DefaultTexturePipeline.uexp" 52
"../../../Engine/Plugins/2D/Paper2D/Content/DefaultSpriteMaterial.uasset" 53
"../../../Engine/Plugins/2D/Paper2D/Content/DefaultSpriteMaterial.uexp" 54
"../../../Engine/Plugins/2D/Paper2D/Content/OpaqueUnlitSpriteMaterial.uasset" 55
"../../../Engine/Plugins/2D/Paper2D/Content/OpaqueUnlitSpriteMaterial.uexp" 56
"../../../Engine/Content/Functions/Engine_MaterialFunctions02/WorldPositionOffset/CameraOffset.uasset" 57
"../../../Engine/Content/Functions/Engine_MaterialFunctions02/WorldPositionOffset/CameraOffset.uexp" 58
"../../../Engine/Plugins/Animation/ControlRig/Content/M_Manip.uasset" 59
"../../../Engine/Plugins/Animation/ControlRig/Content/M_Manip.uexp" 60
"../../../Engine/Plugins/2D/Paper2D/Content/MaskedUnlitSpriteMaterial.uasset" 61
"../../../Engine/Plugins/2D/Paper2D/Content/MaskedUnlitSpriteMaterial.uexp" 62
"../../../Engine/Content/EditorMaterials/PhAT_NoCollisionMaterial.uasset" 63
"../../../Engine/Content/EditorMaterials/PhAT_NoCollisionMaterial.uexp" 64
"../../../Engine/Content/EditorMaterials/PhAT_UnselectedMaterial.uasset" 65
"../../../Engine/Content/EditorMaterials/PhAT_UnselectedMaterial.uexp" 66
"../../../Engine/Content/EditorMaterials/PreviewShadowIndicator.ubulk" 67
"../../../Engine/Content/EditorMaterials/PreviewShadowIndicator.uasset" 68
"../../../Engine/Content/EditorMaterials/PreviewShadowIndicator.uexp" 69
"../../../Engine/Content/EditorMaterials/PreviewShadowIndicatorMaterial.uasset" 70
"../../../Engine/Content/EditorMaterials/PreviewShadowIndicatorMaterial.uexp" 71
"../../../Engine/Content/BasicShapes/BasicShapeMaterial.uasset" 72
"../../../Engine/Content/BasicShapes/BasicShapeMaterial.uexp" 73
"../../../Engine/Content/Functions/Engine_MaterialFunctions01/Opacity/CameraDepthFade.uasset" 74
"../../../Engine/Content/Functions/Engine_MaterialFunctions01/Opacity/CameraDepthFade.uexp" 75
"../../../Engine/Content/EngineMaterials/T_Default_Material_Grid_M.ubulk" 76
"../../../Engine/Content/EngineMaterials/T_Default_Material_Grid_M.uasset" 77
"../../../Engine/Content/EngineMaterials/T_Default_Material_Grid_M.uexp" 78
"../../../Engine/Content/EngineMaterials/T_Default_Material_Grid_N.ubulk" 79
"../../../Engine/Content/EngineMaterials/T_Default_Material_Grid_N.uasset" 80
"../../../Engine/Content/EngineMaterials/T_Default_Material_Grid_N.uexp" 81
"../../../Engine/Content/EngineMaterials/DefaultMaterial.uasset" 82
"../../../Engine/Content/EngineMaterials/DefaultMaterial.uexp" 83
"../../../Engine/Content/BasicShapes/Cone.ubulk" 84
"../../../Engine/Content/BasicShapes/Cone.uasset" 85
"../../../Engine/Content/BasicShapes/Cone.uexp" 86
"../../../Engine/Content/EngineMaterials/WorldGridMaterial.uasset" 87
"../../../Engine/Content/EngineMaterials/WorldGridMaterial.uexp" 88
"../../../Engine/Content/BasicShapes/Cube.ubulk" 89
"../../../Engine/Content/BasicShapes/Cube.uasset" 90
"../../../Engine/Content/BasicShapes/Cube.uexp" 91
"../../../Engine/Content/EditorResources/BSPVertex.uasset" 92
"../../../Engine/Content/EditorResources/BSPVertex.uexp" 93
"../../../Engine/Content/BasicShapes/Cylinder.ubulk" 94
"../../../Engine/Content/BasicShapes/Cylinder.uasset" 95
"../../../Engine/Content/BasicShapes/Cylinder.uexp" 96
"../../../Engine/Content/BasicShapes/Plane.ubulk" 97
"../../../Engine/Content/BasicShapes/Plane.uasset" 98
"../../../Engine/Content/BasicShapes/Plane.uexp" 99
"../../../Engine/Content/BasicShapes/Sphere.ubulk" 100
"../../../Engine/Content/BasicShapes/Sphere.uasset" 101
"../../../Engine/Content/BasicShapes/Sphere.uexp" 102
"../../../Engine/Content/EngineResources/LandscapeVisibilityLayerInfo.uasset" 103
"../../../Engine/Content/EngineResources/LandscapeVisibilityLayerInfo.uexp" 104
"../../../Engine/Content/EngineMaterials/MiniFont.uasset" 105
"../../../Engine/Content/EngineMaterials/MiniFont.uexp" 106
"../../../Engine/Content/EngineMaterials/InvalidLightmapSettings.ubulk" 107
"../../../Engine/Content/EngineMaterials/InvalidLightmapSettings.uasset" 108
"../../../Engine/Content/EngineMaterials/InvalidLightmapSettings.uexp" 109
"../../../Engine/Content/EngineMaterials/M_InvalidLightmapSettings.uasset" 110
"../../../Engine/Content/EngineMaterials/M_InvalidLightmapSettings.uexp" 111
"../../../Engine/Content/EditorResources/S_Actor.ubulk" 112
"../../../Engine/Content/EditorResources/S_Actor.uasset" 113
"../../../Engine/Content/EditorResources/S_Actor.uexp" 114
"../../../Engine/Content/EngineMaterials/NaniteHiddenSectionMaterial.uasset" 115
"../../../Engine/Content/EngineMaterials/NaniteHiddenSectionMaterial.uexp" 116
"../../../Engine/Content/EditorResources/S_BoxReflectionCapture.uasset" 117
"../../../Engine/Content/EditorResources/S_BoxReflectionCapture.uexp" 118
"../../../Engine/Content/EngineMaterials/PhAT_JointLimitMaterial.uasset" 119
"../../../Engine/Content/EngineMaterials/PhAT_JointLimitMaterial.uexp" 120
"../../../Engine/Plugins/Media/MediaPlate/Content/SM_MediaPlateScreen.ubulk" 121
"../../../Engine/Plugins/Media/MediaPlate/Content/SM_MediaPlateScreen.uasset" 122
"../../../Engine/Plugins/Media/MediaPlate/Content/SM_MediaPlateScreen.uexp" 123
"../../../Engine/Content/EngineMaterials/DefaultCalibrationColor.uasset" 124
"../../../Engine/Content/EngineMaterials/DefaultCalibrationColor.uexp" 125
"../../../Engine/Content/EngineMaterials/PPM_DefaultCalibrationColor.uasset" 126
"../../../Engine/Content/EngineMaterials/PPM_DefaultCalibrationColor.uexp" 127
"../../../Engine/Content/Functions/Engine_MaterialFunctions02/Utility/BreakOutFloat3Components.uasset" 128
"../../../Engine/Content/Functions/Engine_MaterialFunctions02/Utility/BreakOutFloat3Components.uexp" 129
"../../../Engine/Content/Functions/Engine_MaterialFunctions02/Math/Transform3x3Matrix.uasset" 130
"../../../Engine/Content/Functions/Engine_MaterialFunctions02/Math/Transform3x3Matrix.uexp" 131
"../../../Engine/Content/Functions/Engine_MaterialFunctions02/Utility/MakeFloat3.uasset" 132
"../../../Engine/Content/Functions/Engine_MaterialFunctions02/Utility/MakeFloat3.uexp" 133
"../../../Engine/Content/Functions/Engine_MaterialFunctions02/SplitComponents.uasset" 134
"../../../Engine/Content/Functions/Engine_MaterialFunctions02/SplitComponents.uexp" 135
"../../../Engine/Content/VREditor/SnapGrid/SnapGridMaterial.uasset" 136
"../../../Engine/Content/VREditor/SnapGrid/SnapGridMaterial.uexp" 137
"../../../Engine/Content/VREditor/SnapGrid/SnapGridPlaneMesh.ubulk" 138
"../../../Engine/Content/VREditor/SnapGrid/SnapGridPlaneMesh.uasset" 139
"../../../Engine/Content/VREditor/SnapGrid/SnapGridPlaneMesh.uexp" 140
"../../../Engine/Content/VREditor/LaserPointer/VR_LaserPower_01.ubulk" 141
"../../../Engine/Content/VREditor/LaserPointer/VR_LaserPower_01.uasset" 142
"../../../Engine/Content/VREditor/LaserPointer/VR_LaserPower_01.uexp" 143
"../../../Engine/Content/VREditor/TransformGizmo/TransformGizmoMaterial.uasset" 144
"../../../Engine/Content/VREditor/TransformGizmo/TransformGizmoMaterial.uexp" 145
"../../../Engine/Content/VREditor/TransformGizmo/TranslucentTransformGizmoMaterial.uasset" 146
"../../../Engine/Content/VREditor/TransformGizmo/TranslucentTransformGizmoMaterial.uexp" 147
"../../../Engine/Content/VREditor/TransformGizmo/PlaneTranslationHandle.ubulk" 148
"../../../Engine/Content/VREditor/TransformGizmo/PlaneTranslationHandle.uasset" 149
"../../../Engine/Content/VREditor/TransformGizmo/PlaneTranslationHandle.uexp" 150
"../../../Engine/Content/VREditor/TransformGizmo/RotationHandleFull.ubulk" 151
"../../../Engine/Content/VREditor/TransformGizmo/RotationHandleFull.uasset" 152
"../../../Engine/Content/VREditor/TransformGizmo/RotationHandleFull.uexp" 153
"../../../Engine/Content/VREditor/TransformGizmo/RotationHandleIndicator.ubulk" 154
"../../../Engine/Content/VREditor/TransformGizmo/RotationHandleIndicator.uasset" 155
"../../../Engine/Content/VREditor/TransformGizmo/RotationHandleIndicator.uexp" 156
"../../../Engine/Content/VREditor/TransformGizmo/RotationHandleQuarter.ubulk" 157
"../../../Engine/Content/VREditor/TransformGizmo/RotationHandleQuarter.uasset" 158
"../../../Engine/Content/VREditor/TransformGizmo/RotationHandleQuarter.uexp" 159
"../../../Engine/Content/VREditor/TransformGizmo/StartRotationHandleIndicator.ubulk" 160
"../../../Engine/Content/VREditor/TransformGizmo/StartRotationHandleIndicator.uasset" 161
"../../../Engine/Content/VREditor/TransformGizmo/StartRotationHandleIndicator.uexp" 162
"../../../Engine/Content/VREditor/TransformGizmo/TranslucentTransformGizmoMaterial_Inst.uasset" 163
"../../../Engine/Content/VREditor/TransformGizmo/TranslucentTransformGizmoMaterial_Inst.uexp" 164
"../../../Engine/Content/VREditor/TransformGizmo/TransformGizmoFreeRotation.ubulk" 165
"../../../Engine/Content/VREditor/TransformGizmo/TransformGizmoFreeRotation.uasset" 166
"../../../Engine/Content/VREditor/TransformGizmo/TransformGizmoFreeRotation.uexp" 167
"../../../Engine/Content/VREditor/TransformGizmo/TransformGizmoMaterial_Inst.uasset" 168
"../../../Engine/Content/VREditor/TransformGizmo/TransformGizmoMaterial_Inst.uexp" 169
"../../../Engine/Content/VREditor/TransformGizmo/TranslateArrowHandle.ubulk" 170
"../../../Engine/Content/VREditor/TransformGizmo/TranslateArrowHandle.uasset" 171
"../../../Engine/Content/VREditor/TransformGizmo/TranslateArrowHandle.uexp" 172
"../../../Engine/Content/VREditor/TransformGizmo/UniformScaleHandle.ubulk" 173
"../../../Engine/Content/VREditor/TransformGizmo/UniformScaleHandle.uasset" 174
"../../../Engine/Content/VREditor/TransformGizmo/UniformScaleHandle.uexp" 175
"../../../Engine/Content/VREditor/Sounds/UI/Drop_Item_From_ContentBrowser.ubulk" 176
"../../../Engine/Content/VREditor/Sounds/UI/Drop_Item_From_ContentBrowser.uasset" 177
"../../../Engine/Content/VREditor/Sounds/UI/Drop_Item_From_ContentBrowser.uexp" 178
"../../../Engine/Content/VREditor/Sounds/UI/Gizmo_Handle_Clicked.ubulk" 179
"../../../Engine/Content/VREditor/Sounds/UI/Gizmo_Handle_Clicked.uasset" 180
"../../../Engine/Content/VREditor/Sounds/UI/Gizmo_Handle_Clicked.uexp" 181
"../../../Engine/Content/VREditor/Sounds/UI/Object_PickUp.ubulk" 182
"../../../Engine/Content/VREditor/Sounds/UI/Object_PickUp.uasset" 183
"../../../Engine/Content/VREditor/Sounds/UI/Object_PickUp.uexp" 184
"../../../Engine/Content/VREditor/Sounds/UI/Object_Snaps_To_Another_Actor.ubulk" 185
"../../../Engine/Content/VREditor/Sounds/UI/Object_Snaps_To_Another_Actor.uasset" 186
"../../../Engine/Content/VREditor/Sounds/UI/Object_Snaps_To_Another_Actor.uexp" 187
"../../../Engine/Content/VREditor/Sounds/UI/Object_Snaps_To_Grid.ubulk" 188
"../../../Engine/Content/VREditor/Sounds/UI/Object_Snaps_To_Grid.uasset" 189
"../../../Engine/Content/VREditor/Sounds/UI/Object_Snaps_To_Grid.uexp" 190
"../../../Engine/Content/VREditor/Sounds/UI/Scaling_Down.ubulk" 191
"../../../Engine/Content/VREditor/Sounds/UI/Scaling_Down.uasset" 192
"../../../Engine/Content/VREditor/Sounds/UI/Scaling_Down.uexp" 193
"../../../Engine/Content/VREditor/Sounds/UI/Scaling_Up.ubulk" 194
"../../../Engine/Content/VREditor/Sounds/UI/Scaling_Up.uasset" 195
"../../../Engine/Content/VREditor/Sounds/UI/Scaling_Up.uexp" 196
"../../../Engine/Content/VREditor/Sounds/UI/Selection_Changes.ubulk" 197
"../../../Engine/Content/VREditor/Sounds/UI/Selection_Changes.uasset" 198
"../../../Engine/Content/VREditor/Sounds/UI/Selection_Changes.uexp" 199
"../../../Engine/Content/EngineMaterials/DefaultCalibrationGrayscale.uasset" 200
"../../../Engine/Content/EngineMaterials/DefaultCalibrationGrayscale.uexp" 201
"../../../Engine/Content/EngineMaterials/PPM_DefaultCalibrationGrayscale.uasset" 202
"../../../Engine/Content/EngineMaterials/PPM_DefaultCalibrationGrayscale.uexp" 203
"../../../Engine/Plugins/NNE/NNEDenoiser/Content/NNEDIM_ColorAlbedoNormal_Alpha.uasset" 204
"../../../Engine/Plugins/NNE/NNEDenoiser/Content/NNEDIM_ColorAlbedoNormal_Alpha.uexp" 205
"../../../Engine/Plugins/NNE/NNEDenoiser/Content/NNEDIM_ColorAlbedoNormal_Default.uasset" 206
"../../../Engine/Plugins/NNE/NNEDenoiser/Content/NNEDIM_ColorAlbedoNormal_Default.uexp" 207
"../../../Engine/Plugins/NNE/NNEDenoiser/Content/NNEDIM_HighQuality_Alpha.uasset" 208
"../../../Engine/Plugins/NNE/NNEDenoiser/Content/NNEDIM_HighQuality_Alpha.uexp" 209
"../../../Engine/Plugins/NNE/NNEDenoiser/Content/NNEDIM_HighQuality_Default.uasset" 210
"../../../Engine/Plugins/NNE/NNEDenoiser/Content/NNEDIM_HighQuality_Default.uexp" 211
"../../../Engine/Plugins/NNE/NNEDenoiser/Content/NNEDOM_Output_Alpha.uasset" 212
"../../../Engine/Plugins/NNE/NNEDenoiser/Content/NNEDOM_Output_Alpha.uexp" 213
"../../../Engine/Plugins/NNE/NNEDenoiser/Content/NNEDOM_Output_Default.uasset" 214
"../../../Engine/Plugins/NNE/NNEDenoiser/Content/NNEDOM_Output_Default.uexp" 215
"../../../Engine/Plugins/NNE/NNEDenoiser/Content/NNEDTIM_ColorAlbedoNormal_Alpha.uasset" 216
"../../../Engine/Plugins/NNE/NNEDenoiser/Content/NNEDTIM_ColorAlbedoNormal_Alpha.uexp" 217
"../../../Engine/Plugins/NNE/NNEDenoiser/Content/NNEDTIM_ColorAlbedoNormal_Default.uasset" 218
"../../../Engine/Plugins/NNE/NNEDenoiser/Content/NNEDTIM_ColorAlbedoNormal_Default.uexp" 219
"../../../Engine/Plugins/NNE/NNEDenoiser/Content/NNEDTOM_Output_Alpha.uasset" 220
"../../../Engine/Plugins/NNE/NNEDenoiser/Content/NNEDTOM_Output_Alpha.uexp" 221
"../../../Engine/Plugins/NNE/NNEDenoiser/Content/NNEDTOM_Output_Default.uasset" 222
"../../../Engine/Plugins/NNE/NNEDenoiser/Content/NNEDTOM_Output_Default.uexp" 223
"../../../Engine/Plugins/NNE/NNEDenoiser/Content/NNEDT_Oidn2-3_Balanced.uasset" 224
"../../../Engine/Plugins/NNE/NNEDenoiser/Content/NNEDT_Oidn2-3_Balanced.uexp" 225
"../../../Engine/Content/EngineMaterials/PreintegratedSkinBRDF.uasset" 226
"../../../Engine/Content/EngineMaterials/PreintegratedSkinBRDF.uexp" 227
"../../../Engine/Plugins/NNE/NNEDenoiser/Content/NNEDT_Oidn2-3_Balanced_Alpha.uasset" 228
"../../../Engine/Plugins/NNE/NNEDenoiser/Content/NNEDT_Oidn2-3_Balanced_Alpha.uexp" 229
"../../../Engine/Plugins/NNE/NNEDenoiser/Content/NNED_Oidn2-3_Balanced.uasset" 230
"../../../Engine/Plugins/NNE/NNEDenoiser/Content/NNED_Oidn2-3_Balanced.uexp" 231
"../../../Engine/Plugins/NNE/NNEDenoiser/Content/NNED_Oidn2-3_Balanced_Alpha.uasset" 232
"../../../Engine/Plugins/NNE/NNEDenoiser/Content/NNED_Oidn2-3_Balanced_Alpha.uexp" 233
"../../../Engine/Plugins/NNE/NNEDenoiser/Content/NNED_Oidn2-3_Fast.uasset" 234
"../../../Engine/Plugins/NNE/NNEDenoiser/Content/NNED_Oidn2-3_Fast.uexp" 235
"../../../Engine/Plugins/NNE/NNEDenoiser/Content/NNED_Oidn2-3_Fast_Alpha.uasset" 236
"../../../Engine/Plugins/NNE/NNEDenoiser/Content/NNED_Oidn2-3_Fast_Alpha.uexp" 237
"../../../Engine/Plugins/NNE/NNEDenoiser/Content/NNED_Oidn2-3_HighQuality.uasset" 238
"../../../Engine/Plugins/NNE/NNEDenoiser/Content/NNED_Oidn2-3_HighQuality.uexp" 239
"../../../Engine/Plugins/NNE/NNEDenoiser/Content/NNED_Oidn2-3_HighQuality_Alpha.uasset" 240
"../../../Engine/Plugins/NNE/NNEDenoiser/Content/NNED_Oidn2-3_HighQuality_Alpha.uexp" 241
"../../../Engine/Plugins/NNE/NNEDenoiser/Content/NNE_oidn2-3-0_rt_hdr_alb_nrm_small__dyn__fp16_opset11_DenoiseAlpha.uasset" 242
"../../../Engine/Plugins/NNE/NNEDenoiser/Content/NNE_oidn2-3-0_rt_hdr_alb_nrm_small__dyn__fp16_opset11_DenoiseAlpha.uexp" 243
"../../../Engine/Plugins/NNE/NNEDenoiser/Content/NNE_oidn2-3-0_rt_hdr_alb_nrm_small__dyn__fp16_opset11_ForwardAlpha.uasset" 244
"../../../Engine/Plugins/NNE/NNEDenoiser/Content/NNE_oidn2-3-0_rt_hdr_alb_nrm_small__dyn__fp16_opset11_ForwardAlpha.uexp" 245
"../../../Engine/Plugins/NNE/NNEDenoiser/Content/NNE_oidn2-3-0_rt_hdr_alb_nrm__dyn__fp16_opset11_DenoiseAlpha.uasset" 246
"../../../Engine/Plugins/NNE/NNEDenoiser/Content/NNE_oidn2-3-0_rt_hdr_alb_nrm__dyn__fp16_opset11_DenoiseAlpha.uexp" 247
"../../../Engine/Plugins/NNE/NNEDenoiser/Content/NNE_oidn2-3-0_rt_hdr_alb_nrm__dyn__fp16_opset11_ForwardAlpha.uasset" 248
"../../../Engine/Plugins/NNE/NNEDenoiser/Content/NNE_oidn2-3-0_rt_hdr_alb_nrm__dyn__fp16_opset11_ForwardAlpha.uexp" 249
"../../../Engine/Plugins/NNE/NNEDenoiser/Content/NNE_oidn2-3-0_rt_hdr_calb_cnrm_large__dyn__fp16_opset11_DenoiseAlpha.uasset" 250
"../../../Engine/Plugins/NNE/NNEDenoiser/Content/NNE_oidn2-3-0_rt_hdr_calb_cnrm_large__dyn__fp16_opset11_DenoiseAlpha.uexp" 251
"../../../Engine/Plugins/NNE/NNEDenoiser/Content/NNE_oidn2-3-0_rt_hdr_calb_cnrm_large__dyn__fp16_opset11_ForwardAlpha.uasset" 252
"../../../Engine/Plugins/NNE/NNEDenoiser/Content/NNE_oidn2-3-0_rt_hdr_calb_cnrm_large__dyn__fp16_opset11_ForwardAlpha.uexp" 253
"../../../Engine/Plugins/Animation/ControlRig/Content/Controls/ControlRigGizmoMaterial.uasset" 254
"../../../Engine/Plugins/Animation/ControlRig/Content/Controls/ControlRigGizmoMaterial.uexp" 255
"../../../Engine/Plugins/Animation/ControlRig/Content/Controls/ControlRigXRayMaterial.uasset" 256
"../../../Engine/Plugins/Animation/ControlRig/Content/Controls/ControlRigXRayMaterial.uexp" 257
"../../../Engine/Content/EngineMaterials/RemoveSurfaceMaterial.uasset" 258
"../../../Engine/Content/EngineMaterials/RemoveSurfaceMaterial.uexp" 259
"../../../Engine/Plugins/Animation/ControlRig/Content/Controls/ControlRig_Arrow2_1mm.ubulk" 260
"../../../Engine/Plugins/Animation/ControlRig/Content/Controls/ControlRig_Arrow2_1mm.uasset" 261
"../../../Engine/Plugins/Animation/ControlRig/Content/Controls/ControlRig_Arrow2_1mm.uexp" 262
"../../../Engine/Plugins/Animation/DeformerGraph/Content/DeformerFunctions/DG_Function_LinearBlendSkin_Morph_Cloth.uasset" 263
"../../../Engine/Plugins/Animation/DeformerGraph/Content/DeformerFunctions/DG_Function_LinearBlendSkin_Morph_Cloth.uexp" 264
"../../../Engine/Plugins/Animation/DeformerGraph/Content/Deformers/DG_LinearBlendSkin_Morph_Cloth.uasset" 265
"../../../Engine/Plugins/Animation/DeformerGraph/Content/Deformers/DG_LinearBlendSkin_Morph_Cloth.uexp" 266
"../../../Engine/Content/EngineMaterials/SMAAAreaTex.uasset" 267
"../../../Engine/Content/EngineMaterials/SMAAAreaTex.uexp" 268
"../../../Engine/Plugins/Animation/DeformerGraph/Content/DeformerFunctions/DG_Function_ComputeNormalsTangents.uasset" 269
"../../../Engine/Plugins/Animation/DeformerGraph/Content/DeformerFunctions/DG_Function_ComputeNormalsTangents.uexp" 270
"../../../Engine/Plugins/Animation/DeformerGraph/Content/DeformerFunctions/DG_Function_LinearBlendSkin_Morph_Cloth_PositionOnly.uasset" 271
"../../../Engine/Plugins/Animation/DeformerGraph/Content/DeformerFunctions/DG_Function_LinearBlendSkin_Morph_Cloth_PositionOnly.uexp" 272
"../../../Engine/Plugins/Animation/DeformerGraph/Content/Deformers/DG_LinearBlendSkin_Morph_Cloth_RecomputeNormals.uasset" 273
"../../../Engine/Plugins/Animation/DeformerGraph/Content/Deformers/DG_LinearBlendSkin_Morph_Cloth_RecomputeNormals.uexp" 274
"../../../Engine/Plugins/Animation/ControlRig/Content/Controls/ControlRig_Arrow2_3mm.ubulk" 275
"../../../Engine/Plugins/Animation/ControlRig/Content/Controls/ControlRig_Arrow2_3mm.uasset" 276
"../../../Engine/Plugins/Animation/ControlRig/Content/Controls/ControlRig_Arrow2_3mm.uexp" 277
"../../../Engine/Content/EngineMaterials/SMAASearchTex.uasset" 278
"../../../Engine/Content/EngineMaterials/SMAASearchTex.uexp" 279
"../../../Engine/Plugins/Animation/ControlRig/Content/Controls/ControlRig_Arrow2_solid.ubulk" 280
"../../../Engine/Plugins/Animation/ControlRig/Content/Controls/ControlRig_Arrow2_solid.uasset" 281
"../../../Engine/Plugins/Animation/ControlRig/Content/Controls/ControlRig_Arrow2_solid.uexp" 282
"../../../Engine/Plugins/Animation/ControlRig/Content/Controls/ControlRig_Arrow4_1mm.ubulk" 283
"../../../Engine/Plugins/Animation/ControlRig/Content/Controls/ControlRig_Arrow4_1mm.uasset" 284
"../../../Engine/Plugins/Animation/ControlRig/Content/Controls/ControlRig_Arrow4_1mm.uexp" 285
"../../../Engine/Plugins/Animation/ControlRig/Content/Controls/ControlRig_Arrow4_3mm.ubulk" 286
"../../../Engine/Plugins/Animation/ControlRig/Content/Controls/ControlRig_Arrow4_3mm.uasset" 287
"../../../Engine/Plugins/Animation/ControlRig/Content/Controls/ControlRig_Arrow4_3mm.uexp" 288
"../../../Engine/Content/EditorResources/S_Solver.ubulk" 289
"../../../Engine/Content/EditorResources/S_Solver.uasset" 290
"../../../Engine/Content/EditorResources/S_Solver.uexp" 291
"../../../Engine/Plugins/Animation/ControlRig/Content/Controls/ControlRig_Arrow4_solid.ubulk" 292
"../../../Engine/Plugins/Animation/ControlRig/Content/Controls/ControlRig_Arrow4_solid.uasset" 293
"../../../Engine/Plugins/Animation/ControlRig/Content/Controls/ControlRig_Arrow4_solid.uexp" 294
"../../../Engine/Content/EditorResources/S_Terrain.ubulk" 295
"../../../Engine/Content/EditorResources/S_Terrain.uasset" 296
"../../../Engine/Content/EditorResources/S_Terrain.uexp" 297
"../../../Engine/Plugins/Animation/ControlRig/Content/Controls/ControlRig_Arrow_1mm.ubulk" 298
"../../../Engine/Plugins/Animation/ControlRig/Content/Controls/ControlRig_Arrow_1mm.uasset" 299
"../../../Engine/Plugins/Animation/ControlRig/Content/Controls/ControlRig_Arrow_1mm.uexp" 300
"../../../Engine/Content/EditorLandscapeResources/DefaultAlphaTexture.uasset" 301
"../../../Engine/Content/EditorLandscapeResources/DefaultAlphaTexture.uexp" 302
"../../../Engine/Content/EditorLandscapeResources/ColorMaskBrushMaterial.uasset" 303
"../../../Engine/Content/EditorLandscapeResources/ColorMaskBrushMaterial.uexp" 304
"../../../Engine/Content/EditorLandscapeResources/ColorMaskBrushMaterial_MaskedRegion.uasset" 305
"../../../Engine/Content/EditorLandscapeResources/ColorMaskBrushMaterial_MaskedRegion.uexp" 306
"../../../Engine/Plugins/Animation/ControlRig/Content/Controls/ControlRig_Arrow_3mm.ubulk" 307
"../../../Engine/Plugins/Animation/ControlRig/Content/Controls/ControlRig_Arrow_3mm.uasset" 308
"../../../Engine/Plugins/Animation/ControlRig/Content/Controls/ControlRig_Arrow_3mm.uexp" 309
"../../../Engine/Content/EditorResources/S_Trigger.ubulk" 310
"../../../Engine/Content/EditorResources/S_Trigger.uasset" 311
"../../../Engine/Content/EditorResources/S_Trigger.uexp" 312
"../../../Engine/Plugins/Animation/ControlRig/Content/Controls/ControlRig_Arrow_solid.ubulk" 313
"../../../Engine/Plugins/Animation/ControlRig/Content/Controls/ControlRig_Arrow_solid.uasset" 314
"../../../Engine/Plugins/Animation/ControlRig/Content/Controls/ControlRig_Arrow_solid.uexp" 315
"../../../Engine/Plugins/Interchange/Assets/Content/Functions/MX_Surface.uasset" 316
"../../../Engine/Plugins/Interchange/Assets/Content/Functions/MX_Surface.uexp" 317
"../../../Engine/Content/EditorResources/S_TriggerBox.uasset" 318
"../../../Engine/Content/EditorResources/S_TriggerBox.uexp" 319
"../../../Engine/Plugins/Interchange/Assets/Content/Functions/MX_SurfaceUnlit.uasset" 320
"../../../Engine/Plugins/Interchange/Assets/Content/Functions/MX_SurfaceUnlit.uexp" 321
"../../../Engine/Plugins/Animation/ControlRig/Content/Controls/ControlRig_Box_1mm.ubulk" 322
"../../../Engine/Plugins/Animation/ControlRig/Content/Controls/ControlRig_Box_1mm.uasset" 323
"../../../Engine/Plugins/Animation/ControlRig/Content/Controls/ControlRig_Box_1mm.uexp" 324
"../../../Engine/Content/EditorResources/S_TriggerCapsule.uasset" 325
"../../../Engine/Content/EditorResources/S_TriggerCapsule.uexp" 326
"../../../Engine/Content/EditorResources/S_TriggerSphere.uasset" 327
"../../../Engine/Content/EditorResources/S_TriggerSphere.uexp" 328
"../../../Engine/Content/EngineMaterials/WeightMapPlaceholderTexture.uasset" 329
"../../../Engine/Content/EngineMaterials/WeightMapPlaceholderTexture.uexp" 330
"../../../Engine/Content/EngineMaterials/WeightMapArrayPlaceholderTexture.uasset" 331
"../../../Engine/Content/EngineMaterials/WeightMapArrayPlaceholderTexture.uexp" 332
"../../../Engine/Plugins/Interchange/Assets/Content/Functions/MX_TranslucentBSDF.uasset" 333
"../../../Engine/Plugins/Interchange/Assets/Content/Functions/MX_TranslucentBSDF.uexp" 334
"../../../Engine/Content/EngineMaterials/DefaultBloomKernel.uasset" 335
"../../../Engine/Content/EngineMaterials/DefaultBloomKernel.uexp" 336
"../../../Engine/Content/EditorLandscapeResources/LandscapeDirtyMaterial.uasset" 337
"../../../Engine/Content/EditorLandscapeResources/LandscapeDirtyMaterial.uexp" 338
"../../../Engine/Content/EngineMaterials/DefaultBokeh.uasset" 339
"../../../Engine/Content/EngineMaterials/DefaultBokeh.uexp" 340
"../../../Engine/Content/EngineResources/WhiteSquareTexture.uasset" 341
"../../../Engine/Content/EngineResources/WhiteSquareTexture.uexp" 342
"../../../Engine/Content/EngineMaterials/Widget3DPassThrough.uasset" 343
"../../../Engine/Content/EngineMaterials/Widget3DPassThrough.uexp" 344
"../../../Engine/Content/EngineMaterials/Widget3DPassThrough_Masked.uasset" 345
"../../../Engine/Content/EngineMaterials/Widget3DPassThrough_Masked.uexp" 346
"../../../Engine/Content/EngineMaterials/Widget3DPassThrough_Opaque.uasset" 347
"../../../Engine/Content/EngineMaterials/Widget3DPassThrough_Opaque.uexp" 348
"../../../Engine/Content/EngineMaterials/Widget3DPassThrough_Masked_OneSided.uasset" 349
"../../../Engine/Content/EngineMaterials/Widget3DPassThrough_Masked_OneSided.uexp" 350
"../../../Engine/Content/EngineMaterials/Widget3DPassThrough_Opaque_OneSided.uasset" 351
"../../../Engine/Content/EngineMaterials/Widget3DPassThrough_Opaque_OneSided.uexp" 352
"../../../Engine/Content/EngineMaterials/Widget3DPassThrough_Translucent.uasset" 353
"../../../Engine/Content/EngineMaterials/Widget3DPassThrough_Translucent.uexp" 354
"../../../Engine/Content/EngineMaterials/Widget3DPassThrough_Translucent_OneSided.uasset" 355
"../../../Engine/Content/EngineMaterials/Widget3DPassThrough_Translucent_OneSided.uexp" 356
"../../../Engine/Plugins/Animation/ControlRig/Content/Controls/ControlRig_Box_3mm.ubulk" 357
"../../../Engine/Plugins/Animation/ControlRig/Content/Controls/ControlRig_Box_3mm.uasset" 358
"../../../Engine/Plugins/Animation/ControlRig/Content/Controls/ControlRig_Box_3mm.uexp" 359
"../../../Engine/Content/EngineMaterials/DefaultDiffuse.ubulk" 360
"../../../Engine/Content/EngineMaterials/DefaultDiffuse.uasset" 361
"../../../Engine/Content/EngineMaterials/DefaultDiffuse.uexp" 362
"../../../Engine/Content/Functions/Engine_MaterialFunctions01/Texturing/TextureCropping.uasset" 363
"../../../Engine/Content/Functions/Engine_MaterialFunctions01/Texturing/TextureCropping.uexp" 364
"../../../Engine/Content/Functions/Engine_MaterialFunctions02/ExampleContent/DebugNumberStrip.uasset" 365
"../../../Engine/Content/Functions/Engine_MaterialFunctions02/ExampleContent/DebugNumberStrip.uexp" 366
"../../../Engine/Content/Functions/Engine_MaterialFunctions01/Debug/DebugIntValues.uasset" 367
"../../../Engine/Content/Functions/Engine_MaterialFunctions01/Debug/DebugIntValues.uexp" 368
"../../../Engine/Content/Functions/Engine_MaterialFunctions02/Utility/BreakOutFloat2Components.uasset" 369
"../../../Engine/Content/Functions/Engine_MaterialFunctions02/Utility/BreakOutFloat2Components.uexp" 370
"../../../Engine/Content/Functions/Engine_MaterialFunctions01/Texturing/ScaleUVsByCenter.uasset" 371
"../../../Engine/Content/Functions/Engine_MaterialFunctions01/Texturing/ScaleUVsByCenter.uexp" 372
"../../../Engine/Content/Functions/Engine_MaterialFunctions02/WorldPositionOffset/LocalPosition.uasset" 373
"../../../Engine/Content/Functions/Engine_MaterialFunctions02/WorldPositionOffset/LocalPosition.uexp" 374
"../../../Engine/Content/EditorLandscapeResources/LandscapeLayerUsageMaterial.uasset" 375
"../../../Engine/Content/EditorLandscapeResources/LandscapeLayerUsageMaterial.uexp" 376
"../../../Engine/Plugins/Animation/ControlRig/Content/Controls/ControlRig_Box_solid.ubulk" 377
"../../../Engine/Plugins/Animation/ControlRig/Content/Controls/ControlRig_Box_solid.uasset" 378
"../../../Engine/Plugins/Animation/ControlRig/Content/Controls/ControlRig_Box_solid.uexp" 379
"../../../Engine/Plugins/Interchange/Assets/Content/Functions/MX_UniformEDF.uasset" 380
"../../../Engine/Plugins/Interchange/Assets/Content/Functions/MX_UniformEDF.uexp" 381
"../../../Engine/Plugins/Interchange/Assets/Content/Functions/MX_UsdPreviewSurface.uasset" 382
"../../../Engine/Plugins/Interchange/Assets/Content/Functions/MX_UsdPreviewSurface.uexp" 383
"../../../Engine/Content/EngineMaterials/DefaultDeferredDecalMaterial.uasset" 384
"../../../Engine/Content/EngineMaterials/DefaultDeferredDecalMaterial.uexp" 385
"../../../Engine/Plugins/Animation/ControlRig/Content/Controls/ControlRig_Circle_1mm.ubulk" 386
"../../../Engine/Plugins/Animation/ControlRig/Content/Controls/ControlRig_Circle_1mm.uasset" 387
"../../../Engine/Plugins/Animation/ControlRig/Content/Controls/ControlRig_Circle_1mm.uexp" 388
"../../../Engine/Plugins/Animation/ControlRig/Content/Controls/ControlRig_Circle_3mm.ubulk" 389
"../../../Engine/Plugins/Animation/ControlRig/Content/Controls/ControlRig_Circle_3mm.uasset" 390
"../../../Engine/Plugins/Animation/ControlRig/Content/Controls/ControlRig_Circle_3mm.uexp" 391
"../../../Engine/Plugins/Animation/ControlRig/Content/Controls/ControlRig_Circle_solid.ubulk" 392
"../../../Engine/Plugins/Animation/ControlRig/Content/Controls/ControlRig_Circle_solid.uasset" 393
"../../../Engine/Plugins/Animation/ControlRig/Content/Controls/ControlRig_Circle_solid.uexp" 394
"../../../Engine/Content/EditorLandscapeResources/WhiteSquareTexture.uasset" 395
"../../../Engine/Content/EditorLandscapeResources/WhiteSquareTexture.uexp" 396
"../../../Engine/Content/EditorLandscapeResources/LayerVisMaterial.uasset" 397
"../../../Engine/Content/EditorLandscapeResources/LayerVisMaterial.uexp" 398
"../../../Engine/Content/EngineMaterials/DefaultLightFunctionMaterial.uasset" 399
"../../../Engine/Content/EngineMaterials/DefaultLightFunctionMaterial.uexp" 400
"../../../Engine/Plugins/Animation/ControlRig/Content/Controls/ControlRig_Diamond_1mm.ubulk" 401
"../../../Engine/Plugins/Animation/ControlRig/Content/Controls/ControlRig_Diamond_1mm.uasset" 402
"../../../Engine/Plugins/Animation/ControlRig/Content/Controls/ControlRig_Diamond_1mm.uexp" 403
"../../../Engine/Content/Functions/Engine_MaterialFunctions03/Math/WithinRangeFloat2.uasset" 404
"../../../Engine/Content/Functions/Engine_MaterialFunctions03/Math/WithinRangeFloat2.uexp" 405
"../../../Engine/Content/EditorLandscapeResources/MaskBrushMaterial.uasset" 406
"../../../Engine/Content/EditorLandscapeResources/MaskBrushMaterial.uexp" 407
"../../../Engine/Content/EditorLandscapeResources/MaskBrushMaterial_MaskedRegion.uasset" 408
"../../../Engine/Content/EditorLandscapeResources/MaskBrushMaterial_MaskedRegion.uexp" 409
"../../../Engine/Content/EngineDamageTypes/DmgTypeBP_Environmental.uasset" 410
"../../../Engine/Content/EngineDamageTypes/DmgTypeBP_Environmental.uexp" 411
"../../../Engine/Plugins/Animation/ControlRig/Content/Controls/ControlRig_Diamond_3mm.ubulk" 412
"../../../Engine/Plugins/Animation/ControlRig/Content/Controls/ControlRig_Diamond_3mm.uasset" 413
"../../../Engine/Plugins/Animation/ControlRig/Content/Controls/ControlRig_Diamond_3mm.uexp" 414
"../../../Engine/Content/EditorLandscapeResources/SelectBrushMaterial.uasset" 415
"../../../Engine/Content/EditorLandscapeResources/SelectBrushMaterial.uexp" 416
"../../../Engine/Content/EditorLandscapeResources/SelectBrushMaterial_Selected.uasset" 417
"../../../Engine/Content/EditorLandscapeResources/SelectBrushMaterial_Selected.uexp" 418
"../../../Engine/Plugins/Animation/ControlRig/Content/Controls/ControlRig_Diamond_solid.ubulk" 419
"../../../Engine/Plugins/Animation/ControlRig/Content/Controls/ControlRig_Diamond_solid.uasset" 420
"../../../Engine/Plugins/Animation/ControlRig/Content/Controls/ControlRig_Diamond_solid.uexp" 421
"../../../Engine/Content/EngineMaterials/DefaultPostProcessMaterial.uasset" 422
"../../../Engine/Content/EngineMaterials/DefaultPostProcessMaterial.uexp" 423
"../../../Engine/Content/EditorLandscapeResources/SelectBrushMaterial_SelectedRegion.uasset" 424
"../../../Engine/Content/EditorLandscapeResources/SelectBrushMaterial_SelectedRegion.uexp" 425
"../../../Engine/Content/EngineFonts/RobotoDistanceField.uasset" 426
"../../../Engine/Content/EngineFonts/RobotoDistanceField.uexp" 427
"../../../Engine/Content/EngineMaterials/DefaultTextMaterialOpaque.uasset" 428
"../../../Engine/Content/EngineMaterials/DefaultTextMaterialOpaque.uexp" 429
"../../../Engine/Plugins/Animation/ControlRig/Content/Controls/ControlRig_HalfCircle_1mm.ubulk" 430
"../../../Engine/Plugins/Animation/ControlRig/Content/Controls/ControlRig_HalfCircle_1mm.uasset" 431
"../../../Engine/Plugins/Animation/ControlRig/Content/Controls/ControlRig_HalfCircle_1mm.uexp" 432
"../../../Engine/Plugins/Runtime/HairStrands/Content/Materials/HairCardsDefaultMaterial.uasset" 433
"../../../Engine/Plugins/Runtime/HairStrands/Content/Materials/HairCardsDefaultMaterial.uexp" 434
"../../../Engine/Content/EditorLandscapeResources/SplineEditorMeshMat.uasset" 435
"../../../Engine/Content/EditorLandscapeResources/SplineEditorMeshMat.uexp" 436
"../../../Engine/Content/EditorLandscapeResources/SplineEditorMesh.ubulk" 437
"../../../Engine/Content/EditorLandscapeResources/SplineEditorMesh.uasset" 438
"../../../Engine/Content/EditorLandscapeResources/SplineEditorMesh.uexp" 439
"../../../Engine/Plugins/Animation/ControlRig/Content/Controls/ControlRig_HalfCircle_3mm.ubulk" 440
"../../../Engine/Plugins/Animation/ControlRig/Content/Controls/ControlRig_HalfCircle_3mm.uasset" 441
"../../../Engine/Plugins/Animation/ControlRig/Content/Controls/ControlRig_HalfCircle_3mm.uexp" 442
"../../../Engine/Content/EngineMaterials/DefaultWhiteGrid.ubulk" 443
"../../../Engine/Content/EngineMaterials/DefaultWhiteGrid.uasset" 444
"../../../Engine/Content/EngineMaterials/DefaultWhiteGrid.uexp" 445
"../../../Engine/Plugins/Animation/ControlRig/Content/Controls/ControlRig_HalfCircle_solid.ubulk" 446
"../../../Engine/Plugins/Animation/ControlRig/Content/Controls/ControlRig_HalfCircle_solid.uasset" 447
"../../../Engine/Plugins/Animation/ControlRig/Content/Controls/ControlRig_HalfCircle_solid.uexp" 448
"../../../Engine/Content/Functions/Engine_MaterialFunctions02/Utility/MakeFloat2.uasset" 449
"../../../Engine/Content/Functions/Engine_MaterialFunctions02/Utility/MakeFloat2.uexp" 450
"../../../Engine/Content/EngineMaterials/HairColorMap.uasset" 451
"../../../Engine/Content/EngineMaterials/HairColorMap.uexp" 452
"../../../Engine/Content/EngineMaterials/HairDebugColor.uasset" 453
"../../../Engine/Content/EngineMaterials/HairDebugColor.uexp" 454
"../../../Engine/Plugins/Runtime/HairStrands/Content/Materials/HairGroupColors.uasset" 455
"../../../Engine/Plugins/Runtime/HairStrands/Content/Materials/HairGroupColors.uexp" 456
"../../../Engine/Plugins/Runtime/HairStrands/Content/Materials/HairDebugMaterial.uasset" 457
"../../../Engine/Plugins/Runtime/HairStrands/Content/Materials/HairDebugMaterial.uexp" 458
"../../../Engine/Plugins/Runtime/HairStrands/Content/Materials/HairDefaultMaterial.uasset" 459
"../../../Engine/Plugins/Runtime/HairStrands/Content/Materials/HairDefaultMaterial.uexp" 460
"../../../Engine/Content/EditorMaterials/Dataflow/DataflowVertexMaterial.uasset" 461
"../../../Engine/Content/EditorMaterials/Dataflow/DataflowVertexMaterial.uexp" 462
"../../../Engine/Plugins/Animation/ControlRig/Content/Controls/ControlRig_Hexagon_1mm.ubulk" 463
"../../../Engine/Plugins/Animation/ControlRig/Content/Controls/ControlRig_Hexagon_1mm.uasset" 464
"../../../Engine/Plugins/Animation/ControlRig/Content/Controls/ControlRig_Hexagon_1mm.uexp" 465
"../../../Engine/Content/EngineMeshes/Sphere.ubulk" 466
"../../../Engine/Content/EngineMeshes/Sphere.uasset" 467
"../../../Engine/Content/EngineMeshes/Sphere.uexp" 468
"../../../Engine/Plugins/Runtime/HairStrands/Content/Materials/HairMeshesDefaultMaterial.uasset" 469
"../../../Engine/Plugins/Runtime/HairStrands/Content/Materials/HairMeshesDefaultMaterial.uexp" 470
"../../../Engine/Plugins/Animation/ControlRig/Content/Controls/ControlRig_Hexagon_3mm.ubulk" 471
"../../../Engine/Plugins/Animation/ControlRig/Content/Controls/ControlRig_Hexagon_3mm.uasset" 472
"../../../Engine/Plugins/Animation/ControlRig/Content/Controls/ControlRig_Hexagon_3mm.uexp" 473
"../../../Engine/Plugins/Animation/ControlRig/Content/Controls/ControlRig_Hexagon_solid.ubulk" 474
"../../../Engine/Plugins/Animation/ControlRig/Content/Controls/ControlRig_Hexagon_solid.uasset" 475
"../../../Engine/Plugins/Animation/ControlRig/Content/Controls/ControlRig_Hexagon_solid.uexp" 476
"../../../Engine/Content/EngineDebugMaterials/DebugEditorMaterial.uasset" 477
"../../../Engine/Content/EngineDebugMaterials/DebugEditorMaterial.uexp" 478
"../../../Engine/Content/EngineDebugMaterials/DebugMeshMaterial.uasset" 479
"../../../Engine/Content/EngineDebugMaterials/DebugMeshMaterial.uexp" 480
"../../../Engine/Content/EngineMaterials/DefaultWhiteGrid_Low.uasset" 481
"../../../Engine/Content/EngineMaterials/DefaultWhiteGrid_Low.uexp" 482
"../../../Engine/Content/EngineMaterials/EmissiveMeshMaterial.uasset" 483
"../../../Engine/Content/EngineMaterials/EmissiveMeshMaterial.uexp" 484
"../../../Engine/Plugins/Animation/ControlRig/Content/Controls/ControlRig_Octagon_1mm.ubulk" 485
"../../../Engine/Plugins/Animation/ControlRig/Content/Controls/ControlRig_Octagon_1mm.uasset" 486
"../../../Engine/Plugins/Animation/ControlRig/Content/Controls/ControlRig_Octagon_1mm.uexp" 487
"../../../Engine/Content/EngineMaterials/FastBlueNoise_scalar_128x128x64.uasset" 488
"../../../Engine/Content/EngineMaterials/FastBlueNoise_scalar_128x128x64.uexp" 489
"../../../Engine/Plugins/Animation/ControlRig/Content/Controls/ControlRig_Octagon_3mm.ubulk" 490
"../../../Engine/Plugins/Animation/ControlRig/Content/Controls/ControlRig_Octagon_3mm.uasset" 491
"../../../Engine/Plugins/Animation/ControlRig/Content/Controls/ControlRig_Octagon_3mm.uexp" 492
"../../../Engine/Plugins/Animation/ControlRig/Content/Controls/ControlRig_Octagon_solid.ubulk" 493
"../../../Engine/Plugins/Animation/ControlRig/Content/Controls/ControlRig_Octagon_solid.uasset" 494
"../../../Engine/Plugins/Animation/ControlRig/Content/Controls/ControlRig_Octagon_solid.uexp" 495
"../../../Engine/Content/Functions/Engine_MaterialFunctions02/Utility/VectorLength.uasset" 496
"../../../Engine/Content/Functions/Engine_MaterialFunctions02/Utility/VectorLength.uexp" 497
"../../../Engine/Content/Functions/Engine_MaterialFunctions02/WorldPositionOffset/ObjectScale.uasset" 498
"../../../Engine/Content/Functions/Engine_MaterialFunctions02/WorldPositionOffset/ObjectScale.uexp" 499
"../../../Engine/Plugins/Editor/SpeedTreeImporter/Content/SpeedTree9/Empty.uasset" 500
"../../../Engine/Plugins/Editor/SpeedTreeImporter/Content/SpeedTree9/Empty.uexp" 501
"../../../Engine/Plugins/Editor/SpeedTreeImporter/Content/SpeedTree9/EmptyNormal.uasset" 502
"../../../Engine/Plugins/Editor/SpeedTreeImporter/Content/SpeedTree9/EmptyNormal.uexp" 503
"../../../Engine/Plugins/Editor/SpeedTreeImporter/Content/SpeedTree9/game_wind_noise.ubulk" 504
"../../../Engine/Plugins/Editor/SpeedTreeImporter/Content/SpeedTree9/game_wind_noise.uasset" 505
"../../../Engine/Plugins/Editor/SpeedTreeImporter/Content/SpeedTree9/game_wind_noise.uexp" 506
"../../../Engine/Plugins/Editor/SpeedTreeImporter/Content/SpeedTree9/SpeedTreeBillboard.uasset" 507
"../../../Engine/Plugins/Editor/SpeedTreeImporter/Content/SpeedTree9/SpeedTreeBillboard.uexp" 508
"../../../Engine/Content/Functions/Engine_MaterialFunctions02/SafeNormalize.uasset" 509
"../../../Engine/Content/Functions/Engine_MaterialFunctions02/SafeNormalize.uexp" 510
"../../../Engine/Plugins/Editor/SpeedTreeImporter/Content/SpeedTree9/SpeedTreeWindMotion.uasset" 511
"../../../Engine/Plugins/Editor/SpeedTreeImporter/Content/SpeedTree9/SpeedTreeWindMotion.uexp" 512
"../../../Engine/Plugins/Editor/SpeedTreeImporter/Content/SpeedTree9/UnpackDirection.uasset" 513
"../../../Engine/Plugins/Editor/SpeedTreeImporter/Content/SpeedTree9/UnpackDirection.uexp" 514
"../../../Engine/Plugins/Editor/SpeedTreeImporter/Content/SpeedTree9/UnpackInteger3.uasset" 515
"../../../Engine/Plugins/Editor/SpeedTreeImporter/Content/SpeedTree9/UnpackInteger3.uexp" 516
"../../../Engine/Plugins/Editor/SpeedTreeImporter/Content/SpeedTree9/SpeedTreeBranchMotion.uasset" 517
"../../../Engine/Plugins/Editor/SpeedTreeImporter/Content/SpeedTree9/SpeedTreeBranchMotion.uexp" 518
"../../../Engine/Content/Functions/Engine_MaterialFunctions02/ObjectLocalBounds.uasset" 519
"../../../Engine/Content/Functions/Engine_MaterialFunctions02/ObjectLocalBounds.uexp" 520
"../../../Engine/Content/Functions/Engine_MaterialFunctions02/UVs/BoundingBoxBased_0-1_UVW.uasset" 521
"../../../Engine/Content/Functions/Engine_MaterialFunctions02/UVs/BoundingBoxBased_0-1_UVW.uexp" 522
"../../../Engine/Plugins/Editor/SpeedTreeImporter/Content/SpeedTree9/SpeedTreeWind.uasset" 523
"../../../Engine/Plugins/Editor/SpeedTreeImporter/Content/SpeedTree9/SpeedTreeWind.uexp" 524
"../../../Engine/Plugins/Editor/SpeedTreeImporter/Content/SpeedTree9/SpeedTreeBillboardMaster.uasset" 525
"../../../Engine/Plugins/Editor/SpeedTreeImporter/Content/SpeedTree9/SpeedTreeBillboardMaster.uexp" 526
"../../../Engine/Content/EngineMaterials/FastBlueNoise_scalar_128x128x8.uasset" 527
"../../../Engine/Content/EngineMaterials/FastBlueNoise_scalar_128x128x8.uexp" 528
"../../../Engine/Plugins/Animation/ControlRig/Content/Controls/ControlRig_Pyramid_1mm.ubulk" 529
"../../../Engine/Plugins/Animation/ControlRig/Content/Controls/ControlRig_Pyramid_1mm.uasset" 530
"../../../Engine/Plugins/Animation/ControlRig/Content/Controls/ControlRig_Pyramid_1mm.uexp" 531
"../../../Engine/Content/EngineResources/Black.uasset" 532
"../../../Engine/Content/EngineResources/Black.uexp" 533
"../../../Engine/Content/EngineMaterials/FastBlueNoise_vec2_128x128x64.uasset" 534
"../../../Engine/Content/EngineMaterials/FastBlueNoise_vec2_128x128x64.uexp" 535
"../../../Engine/Plugins/Editor/SpeedTreeImporter/Content/SpeedTree9/SpeedTreeCameraFacing.uasset" 536
"../../../Engine/Plugins/Editor/SpeedTreeImporter/Content/SpeedTree9/SpeedTreeCameraFacing.uexp" 537
"../../../Engine/Plugins/Editor/SpeedTreeImporter/Content/SpeedTree9/SpeedTreeMaster.uasset" 538
"../../../Engine/Plugins/Editor/SpeedTreeImporter/Content/SpeedTree9/SpeedTreeMaster.uexp" 539
"../../../Engine/Plugins/Animation/ControlRig/Content/Controls/ControlRig_Pyramid_3mm.ubulk" 540
"../../../Engine/Plugins/Animation/ControlRig/Content/Controls/ControlRig_Pyramid_3mm.uasset" 541
"../../../Engine/Plugins/Animation/ControlRig/Content/Controls/ControlRig_Pyramid_3mm.uexp" 542
"../../../Engine/Content/EngineMaterials/BaseFlattenDiffuseMap.uasset" 543
"../../../Engine/Content/EngineMaterials/BaseFlattenDiffuseMap.uexp" 544
"../../../Engine/Content/EngineMaterials/BaseFlattenEmissiveMap.uasset" 545
"../../../Engine/Content/EngineMaterials/BaseFlattenEmissiveMap.uexp" 546
"../../../Engine/Content/EngineMaterials/BaseFlattenGrayscaleMap.uasset" 547
"../../../Engine/Content/EngineMaterials/BaseFlattenGrayscaleMap.uexp" 548
"../../../Engine/Content/EngineMaterials/BaseFlattenLinearColor.uasset" 549
"../../../Engine/Content/EngineMaterials/BaseFlattenLinearColor.uexp" 550
"../../../Engine/Content/EngineMaterials/BaseFlattenNormalMap.uasset" 551
"../../../Engine/Content/EngineMaterials/BaseFlattenNormalMap.uexp" 552
"../../../Engine/Content/Functions/Engine_MaterialFunctions02/PivotPainter2/Black_1x1_EXR_Texture.uasset" 553
"../../../Engine/Content/Functions/Engine_MaterialFunctions02/PivotPainter2/Black_1x1_EXR_Texture.uexp" 554
"../../../Engine/Content/EngineMaterials/FlattenMaterial.uasset" 555
"../../../Engine/Content/EngineMaterials/FlattenMaterial.uexp" 556
"../../../Engine/Plugins/Runtime/AudioWidgets/Content/Resources/ScrubHandleDown_Clamped.uasset" 557
"../../../Engine/Plugins/Runtime/AudioWidgets/Content/Resources/ScrubHandleDown_Clamped.uexp" 558
"../../../Engine/Plugins/Animation/ControlRig/Content/Controls/ControlRig_Pyramid_solid.ubulk" 559
"../../../Engine/Plugins/Animation/ControlRig/Content/Controls/ControlRig_Pyramid_solid.uasset" 560
"../../../Engine/Plugins/Animation/ControlRig/Content/Controls/ControlRig_Pyramid_solid.uexp" 561
"../../../Engine/Content/EngineMaterials/BaseFlattenDiffuseMap_VT.ubulk" 562
"../../../Engine/Content/EngineMaterials/BaseFlattenDiffuseMap_VT.uasset" 563
"../../../Engine/Content/EngineMaterials/BaseFlattenDiffuseMap_VT.uexp" 564
"../../../Engine/Content/EngineMaterials/BaseFlattenEmissiveMap_VT.ubulk" 565
"../../../Engine/Content/EngineMaterials/BaseFlattenEmissiveMap_VT.uasset" 566
"../../../Engine/Content/EngineMaterials/BaseFlattenEmissiveMap_VT.uexp" 567
"../../../Engine/Content/EngineMaterials/BaseFlattenGrayscaleMap_VT.ubulk" 568
"../../../Engine/Content/EngineMaterials/BaseFlattenGrayscaleMap_VT.uasset" 569
"../../../Engine/Content/EngineMaterials/BaseFlattenGrayscaleMap_VT.uexp" 570
"../../../Engine/Content/EngineMaterials/BaseFlattenLinearColor_VT.ubulk" 571
"../../../Engine/Content/EngineMaterials/BaseFlattenLinearColor_VT.uasset" 572
"../../../Engine/Content/EngineMaterials/BaseFlattenLinearColor_VT.uexp" 573
"../../../Engine/Content/EngineMaterials/BaseFlattenNormalMap_VT.ubulk" 574
"../../../Engine/Content/EngineMaterials/BaseFlattenNormalMap_VT.uasset" 575
"../../../Engine/Content/EngineMaterials/BaseFlattenNormalMap_VT.uexp" 576
"../../../Engine/Content/EngineMaterials/Black_1x1_EXR_Texture_VT.ubulk" 577
"../../../Engine/Content/EngineMaterials/Black_1x1_EXR_Texture_VT.uasset" 578
"../../../Engine/Content/EngineMaterials/Black_1x1_EXR_Texture_VT.uexp" 579
"../../../Engine/Content/EngineMaterials/FlattenMaterial_VT.uasset" 580
"../../../Engine/Content/EngineMaterials/FlattenMaterial_VT.uexp" 581
"../../../Engine/Plugins/Interchange/Assets/Content/Functions/MX_AbsorptionVDF.uasset" 582
"../../../Engine/Plugins/Interchange/Assets/Content/Functions/MX_AbsorptionVDF.uexp" 583
"../../../Engine/Plugins/Animation/ControlRig/Content/Controls/ControlRig_QuarterCircle_1mm.ubulk" 584
"../../../Engine/Plugins/Animation/ControlRig/Content/Controls/ControlRig_QuarterCircle_1mm.uasset" 585
"../../../Engine/Plugins/Animation/ControlRig/Content/Controls/ControlRig_QuarterCircle_1mm.uexp" 586
"../../../Engine/Content/EngineMaterials/FlattenMaterial_WS_Normal_VT.uasset" 587
"../../../Engine/Content/EngineMaterials/FlattenMaterial_WS_Normal_VT.uexp" 588
"../../../Engine/Plugins/Animation/ControlRig/Content/Controls/ControlRig_QuarterCircle_3mm.ubulk" 589
"../../../Engine/Plugins/Animation/ControlRig/Content/Controls/ControlRig_QuarterCircle_3mm.uasset" 590
"../../../Engine/Plugins/Animation/ControlRig/Content/Controls/ControlRig_QuarterCircle_3mm.uexp" 591
"../../../Engine/Content/EngineResources/DefaultTextureCube.uasset" 592
"../../../Engine/Content/EngineResources/DefaultTextureCube.uexp" 593
"../../../Engine/Content/EngineMaterials/GizmoMaterial.uasset" 594
"../../../Engine/Content/EngineMaterials/GizmoMaterial.uexp" 595
"../../../Engine/Plugins/Animation/ControlRig/Content/Controls/ControlRig_QuarterCircle_solid.ubulk" 596
"../../../Engine/Plugins/Animation/ControlRig/Content/Controls/ControlRig_QuarterCircle_solid.uasset" 597
"../../../Engine/Plugins/Animation/ControlRig/Content/Controls/ControlRig_QuarterCircle_solid.uexp" 598
"../../../Engine/Plugins/Interchange/Assets/Content/Functions/MX_AnisotropicVDF.uasset" 599
"../../../Engine/Plugins/Interchange/Assets/Content/Functions/MX_AnisotropicVDF.uexp" 600
"../../../Engine/Content/EngineResources/DefaultVolumeTexture2D.uasset" 601
"../../../Engine/Content/EngineResources/DefaultVolumeTexture2D.uexp" 602
"../../../Engine/Content/EngineResources/DefaultVolumeTexture.uasset" 603
"../../../Engine/Content/EngineResources/DefaultVolumeTexture.uexp" 604
"../../../Engine/Plugins/Animation/ControlRig/Content/Controls/ControlRig_RoundedSquare_1mm.ubulk" 605
"../../../Engine/Plugins/Animation/ControlRig/Content/Controls/ControlRig_RoundedSquare_1mm.uasset" 606
"../../../Engine/Plugins/Animation/ControlRig/Content/Controls/ControlRig_RoundedSquare_1mm.uexp" 607
"../../../Engine/Plugins/Interchange/Assets/Content/Functions/MX_BurleyDiffuseBSDF.uasset" 608
"../../../Engine/Plugins/Interchange/Assets/Content/Functions/MX_BurleyDiffuseBSDF.uexp" 609
"../../../Engine/Content/EngineDebugMaterials/M_SimpleUnlitTranslucent.uasset" 610
"../../../Engine/Content/EngineDebugMaterials/M_SimpleUnlitTranslucent.uexp" 611
"../../../Engine/Content/Functions/Engine_MaterialFunctions02/Utility/CameraDirectionVector.uasset" 612
"../../../Engine/Content/Functions/Engine_MaterialFunctions02/Utility/CameraDirectionVector.uexp" 613
"../../../Engine/Content/EngineDebugMaterials/VolumeToRender.uasset" 614
"../../../Engine/Content/EngineDebugMaterials/VolumeToRender.uexp" 615
"../../../Engine/Content/EngineDebugMaterials/M_VolumeRenderSphereTracePP.uasset" 616
"../../../Engine/Content/EngineDebugMaterials/M_VolumeRenderSphereTracePP.uexp" 617
"../../../Engine/Plugins/Animation/ControlRig/Content/Controls/ControlRig_RoundedSquare_3mm.ubulk" 618
"../../../Engine/Plugins/Animation/ControlRig/Content/Controls/ControlRig_RoundedSquare_3mm.uasset" 619
"../../../Engine/Plugins/Animation/ControlRig/Content/Controls/ControlRig_RoundedSquare_3mm.uexp" 620
"../../../Engine/Content/EngineMaterials/LTC/Sheen_LTC.uasset" 621
"../../../Engine/Content/EngineMaterials/LTC/Sheen_LTC.uexp" 622
"../../../Engine/Content/EngineResources/GradientTexture0.uasset" 623
"../../../Engine/Content/EngineResources/GradientTexture0.uexp" 624
"../../../Engine/Plugins/Interchange/Assets/Content/Functions/MX_ChiangHairBSDF.uasset" 625
"../../../Engine/Plugins/Interchange/Assets/Content/Functions/MX_ChiangHairBSDF.uexp" 626
"../../../Engine/Plugins/Animation/ControlRig/Content/Controls/ControlRig_RoundedSquare_solid.ubulk" 627
"../../../Engine/Plugins/Animation/ControlRig/Content/Controls/ControlRig_RoundedSquare_solid.uasset" 628
"../../../Engine/Plugins/Animation/ControlRig/Content/Controls/ControlRig_RoundedSquare_solid.uexp" 629
"../../../Engine/Plugins/Animation/ControlRig/Content/Controls/ControlRig_RoundedTriangle_1mm.ubulk" 630
"../../../Engine/Plugins/Animation/ControlRig/Content/Controls/ControlRig_RoundedTriangle_1mm.uasset" 631
"../../../Engine/Plugins/Animation/ControlRig/Content/Controls/ControlRig_RoundedTriangle_1mm.uexp" 632
"../../../Engine/Plugins/Animation/ControlRig/Content/Controls/ControlRig_RoundedTriangle_3mm.ubulk" 633
"../../../Engine/Plugins/Animation/ControlRig/Content/Controls/ControlRig_RoundedTriangle_3mm.uasset" 634
"../../../Engine/Plugins/Animation/ControlRig/Content/Controls/ControlRig_RoundedTriangle_3mm.uexp" 635
"../../../Engine/Plugins/Animation/ControlRig/Content/Controls/ControlRig_RoundedTriangle_solid.ubulk" 636
"../../../Engine/Plugins/Animation/ControlRig/Content/Controls/ControlRig_RoundedTriangle_solid.uasset" 637
"../../../Engine/Plugins/Animation/ControlRig/Content/Controls/ControlRig_RoundedTriangle_solid.uexp" 638
"../../../Engine/Plugins/Interchange/Assets/Content/Functions/MX_ConductorBSDF.uasset" 639
"../../../Engine/Plugins/Interchange/Assets/Content/Functions/MX_ConductorBSDF.uexp" 640
"../../../Engine/Plugins/Interchange/Assets/Content/Functions/MX_ConicalEDF.uasset" 641
"../../../Engine/Plugins/Interchange/Assets/Content/Functions/MX_ConicalEDF.uexp" 642
"../../../Engine/Plugins/Animation/ControlRig/Content/Controls/ControlRig_Sphere_1mm.ubulk" 643
"../../../Engine/Plugins/Animation/ControlRig/Content/Controls/ControlRig_Sphere_1mm.uasset" 644
"../../../Engine/Plugins/Animation/ControlRig/Content/Controls/ControlRig_Sphere_1mm.uexp" 645
"../../../Engine/Content/EditorResources/SequenceRecorder/Countdown.uasset" 646
"../../../Engine/Content/EditorResources/SequenceRecorder/Countdown.uexp" 647
"../../../Engine/Content/VREditor/TransformGizmo/BoundingBoxCorner.ubulk" 648
"../../../Engine/Content/VREditor/TransformGizmo/BoundingBoxCorner.uasset" 649
"../../../Engine/Content/VREditor/TransformGizmo/BoundingBoxCorner.uexp" 650
"../../../Engine/Content/EditorResources/SequenceRecorder/RecordingIndicator.uasset" 651
"../../../Engine/Content/EditorResources/SequenceRecorder/RecordingIndicator.uexp" 652
"../../../Engine/Plugins/Experimental/MeshModelingToolsetExp/Content/Materials/GetDisplacementVectorForDepthBias.uasset" 653
"../../../Engine/Plugins/Experimental/MeshModelingToolsetExp/Content/Materials/GetDisplacementVectorForDepthBias.uexp" 654
"../../../Engine/Content/Functions/Engine_MaterialFunctions03/Viewport/MF_OrthoWidth.uasset" 655
"../../../Engine/Content/Functions/Engine_MaterialFunctions03/Viewport/MF_OrthoWidth.uexp" 656
"../../../Engine/Content/Functions/Engine_MaterialFunctions02/Utility/FOV.uasset" 657
"../../../Engine/Content/Functions/Engine_MaterialFunctions02/Utility/FOV.uexp" 658
"../../../Engine/Content/Functions/Engine_MaterialFunctions02/WorldPositionOffset/V2/ObjectScale.uasset" 659
"../../../Engine/Content/Functions/Engine_MaterialFunctions02/WorldPositionOffset/V2/ObjectScale.uexp" 660
"../../../Engine/Plugins/Experimental/MeshModelingToolsetExp/Content/Materials/PointSetOverlaidComponentMaterial.uasset" 661
"../../../Engine/Plugins/Experimental/MeshModelingToolsetExp/Content/Materials/PointSetOverlaidComponentMaterial.uexp" 662
"../../../Engine/Plugins/Interchange/Assets/Content/Functions/MX_DielectricBSDF.uasset" 663
"../../../Engine/Plugins/Interchange/Assets/Content/Functions/MX_DielectricBSDF.uexp" 664
"../../../Engine/Plugins/Animation/ControlRig/Content/Controls/ControlRig_Sphere_3mm.ubulk" 665
"../../../Engine/Plugins/Animation/ControlRig/Content/Controls/ControlRig_Sphere_3mm.uasset" 666
"../../../Engine/Plugins/Animation/ControlRig/Content/Controls/ControlRig_Sphere_3mm.uexp" 667
"../../../Engine/Content/EngineResources/Development/ZenLogo_64.uasset" 668
"../../../Engine/Content/EngineResources/Development/ZenLogo_64.uexp" 669
"../../../Engine/Content/Functions/Engine_MaterialFunctions02/Utility/BlendAngleCorrectedNormals.uasset" 670
"../../../Engine/Content/Functions/Engine_MaterialFunctions02/Utility/BlendAngleCorrectedNormals.uexp" 671
"../../../Engine/Plugins/Interchange/Assets/Content/Functions/MX_Displacement.uasset" 672
"../../../Engine/Plugins/Interchange/Assets/Content/Functions/MX_Displacement.uexp" 673
"../../../Engine/Plugins/Interchange/Assets/Content/Functions/MX_GeneralizedSchlickBSDF.uasset" 674
"../../../Engine/Plugins/Interchange/Assets/Content/Functions/MX_GeneralizedSchlickBSDF.uexp" 675
"../../../Engine/Content/VREditor/TransformGizmo/BoundingBoxEdge.ubulk" 676
"../../../Engine/Content/VREditor/TransformGizmo/BoundingBoxEdge.uasset" 677
"../../../Engine/Content/VREditor/TransformGizmo/BoundingBoxEdge.uexp" 678
"../../../Engine/Plugins/Animation/ControlRig/Content/Controls/ControlRig_Sphere_solid.ubulk" 679
"../../../Engine/Plugins/Animation/ControlRig/Content/Controls/ControlRig_Sphere_solid.uasset" 680
"../../../Engine/Plugins/Animation/ControlRig/Content/Controls/ControlRig_Sphere_solid.uexp" 681
"../../../Engine/Content/EngineResources/FilmGrains/Marcie_Grain_v3_128_M2_000.uasset" 682
"../../../Engine/Content/EngineResources/FilmGrains/Marcie_Grain_v3_128_M2_000.uexp" 683
"../../../Engine/Plugins/Animation/ControlRig/Content/Controls/ControlRig_Square_1mm.ubulk" 684
"../../../Engine/Plugins/Animation/ControlRig/Content/Controls/ControlRig_Square_1mm.uasset" 685
"../../../Engine/Plugins/Animation/ControlRig/Content/Controls/ControlRig_Square_1mm.uexp" 686
"../../../Engine/Plugins/Interchange/Assets/Content/Functions/MX_MeasuredEDF.uasset" 687
"../../../Engine/Plugins/Interchange/Assets/Content/Functions/MX_MeasuredEDF.uexp" 688
"../../../Engine/Plugins/Animation/ControlRig/Content/Controls/ControlRig_Square_3mm.ubulk" 689
"../../../Engine/Plugins/Animation/ControlRig/Content/Controls/ControlRig_Square_3mm.uasset" 690
"../../../Engine/Plugins/Animation/ControlRig/Content/Controls/ControlRig_Square_3mm.uexp" 691
"../../../Engine/Plugins/Interchange/Assets/Content/Functions/MF_IridescenceNoLUT.uasset" 692
"../../../Engine/Plugins/Interchange/Assets/Content/Functions/MF_IridescenceNoLUT.uexp" 693
"../../../Engine/Plugins/Interchange/Assets/Content/Functions/MX_StandardSurface.uasset" 694
"../../../Engine/Plugins/Interchange/Assets/Content/Functions/MX_StandardSurface.uexp" 695
"../../../Engine/Plugins/Interchange/Assets/Content/Functions/MX_OpenPBR_Opaque.uasset" 696
"../../../Engine/Plugins/Interchange/Assets/Content/Functions/MX_OpenPBR_Opaque.uexp" 697
"../../../Engine/Plugins/Interchange/Assets/Content/Functions/MX_TransmissionSurface.uasset" 698
"../../../Engine/Plugins/Interchange/Assets/Content/Functions/MX_TransmissionSurface.uexp" 699
"../../../Engine/Plugins/Interchange/Assets/Content/Functions/MX_OpenPBR_Translucent.uasset" 700
"../../../Engine/Plugins/Interchange/Assets/Content/Functions/MX_OpenPBR_Translucent.uexp" 701
"../../../Engine/Plugins/Interchange/Assets/Content/Functions/MX_OrenNayarBSDF.uasset" 702
"../../../Engine/Plugins/Interchange/Assets/Content/Functions/MX_OrenNayarBSDF.uexp" 703
"../../../Engine/Plugins/Animation/ControlRig/Content/Controls/ControlRig_Square_solid.ubulk" 704
"../../../Engine/Plugins/Animation/ControlRig/Content/Controls/ControlRig_Square_solid.uasset" 705
"../../../Engine/Plugins/Animation/ControlRig/Content/Controls/ControlRig_Square_solid.uexp" 706
"../../../Engine/Plugins/Interchange/Assets/Content/Substrate/MX_SimpleVolume.uasset" 707
"../../../Engine/Plugins/Interchange/Assets/Content/Substrate/MX_SimpleVolume.uexp" 708
"../../../Engine/Plugins/Animation/ControlRig/Content/Controls/ControlRig_Star4_1mm.ubulk" 709
"../../../Engine/Plugins/Animation/ControlRig/Content/Controls/ControlRig_Star4_1mm.uasset" 710
"../../../Engine/Plugins/Animation/ControlRig/Content/Controls/ControlRig_Star4_1mm.uexp" 711
"../../../Engine/Plugins/Animation/ControlRig/Content/Controls/ControlRig_Star4_3mm.ubulk" 712
"../../../Engine/Plugins/Animation/ControlRig/Content/Controls/ControlRig_Star4_3mm.uasset" 713
"../../../Engine/Plugins/Animation/ControlRig/Content/Controls/ControlRig_Star4_3mm.uexp" 714
"../../../Engine/Content/EditorMaterials/ParticleSystems/PSysThumbnail_NoImage.ubulk" 715
"../../../Engine/Content/EditorMaterials/ParticleSystems/PSysThumbnail_NoImage.uasset" 716
"../../../Engine/Content/EditorMaterials/ParticleSystems/PSysThumbnail_NoImage.uexp" 717
"../../../Engine/Plugins/Animation/ControlRig/Content/Controls/ControlRig_Star4_solid.ubulk" 718
"../../../Engine/Plugins/Animation/ControlRig/Content/Controls/ControlRig_Star4_solid.uasset" 719
"../../../Engine/Plugins/Animation/ControlRig/Content/Controls/ControlRig_Star4_solid.uexp" 720
"../../../Engine/Content/EditorMaterials/ParticleSystems/PSysThumbnail_OOD.ubulk" 721
"../../../Engine/Content/EditorMaterials/ParticleSystems/PSysThumbnail_OOD.uasset" 722
"../../../Engine/Content/EditorMaterials/ParticleSystems/PSysThumbnail_OOD.uexp" 723
"../../../Engine/Plugins/Animation/ControlRig/Content/Controls/ControlRig_Triangle_1mm.ubulk" 724
"../../../Engine/Plugins/Animation/ControlRig/Content/Controls/ControlRig_Triangle_1mm.uasset" 725
"../../../Engine/Plugins/Animation/ControlRig/Content/Controls/ControlRig_Triangle_1mm.uexp" 726
"../../../Engine/Plugins/Interchange/Assets/Content/Functions/MX_SheenBSDF.uasset" 727
"../../../Engine/Plugins/Interchange/Assets/Content/Functions/MX_SheenBSDF.uexp" 728
"../../../Engine/Plugins/Interchange/Assets/Content/Functions/MX_SubsurfaceBSDF.uasset" 729
"../../../Engine/Plugins/Interchange/Assets/Content/Functions/MX_SubsurfaceBSDF.uexp" 730
"../../../Engine/Plugins/Animation/ControlRig/Content/Controls/ControlRig_Triangle_3mm.ubulk" 731
"../../../Engine/Plugins/Animation/ControlRig/Content/Controls/ControlRig_Triangle_3mm.uasset" 732
"../../../Engine/Plugins/Animation/ControlRig/Content/Controls/ControlRig_Triangle_3mm.uexp" 733
"../../../Engine/Plugins/Animation/ControlRig/Content/Controls/ControlRig_Triangle_solid.ubulk" 734
"../../../Engine/Plugins/Animation/ControlRig/Content/Controls/ControlRig_Triangle_solid.uasset" 735
"../../../Engine/Plugins/Animation/ControlRig/Content/Controls/ControlRig_Triangle_solid.uexp" 736
"../../../Engine/Plugins/Animation/ControlRig/Content/Controls/ControlRig_Wedge_1mm.ubulk" 737
"../../../Engine/Plugins/Animation/ControlRig/Content/Controls/ControlRig_Wedge_1mm.uasset" 738
"../../../Engine/Plugins/Animation/ControlRig/Content/Controls/ControlRig_Wedge_1mm.uexp" 739
"../../../Engine/Plugins/Animation/ControlRig/Content/Controls/ControlRig_Wedge_3mm.ubulk" 740
"../../../Engine/Plugins/Animation/ControlRig/Content/Controls/ControlRig_Wedge_3mm.uasset" 741
"../../../Engine/Plugins/Animation/ControlRig/Content/Controls/ControlRig_Wedge_3mm.uexp" 742
"../../../Engine/Plugins/Animation/ControlRig/Content/Controls/ControlRig_Wedge_solid.ubulk" 743
"../../../Engine/Plugins/Animation/ControlRig/Content/Controls/ControlRig_Wedge_solid.uasset" 744
"../../../Engine/Plugins/Animation/ControlRig/Content/Controls/ControlRig_Wedge_solid.uexp" 745
"../../../Engine/Content/EngineMaterials/EnergyConservation/Diffuse_Energy.uasset" 746
"../../../Engine/Content/EngineMaterials/EnergyConservation/Diffuse_Energy.uexp" 747
"../../../Engine/Content/EngineMaterials/EnergyConservation/GGX_ReflectionEnergy.uasset" 748
"../../../Engine/Content/EngineMaterials/EnergyConservation/GGX_ReflectionEnergy.uexp" 749
"../../../Engine/Content/EditorMaterials/Camera/CineMat.uasset" 750
"../../../Engine/Content/EditorMaterials/Camera/CineMat.uexp" 751
"../../../Engine/Content/EditorMaterials/Camera/MI_CineMat_Rig.uasset" 752
"../../../Engine/Content/EditorMaterials/Camera/MI_CineMat_Rig.uexp" 753
"../../../Engine/Content/EditorMeshes/Camera/SM_CraneRig_Arm.ubulk" 754
"../../../Engine/Content/EditorMeshes/Camera/SM_CraneRig_Arm.uasset" 755
"../../../Engine/Content/EditorMeshes/Camera/SM_CraneRig_Arm.uexp" 756
"../../../Engine/Content/EditorMeshes/Camera/SM_CraneRig_Base.ubulk" 757
"../../../Engine/Content/EditorMeshes/Camera/SM_CraneRig_Base.uasset" 758
"../../../Engine/Content/EditorMeshes/Camera/SM_CraneRig_Base.uexp" 759
"../../../Engine/Content/EngineMaterials/EnergyConservation/GGX_TransmissionEnergyArray.uasset" 760
"../../../Engine/Content/EngineMaterials/EnergyConservation/GGX_TransmissionEnergyArray.uexp" 761
"../../../Engine/Content/EngineMaterials/EnergyConservation/SheenLegacy_Energy.uasset" 762
"../../../Engine/Content/EngineMaterials/EnergyConservation/SheenLegacy_Energy.uexp" 763
"../../../Engine/Content/EditorMeshes/Camera/SM_CraneRig_Body.ubulk" 764
"../../../Engine/Content/EditorMeshes/Camera/SM_CraneRig_Body.uasset" 765
"../../../Engine/Content/EditorMeshes/Camera/SM_CraneRig_Body.uexp" 766
"../../../Engine/Content/EngineMaterials/EnergyConservation/Sheen_Energy.uasset" 767
"../../../Engine/Content/EngineMaterials/EnergyConservation/Sheen_Energy.uexp" 768
"../../../Engine/Content/EngineMaterials/LTC/GGX_LTCAmp.uasset" 769
"../../../Engine/Content/EngineMaterials/LTC/GGX_LTCAmp.uexp" 770
"../../../Engine/Content/EditorMeshes/Camera/SM_CraneRig_Mount.ubulk" 771
"../../../Engine/Content/EditorMeshes/Camera/SM_CraneRig_Mount.uasset" 772
"../../../Engine/Content/EditorMeshes/Camera/SM_CraneRig_Mount.uexp" 773
"../../../Engine/Content/EngineMaterials/LTC/GGX_LTCMat.uasset" 774
"../../../Engine/Content/EngineMaterials/LTC/GGX_LTCMat.uexp" 775
"../../../Engine/Content/EditorMeshes/Camera/SM_RailRig_Mount.ubulk" 776
"../../../Engine/Content/EditorMeshes/Camera/SM_RailRig_Mount.uasset" 777
"../../../Engine/Content/EditorMeshes/Camera/SM_RailRig_Mount.uexp" 778
"../../../Engine/Content/EditorMeshes/Camera/SM_RailRig_Track.ubulk" 779
"../../../Engine/Content/EditorMeshes/Camera/SM_RailRig_Track.uasset" 780
"../../../Engine/Content/EditorMeshes/Camera/SM_RailRig_Track.uexp" 781
"../../../Engine/Content/EditorMaterials/Dataflow/DataflowTwoSidedVertexMaterial.uasset" 782
"../../../Engine/Content/EditorMaterials/Dataflow/DataflowTwoSidedVertexMaterial.uexp" 783
"../../../Engine/Content/EngineMaterials/Good64x64TilingNoiseHighFreq.uasset" 784
"../../../Engine/Content/EngineMaterials/Good64x64TilingNoiseHighFreq.uexp" 785
"../../../Engine/Content/Functions/Engine_MaterialFunctions02/Texturing/ScreenAlignedPixelToPixelUVs.uasset" 786
"../../../Engine/Content/Functions/Engine_MaterialFunctions02/Texturing/ScreenAlignedPixelToPixelUVs.uexp" 787
"../../../Engine/Plugins/Interchange/Assets/Content/Utilities/New_LUT.uasset" 788
"../../../Engine/Plugins/Interchange/Assets/Content/Utilities/New_LUT.uexp" 789
"../../../Engine/Content/Functions/Engine_MaterialFunctions03/Math/RemapValueRange.uasset" 790
"../../../Engine/Content/Functions/Engine_MaterialFunctions03/Math/RemapValueRange.uexp" 791
"../../../Engine/Plugins/Interchange/Assets/Content/Functions/MF_Iridescence.uasset" 792
"../../../Engine/Plugins/Interchange/Assets/Content/Functions/MF_Iridescence.uexp" 793
"../../../Engine/Plugins/Interchange/Assets/Content/gltf/MaterialFunctions/MF_Fresnel_DS.uasset" 794
"../../../Engine/Plugins/Interchange/Assets/Content/gltf/MaterialFunctions/MF_Fresnel_DS.uexp" 795
"../../../Engine/Plugins/Interchange/Assets/Content/gltf/MaterialFunctions/MF_Temporal_Blur.uasset" 796
"../../../Engine/Plugins/Interchange/Assets/Content/gltf/MaterialFunctions/MF_Temporal_Blur.uexp" 797
"../../../Engine/Plugins/Interchange/Assets/Content/gltf/Textures/T_White_srgb.uasset" 798
"../../../Engine/Plugins/Interchange/Assets/Content/gltf/Textures/T_White_srgb.uexp" 799
"../../../Engine/Plugins/Interchange/Assets/Content/gltf/MaterialFunctions/MF_BaseColor.uasset" 800
"../../../Engine/Plugins/Interchange/Assets/Content/gltf/MaterialFunctions/MF_BaseColor.uexp" 801
"../../../Engine/Plugins/Interchange/Assets/Content/gltf/MaterialFunctions/MF_IOR.uasset" 802
"../../../Engine/Plugins/Interchange/Assets/Content/gltf/MaterialFunctions/MF_IOR.uexp" 803
"../../../Engine/Plugins/Interchange/Assets/Content/gltf/MaterialFunctions/MF_Iridescence.uasset" 804
"../../../Engine/Plugins/Interchange/Assets/Content/gltf/MaterialFunctions/MF_Iridescence.uexp" 805
"../../../Engine/Plugins/Interchange/Assets/Content/gltf/Textures/T_White_Linear.uasset" 806
"../../../Engine/Plugins/Interchange/Assets/Content/gltf/Textures/T_White_Linear.uexp" 807
"../../../Engine/Plugins/Interchange/Assets/Content/gltf/MaterialFunctions/MF_MetallicRoughness.uasset" 808
"../../../Engine/Plugins/Interchange/Assets/Content/gltf/MaterialFunctions/MF_MetallicRoughness.uexp" 809
"../../../Engine/Plugins/Interchange/Assets/Content/gltf/MaterialFunctions/MF_RotateNormals_TS.uasset" 810
"../../../Engine/Plugins/Interchange/Assets/Content/gltf/MaterialFunctions/MF_RotateNormals_TS.uexp" 811
"../../../Engine/Plugins/Interchange/Assets/Content/gltf/MaterialFunctions/MF_ScaleNormal.uasset" 812
"../../../Engine/Plugins/Interchange/Assets/Content/gltf/MaterialFunctions/MF_ScaleNormal.uexp" 813
"../../../Engine/Plugins/Interchange/Assets/Content/gltf/Textures/T_Generic_N.uasset" 814
"../../../Engine/Plugins/Interchange/Assets/Content/gltf/Textures/T_Generic_N.uexp" 815
"../../../Engine/Plugins/Interchange/Assets/Content/gltf/MaterialFunctions/MF_Normals.uasset" 816
"../../../Engine/Plugins/Interchange/Assets/Content/gltf/MaterialFunctions/MF_Normals.uexp" 817
"../../../Engine/Plugins/Interchange/Assets/Content/gltf/MaterialFunctions/MF_Occlusion.uasset" 818
"../../../Engine/Plugins/Interchange/Assets/Content/gltf/MaterialFunctions/MF_Occlusion.uexp" 819
"../../../Engine/Plugins/Interchange/Assets/Content/gltf/MaterialFunctions/MF_RotateV2.uasset" 820
"../../../Engine/Plugins/Interchange/Assets/Content/gltf/MaterialFunctions/MF_RotateV2.uexp" 821
"../../../Engine/Plugins/Interchange/Assets/Content/gltf/MaterialFunctions/MF_Specular.uasset" 822
"../../../Engine/Plugins/Interchange/Assets/Content/gltf/MaterialFunctions/MF_Specular.uexp" 823
"../../../Engine/Plugins/Interchange/Assets/Content/gltf/Textures/T_Anisotropy_Direction_Linear.uasset" 824
"../../../Engine/Plugins/Interchange/Assets/Content/gltf/Textures/T_Anisotropy_Direction_Linear.uexp" 825
"../../../Engine/Plugins/Interchange/Assets/Content/gltf/MaterialFunctions/MF_SpecularAnisotropy.uasset" 826
"../../../Engine/Plugins/Interchange/Assets/Content/gltf/MaterialFunctions/MF_SpecularAnisotropy.uexp" 827
"../../../Engine/Plugins/Interchange/Assets/Content/gltf/MaterialFunctions/MF_TransformUVs.uasset" 828
"../../../Engine/Plugins/Interchange/Assets/Content/gltf/MaterialFunctions/MF_TransformUVs.uexp" 829
"../../../Engine/Plugins/Interchange/Assets/Content/gltf/MaterialFunctions/MF_Transmission.uasset" 830
"../../../Engine/Plugins/Interchange/Assets/Content/gltf/MaterialFunctions/MF_Transmission.uexp" 831
"../../../Engine/Plugins/Interchange/Assets/Content/gltf/MaterialBodies/MF_Transmission_Body.uasset" 832
"../../../Engine/Plugins/Interchange/Assets/Content/gltf/MaterialBodies/MF_Transmission_Body.uexp" 833
"../../../Engine/Plugins/Interchange/Assets/Content/gltf/M_Transmission.uasset" 834
"../../../Engine/Plugins/Interchange/Assets/Content/gltf/M_Transmission.uexp" 835
"../../../Engine/Plugins/Interchange/Assets/Content/gltf/MaterialInstances/MI_Transmission_DS.uasset" 836
"../../../Engine/Plugins/Interchange/Assets/Content/gltf/MaterialInstances/MI_Transmission_DS.uexp" 837
"../../../Engine/Plugins/Interchange/Assets/Content/gltf/MaterialBodies/MF_Unlit_Body.uasset" 838
"../../../Engine/Plugins/Interchange/Assets/Content/gltf/MaterialBodies/MF_Unlit_Body.uexp" 839
"../../../Engine/Plugins/Interchange/Assets/Content/gltf/M_Unlit.uasset" 840
"../../../Engine/Plugins/Interchange/Assets/Content/gltf/M_Unlit.uexp" 841
"../../../Engine/Plugins/Interchange/Assets/Content/gltf/MaterialInstances/MI_Unlit_Blend.uasset" 842
"../../../Engine/Plugins/Interchange/Assets/Content/gltf/MaterialInstances/MI_Unlit_Blend.uexp" 843
"../../../Engine/Plugins/Interchange/Assets/Content/gltf/MaterialInstances/MI_Unlit_Blend_DS.uasset" 844
"../../../Engine/Plugins/Interchange/Assets/Content/gltf/MaterialInstances/MI_Unlit_Blend_DS.uexp" 845
"../../../Engine/Plugins/Interchange/Assets/Content/gltf/MaterialInstances/MI_Unlit_Mask.uasset" 846
"../../../Engine/Plugins/Interchange/Assets/Content/gltf/MaterialInstances/MI_Unlit_Mask.uexp" 847
"../../../Engine/Plugins/Interchange/Assets/Content/gltf/MaterialInstances/MI_Unlit_Mask_DS.uasset" 848
"../../../Engine/Plugins/Interchange/Assets/Content/gltf/MaterialInstances/MI_Unlit_Mask_DS.uexp" 849
"../../../Engine/Plugins/Interchange/Assets/Content/gltf/MaterialInstances/MI_Unlit_Opaque.uasset" 850
"../../../Engine/Plugins/Interchange/Assets/Content/gltf/MaterialInstances/MI_Unlit_Opaque.uexp" 851
"../../../Engine/Plugins/Interchange/Assets/Content/gltf/MaterialInstances/MI_Unlit_Opaque_DS.uasset" 852
"../../../Engine/Plugins/Interchange/Assets/Content/gltf/MaterialInstances/MI_Unlit_Opaque_DS.uexp" 853
"../../../Engine/Content/Functions/Engine_MaterialFunctions01/Texturing/FlattenNormal.uasset" 854
"../../../Engine/Content/Functions/Engine_MaterialFunctions01/Texturing/FlattenNormal.uexp" 855
"../../../Engine/Plugins/Interchange/Assets/Content/gltf/MaterialFunctions/MF_Clearcoat.uasset" 856
"../../../Engine/Plugins/Interchange/Assets/Content/gltf/MaterialFunctions/MF_Clearcoat.uexp" 857
"../../../Engine/Plugins/Interchange/Assets/Content/gltf/MaterialFunctions/MF_Emissive.uasset" 858
"../../../Engine/Plugins/Interchange/Assets/Content/gltf/MaterialFunctions/MF_Emissive.uexp" 859
"../../../Engine/Plugins/Interchange/Assets/Content/gltf/MaterialBodies/MF_ClearCoat_Body.uasset" 860
"../../../Engine/Plugins/Interchange/Assets/Content/gltf/MaterialBodies/MF_ClearCoat_Body.uexp" 861
"../../../Engine/Plugins/Interchange/Assets/Content/gltf/M_ClearCoat.uasset" 862
"../../../Engine/Plugins/Interchange/Assets/Content/gltf/M_ClearCoat.uexp" 863
"../../../Engine/Plugins/Interchange/Assets/Content/gltf/MaterialInstances/MI_ClearCoat_Blend.uasset" 864
"../../../Engine/Plugins/Interchange/Assets/Content/gltf/MaterialInstances/MI_ClearCoat_Blend.uexp" 865
"../../../Engine/Plugins/Interchange/Assets/Content/gltf/MaterialInstances/MI_ClearCoat_Blend_DS.uasset" 866
"../../../Engine/Plugins/Interchange/Assets/Content/gltf/MaterialInstances/MI_ClearCoat_Blend_DS.uexp" 867
"../../../Engine/Plugins/Interchange/Assets/Content/gltf/MaterialInstances/MI_ClearCoat_Mask.uasset" 868
"../../../Engine/Plugins/Interchange/Assets/Content/gltf/MaterialInstances/MI_ClearCoat_Mask.uexp" 869
"../../../Engine/Plugins/Interchange/Assets/Content/gltf/MaterialInstances/MI_ClearCoat_Mask_DS.uasset" 870
"../../../Engine/Plugins/Interchange/Assets/Content/gltf/MaterialInstances/MI_ClearCoat_Mask_DS.uexp" 871
"../../../Engine/Plugins/Interchange/Assets/Content/gltf/MaterialInstances/MI_ClearCoat_Opaque.uasset" 872
"../../../Engine/Plugins/Interchange/Assets/Content/gltf/MaterialInstances/MI_ClearCoat_Opaque.uexp" 873
"../../../Engine/Plugins/Interchange/Assets/Content/gltf/MaterialInstances/MI_ClearCoat_Opaque_DS.uasset" 874
"../../../Engine/Plugins/Interchange/Assets/Content/gltf/MaterialInstances/MI_ClearCoat_Opaque_DS.uexp" 875
"../../../Engine/Plugins/Interchange/Assets/Content/gltf/MaterialBodies/MF_Default_Body.uasset" 876
"../../../Engine/Plugins/Interchange/Assets/Content/gltf/MaterialBodies/MF_Default_Body.uexp" 877
"../../../Engine/Plugins/Interchange/Assets/Content/gltf/M_Default.uasset" 878
"../../../Engine/Plugins/Interchange/Assets/Content/gltf/M_Default.uexp" 879
"../../../Engine/Plugins/Interchange/Assets/Content/gltf/MaterialInstances/MI_Default_Blend.uasset" 880
"../../../Engine/Plugins/Interchange/Assets/Content/gltf/MaterialInstances/MI_Default_Blend.uexp" 881
"../../../Engine/Content/ArtTools/RenderToTexture/Meshes/S_1_Unit_Plane.ubulk" 882
"../../../Engine/Content/ArtTools/RenderToTexture/Meshes/S_1_Unit_Plane.uasset" 883
"../../../Engine/Content/ArtTools/RenderToTexture/Meshes/S_1_Unit_Plane.uexp" 884
"../../../Engine/Plugins/Interchange/Assets/Content/gltf/MaterialInstances/MI_Default_Blend_DS.uasset" 885
"../../../Engine/Plugins/Interchange/Assets/Content/gltf/MaterialInstances/MI_Default_Blend_DS.uexp" 886
"../../../Engine/Plugins/Interchange/Assets/Content/gltf/MaterialInstances/MI_Default_Mask.uasset" 887
"../../../Engine/Plugins/Interchange/Assets/Content/gltf/MaterialInstances/MI_Default_Mask.uexp" 888
"../../../Engine/Plugins/Interchange/Assets/Content/gltf/MaterialInstances/MI_Default_Mask_DS.uasset" 889
"../../../Engine/Plugins/Interchange/Assets/Content/gltf/MaterialInstances/MI_Default_Mask_DS.uexp" 890
"../../../Engine/Plugins/Interchange/Assets/Content/gltf/MaterialInstances/MI_Default_Opaque.uasset" 891
"../../../Engine/Plugins/Interchange/Assets/Content/gltf/MaterialInstances/MI_Default_Opaque.uexp" 892
"../../../Engine/Plugins/Interchange/Assets/Content/gltf/MaterialInstances/MI_Default_Opaque_DS.uasset" 893
"../../../Engine/Plugins/Interchange/Assets/Content/gltf/MaterialInstances/MI_Default_Opaque_DS.uexp" 894
"../../../Engine/Plugins/Interchange/Assets/Content/gltf/MaterialFunctions/MF_Sheen.uasset" 895
"../../../Engine/Plugins/Interchange/Assets/Content/gltf/MaterialFunctions/MF_Sheen.uexp" 896
"../../../Engine/Plugins/Interchange/Assets/Content/gltf/MaterialBodies/MF_Sheen_Body.uasset" 897
"../../../Engine/Plugins/Interchange/Assets/Content/gltf/MaterialBodies/MF_Sheen_Body.uexp" 898
"../../../Engine/Plugins/Interchange/Assets/Content/gltf/M_Sheen.uasset" 899
"../../../Engine/Plugins/Interchange/Assets/Content/gltf/M_Sheen.uexp" 900
"../../../Engine/Plugins/Interchange/Assets/Content/gltf/MaterialInstances/MI_Sheen_Blend.uasset" 901
"../../../Engine/Plugins/Interchange/Assets/Content/gltf/MaterialInstances/MI_Sheen_Blend.uexp" 902
"../../../Engine/Plugins/Interchange/Assets/Content/gltf/MaterialInstances/MI_Sheen_Blend_DS.uasset" 903
"../../../Engine/Plugins/Interchange/Assets/Content/gltf/MaterialInstances/MI_Sheen_Blend_DS.uexp" 904
"../../../Engine/Plugins/Interchange/Assets/Content/gltf/MaterialInstances/MI_Sheen_Mask.uasset" 905
"../../../Engine/Plugins/Interchange/Assets/Content/gltf/MaterialInstances/MI_Sheen_Mask.uexp" 906
"../../../Engine/Plugins/Interchange/Assets/Content/gltf/MaterialInstances/MI_Sheen_Mask_DS.uasset" 907
"../../../Engine/Plugins/Interchange/Assets/Content/gltf/MaterialInstances/MI_Sheen_Mask_DS.uexp" 908
"../../../Engine/Plugins/Interchange/Assets/Content/gltf/MaterialInstances/MI_Sheen_Opaque.uasset" 909
"../../../Engine/Plugins/Interchange/Assets/Content/gltf/MaterialInstances/MI_Sheen_Opaque.uexp" 910
"../../../Engine/Plugins/Interchange/Assets/Content/gltf/MaterialInstances/MI_Sheen_Opaque_DS.uasset" 911
"../../../Engine/Plugins/Interchange/Assets/Content/gltf/MaterialInstances/MI_Sheen_Opaque_DS.uexp" 912
"../../../Engine/Plugins/Interchange/Assets/Content/gltf/MaterialFunctions/MF_DiffuseSpecGloss.uasset" 913
"../../../Engine/Plugins/Interchange/Assets/Content/gltf/MaterialFunctions/MF_DiffuseSpecGloss.uexp" 914
"../../../Engine/Plugins/Interchange/Assets/Content/gltf/MaterialFunctions/MF_MaxComponentValue.uasset" 915
"../../../Engine/Plugins/Interchange/Assets/Content/gltf/MaterialFunctions/MF_MaxComponentValue.uexp" 916
"../../../Engine/Content/Functions/Engine_MaterialFunctions02/Math/AddComponents.uasset" 917
"../../../Engine/Content/Functions/Engine_MaterialFunctions02/Math/AddComponents.uexp" 918
"../../../Engine/Plugins/Interchange/Assets/Content/gltf/MaterialFunctions/MF_PerceivedBrightness.uasset" 919
"../../../Engine/Plugins/Interchange/Assets/Content/gltf/MaterialFunctions/MF_PerceivedBrightness.uexp" 920
"../../../Engine/Plugins/Interchange/Assets/Content/gltf/MaterialFunctions/MF_SpecGlossToMetalRoughness.uasset" 921
"../../../Engine/Plugins/Interchange/Assets/Content/gltf/MaterialFunctions/MF_SpecGlossToMetalRoughness.uexp" 922
"../../../Engine/Plugins/Interchange/Assets/Content/gltf/MaterialBodies/MF_SpecularGlossiness_Body.uasset" 923
"../../../Engine/Plugins/Interchange/Assets/Content/gltf/MaterialBodies/MF_SpecularGlossiness_Body.uexp" 924
"../../../Engine/Plugins/Interchange/Assets/Content/gltf/M_SpecularGlossiness.uasset" 925
"../../../Engine/Plugins/Interchange/Assets/Content/gltf/M_SpecularGlossiness.uexp" 926
"../../../Engine/Plugins/Interchange/Assets/Content/gltf/MaterialInstances/MI_SpecularGlossiness_Blend.uasset" 927
"../../../Engine/Plugins/Interchange/Assets/Content/gltf/MaterialInstances/MI_SpecularGlossiness_Blend.uexp" 928
"../../../Engine/Plugins/Interchange/Assets/Content/gltf/MaterialInstances/MI_SpecularGlossiness_Blend_DS.uasset" 929
"../../../Engine/Plugins/Interchange/Assets/Content/gltf/MaterialInstances/MI_SpecularGlossiness_Blend_DS.uexp" 930
"../../../Engine/Plugins/Interchange/Assets/Content/gltf/MaterialInstances/MI_SpecularGlossiness_Mask.uasset" 931
"../../../Engine/Plugins/Interchange/Assets/Content/gltf/MaterialInstances/MI_SpecularGlossiness_Mask.uexp" 932
"../../../Engine/Plugins/Interchange/Assets/Content/gltf/MaterialInstances/MI_SpecularGlossiness_Mask_DS.uasset" 933
"../../../Engine/Plugins/Interchange/Assets/Content/gltf/MaterialInstances/MI_SpecularGlossiness_Mask_DS.uexp" 934
"../../../Engine/Plugins/Interchange/Assets/Content/gltf/MaterialInstances/MI_SpecularGlossiness_Opaque.uasset" 935
"../../../Engine/Plugins/Interchange/Assets/Content/gltf/MaterialInstances/MI_SpecularGlossiness_Opaque.uexp" 936
"../../../Engine/Plugins/Interchange/Assets/Content/gltf/MaterialInstances/MI_SpecularGlossiness_Opaque_DS.uasset" 937
"../../../Engine/Plugins/Interchange/Assets/Content/gltf/MaterialInstances/MI_SpecularGlossiness_Opaque_DS.uexp" 938
"../../../Engine/Plugins/Interchange/Assets/Content/gltf/MaterialInstances/MI_Transmission.uasset" 939
"../../../Engine/Plugins/Interchange/Assets/Content/gltf/MaterialInstances/MI_Transmission.uexp" 940
"C:/Users/Shubham/Documents/Unreal Projects/ShooterSam/Content/Input/Actions/IA_Shoot.uasset" 941
"C:/Users/Shubham/Documents/Unreal Projects/ShooterSam/Content/Input/Actions/IA_Shoot.uexp" 942
"C:/Users/Shubham/Documents/Unreal Projects/ShooterSam/Content/MyStuff/AI/BB_EnemyAI.uasset" 943
"C:/Users/Shubham/Documents/Unreal Projects/ShooterSam/Content/MyStuff/AI/BB_EnemyAI.uexp" 944
"C:/Users/Shubham/Documents/Unreal Projects/ShooterSam/Content/MyStuff/AI/BT_EnemyAI.uasset" 945
"C:/Users/Shubham/Documents/Unreal Projects/ShooterSam/Content/MyStuff/AI/BT_EnemyAI.uexp" 946
"C:/Users/Shubham/Documents/Unreal Projects/ShooterSam/Content/MyStuff/AI/BP_ShooterAI.uasset" 947
"C:/Users/Shubham/Documents/Unreal Projects/ShooterSam/Content/MyStuff/AI/BP_ShooterAI.uexp" 948
"../../../Engine/Content/EditorBlueprintResources/StandardMacros.uasset" 949
"../../../Engine/Content/EditorBlueprintResources/StandardMacros.uexp" 950
"C:/Users/Shubham/Documents/Unreal Projects/ShooterSam/Content/ParagonWraith/Characters/Heroes/Wraith/Meshes/Wraith_Skeleton.uasset" 951
"C:/Users/Shubham/Documents/Unreal Projects/ShooterSam/Content/ParagonWraith/Characters/Heroes/Wraith/Meshes/Wraith_Skeleton.uexp" 952
"C:/Users/Shubham/Documents/Unreal Projects/ShooterSam/Content/ParagonWraith/Characters/Heroes/Wraith/Animations/Ability_RMB_Walk_Bwd.uasset" 953
"C:/Users/Shubham/Documents/Unreal Projects/ShooterSam/Content/ParagonWraith/Characters/Heroes/Wraith/Animations/Ability_RMB_Walk_Bwd.uexp" 954
"C:/Users/Shubham/Documents/Unreal Projects/ShooterSam/Content/ParagonWraith/Characters/Heroes/Wraith/Animations/Ability_RMB_Walk_Fwd.uasset" 955
"C:/Users/Shubham/Documents/Unreal Projects/ShooterSam/Content/ParagonWraith/Characters/Heroes/Wraith/Animations/Ability_RMB_Walk_Fwd.uexp" 956
"C:/Users/Shubham/Documents/Unreal Projects/ShooterSam/Content/ParagonWraith/Characters/Heroes/Wraith/Animations/Ability_RMB_Walk_Left.uasset" 957
"C:/Users/Shubham/Documents/Unreal Projects/ShooterSam/Content/ParagonWraith/Characters/Heroes/Wraith/Animations/Ability_RMB_Walk_Left.uexp" 958
"C:/Users/Shubham/Documents/Unreal Projects/ShooterSam/Content/ParagonWraith/Characters/Heroes/Wraith/Animations/Ability_RMB_Walk_Right.uasset" 959
"C:/Users/Shubham/Documents/Unreal Projects/ShooterSam/Content/ParagonWraith/Characters/Heroes/Wraith/Animations/Ability_RMB_Walk_Right.uexp" 960
"C:/Users/Shubham/Documents/Unreal Projects/ShooterSam/Content/ParagonWraith/Characters/Heroes/Wraith/Animations/Idle_Ability_RMB.uasset" 961
"C:/Users/Shubham/Documents/Unreal Projects/ShooterSam/Content/ParagonWraith/Characters/Heroes/Wraith/Animations/Idle_Ability_RMB.uexp" 962
"C:/Users/Shubham/Documents/Unreal Projects/ShooterSam/Content/ParagonWraith/Characters/Heroes/Wraith/Animations/Locomotion_Combat/Jog_Bwd_Combat.uasset" 963
"C:/Users/Shubham/Documents/Unreal Projects/ShooterSam/Content/ParagonWraith/Characters/Heroes/Wraith/Animations/Locomotion_Combat/Jog_Bwd_Combat.uexp" 964
"C:/Users/Shubham/Documents/Unreal Projects/ShooterSam/Content/ParagonWraith/Characters/Heroes/Wraith/Animations/Locomotion_Combat/Jog_Fwd_Combat.uasset" 965
"C:/Users/Shubham/Documents/Unreal Projects/ShooterSam/Content/ParagonWraith/Characters/Heroes/Wraith/Animations/Locomotion_Combat/Jog_Fwd_Combat.uexp" 966
"C:/Users/Shubham/Documents/Unreal Projects/ShooterSam/Content/ParagonWraith/Characters/Heroes/Wraith/Animations/Locomotion_Combat/Jog_Left_Combat.uasset" 967
"C:/Users/Shubham/Documents/Unreal Projects/ShooterSam/Content/ParagonWraith/Characters/Heroes/Wraith/Animations/Locomotion_Combat/Jog_Left_Combat.uexp" 968
"C:/Users/Shubham/Documents/Unreal Projects/ShooterSam/Content/ParagonWraith/Characters/Heroes/Wraith/Animations/Locomotion_Combat/Jog_Right_Combat.uasset" 969
"C:/Users/Shubham/Documents/Unreal Projects/ShooterSam/Content/ParagonWraith/Characters/Heroes/Wraith/Animations/Locomotion_Combat/Jog_Right_Combat.uexp" 970
"C:/Users/Shubham/Documents/Unreal Projects/ShooterSam/Content/MyStuff/Animation/BS_Locomation.uasset" 971
"C:/Users/Shubham/Documents/Unreal Projects/ShooterSam/Content/MyStuff/Animation/BS_Locomation.uexp" 972
"C:/Users/Shubham/Documents/Unreal Projects/ShooterSam/Content/ParagonWraith/Characters/Heroes/Wraith/Animations/Death_Forward.uasset" 973
"C:/Users/Shubham/Documents/Unreal Projects/ShooterSam/Content/ParagonWraith/Characters/Heroes/Wraith/Animations/Death_Forward.uexp" 974
"C:/Users/Shubham/Documents/Unreal Projects/ShooterSam/Content/ParagonWraith/Characters/Heroes/Wraith/Animations/Locomotion_Combat/Jump_Apex_Combat.uasset" 975
"C:/Users/Shubham/Documents/Unreal Projects/ShooterSam/Content/ParagonWraith/Characters/Heroes/Wraith/Animations/Locomotion_Combat/Jump_Apex_Combat.uexp" 976
"C:/Users/Shubham/Documents/Unreal Projects/ShooterSam/Content/ParagonWraith/Characters/Heroes/Wraith/Animations/Locomotion_Combat/Jump_Land_Combat.uasset" 977
"C:/Users/Shubham/Documents/Unreal Projects/ShooterSam/Content/ParagonWraith/Characters/Heroes/Wraith/Animations/Locomotion_Combat/Jump_Land_Combat.uexp" 978
"C:/Users/Shubham/Documents/Unreal Projects/ShooterSam/Content/ParagonWraith/Characters/Heroes/Wraith/Animations/Locomotion_Combat/Jump_Start_Combat.uasset" 979
"C:/Users/Shubham/Documents/Unreal Projects/ShooterSam/Content/ParagonWraith/Characters/Heroes/Wraith/Animations/Locomotion_Combat/Jump_Start_Combat.uexp" 980
"C:/Users/Shubham/Documents/Unreal Projects/ShooterSam/Content/ParagonWraith/Characters/Heroes/Wraith/Animations/Locomotion_Combat/Idle_Combat.uasset" 981
"C:/Users/Shubham/Documents/Unreal Projects/ShooterSam/Content/ParagonWraith/Characters/Heroes/Wraith/Animations/Locomotion_Combat/Idle_Combat.uexp" 982
"C:/Users/Shubham/Documents/Unreal Projects/ShooterSam/Content/ParagonWraith/Characters/Heroes/Wraith/Animations/Locomotion_Combat/AO/Idle_AO_CC_Combat.uasset" 983
"C:/Users/Shubham/Documents/Unreal Projects/ShooterSam/Content/ParagonWraith/Characters/Heroes/Wraith/Animations/Locomotion_Combat/AO/Idle_AO_CC_Combat.uexp" 984
"C:/Users/Shubham/Documents/Unreal Projects/ShooterSam/Content/ParagonWraith/Characters/Heroes/Wraith/Animations/Locomotion_Combat/AO/Idle_AO_CD_Combat.uasset" 985
"C:/Users/Shubham/Documents/Unreal Projects/ShooterSam/Content/ParagonWraith/Characters/Heroes/Wraith/Animations/Locomotion_Combat/AO/Idle_AO_CD_Combat.uexp" 986
"C:/Users/Shubham/Documents/Unreal Projects/ShooterSam/Content/ParagonWraith/Characters/Heroes/Wraith/Animations/Locomotion_Combat/AO/Idle_AO_CU_Combat.uasset" 987
"C:/Users/Shubham/Documents/Unreal Projects/ShooterSam/Content/ParagonWraith/Characters/Heroes/Wraith/Animations/Locomotion_Combat/AO/Idle_AO_CU_Combat.uexp" 988
"C:/Users/Shubham/Documents/Unreal Projects/ShooterSam/Content/ParagonWraith/Characters/Heroes/Wraith/Animations/Locomotion_Combat/AO/Idle_AO_LC_Combat.uasset" 989
"C:/Users/Shubham/Documents/Unreal Projects/ShooterSam/Content/ParagonWraith/Characters/Heroes/Wraith/Animations/Locomotion_Combat/AO/Idle_AO_LC_Combat.uexp" 990
"C:/Users/Shubham/Documents/Unreal Projects/ShooterSam/Content/ParagonWraith/Characters/Heroes/Wraith/Animations/Locomotion_Combat/AO/Idle_AO_LD_Combat.uasset" 991
"C:/Users/Shubham/Documents/Unreal Projects/ShooterSam/Content/ParagonWraith/Characters/Heroes/Wraith/Animations/Locomotion_Combat/AO/Idle_AO_LD_Combat.uexp" 992
"C:/Users/Shubham/Documents/Unreal Projects/ShooterSam/Content/ParagonWraith/Characters/Heroes/Wraith/Animations/Locomotion_Combat/AO/Idle_AO_LU_Combat.uasset" 993
"C:/Users/Shubham/Documents/Unreal Projects/ShooterSam/Content/ParagonWraith/Characters/Heroes/Wraith/Animations/Locomotion_Combat/AO/Idle_AO_LU_Combat.uexp" 994
"C:/Users/Shubham/Documents/Unreal Projects/ShooterSam/Content/ParagonWraith/Characters/Heroes/Wraith/Animations/Locomotion_Combat/AO/Idle_AO_RC_Combat.uasset" 995
"C:/Users/Shubham/Documents/Unreal Projects/ShooterSam/Content/ParagonWraith/Characters/Heroes/Wraith/Animations/Locomotion_Combat/AO/Idle_AO_RC_Combat.uexp" 996
"C:/Users/Shubham/Documents/Unreal Projects/ShooterSam/Content/ParagonWraith/Characters/Heroes/Wraith/Animations/Locomotion_Combat/AO/Idle_AO_RD_Combat.uasset" 997
"C:/Users/Shubham/Documents/Unreal Projects/ShooterSam/Content/ParagonWraith/Characters/Heroes/Wraith/Animations/Locomotion_Combat/AO/Idle_AO_RD_Combat.uexp" 998
"C:/Users/Shubham/Documents/Unreal Projects/ShooterSam/Content/ParagonWraith/Characters/Heroes/Wraith/Animations/Locomotion_Combat/AO/Idle_AO_RU_Combat.uasset" 999
"C:/Users/Shubham/Documents/Unreal Projects/ShooterSam/Content/ParagonWraith/Characters/Heroes/Wraith/Animations/Locomotion_Combat/AO/Idle_AO_RU_Combat.uexp" 1000
"C:/Users/Shubham/Documents/Unreal Projects/ShooterSam/Content/ParagonWraith/Characters/Heroes/Wraith/Animations/Locomotion_Combat/AO/Idle_AO_Combat.uasset" 1001
"C:/Users/Shubham/Documents/Unreal Projects/ShooterSam/Content/ParagonWraith/Characters/Heroes/Wraith/Animations/Locomotion_Combat/AO/Idle_AO_Combat.uexp" 1002
"C:/Users/Shubham/Documents/Unreal Projects/ShooterSam/Content/MyStuff/Animation/ABP_ShooterCharacter.uasset" 1003
"C:/Users/Shubham/Documents/Unreal Projects/ShooterSam/Content/MyStuff/Animation/ABP_ShooterCharacter.uexp" 1004
"C:/Users/Shubham/Documents/Unreal Projects/ShooterSam/Content/ShooterGame/Weapons/Rifle_Skeleton.uasset" 1005
"C:/Users/Shubham/Documents/Unreal Projects/ShooterSam/Content/ShooterGame/Weapons/Rifle_Skeleton.uexp" 1006
"../../../Engine/Content/Functions/MaterialLayerFunctions/MatLayerBlend_BakedNormal.uasset" 1007
"../../../Engine/Content/Functions/MaterialLayerFunctions/MatLayerBlend_BakedNormal.uexp" 1008
"../../../Engine/Content/Functions/MaterialLayerFunctions/MatLayerBlend_Decal.uasset" 1009
"../../../Engine/Content/Functions/MaterialLayerFunctions/MatLayerBlend_Decal.uexp" 1010
"../../../Engine/Content/Functions/MaterialLayerFunctions/MatLayerBlend_RoughnessOverride.uasset" 1011
"../../../Engine/Content/Functions/MaterialLayerFunctions/MatLayerBlend_RoughnessOverride.uexp" 1012
"../../../Engine/Content/Functions/MaterialLayerFunctions/MatLayerBlend_Standard.uasset" 1013
"../../../Engine/Content/Functions/MaterialLayerFunctions/MatLayerBlend_Standard.uexp" 1014
"../../../Engine/Content/Functions/MaterialLayerFunctions/MatLayerBlend_TintAllChannels.uasset" 1015
"../../../Engine/Content/Functions/MaterialLayerFunctions/MatLayerBlend_TintAllChannels.uexp" 1016
"C:/Users/Shubham/Documents/Unreal Projects/ShooterSam/Content/ShooterGame/Characters/Textures/Chr_FPS_Metal_02.ubulk" 1017
"C:/Users/Shubham/Documents/Unreal Projects/ShooterSam/Content/ShooterGame/Characters/Textures/Chr_FPS_Metal_02.uasset" 1018
"C:/Users/Shubham/Documents/Unreal Projects/ShooterSam/Content/ShooterGame/Characters/Textures/Chr_FPS_Metal_02.uexp" 1019
"C:/Users/Shubham/Documents/Unreal Projects/ShooterSam/Content/ShooterGame/Weapons/MaterialLayers/ML_BoltMetal.uasset" 1020
"C:/Users/Shubham/Documents/Unreal Projects/ShooterSam/Content/ShooterGame/Weapons/MaterialLayers/ML_BoltMetal.uexp" 1021
"C:/Users/Shubham/Documents/Unreal Projects/ShooterSam/Content/ShooterGame/Weapons/MaterialLayers/T_ExampleLayers_Metal02_N.ubulk" 1022
"C:/Users/Shubham/Documents/Unreal Projects/ShooterSam/Content/ShooterGame/Weapons/MaterialLayers/T_ExampleLayers_Metal02_N.uasset" 1023
"C:/Users/Shubham/Documents/Unreal Projects/ShooterSam/Content/ShooterGame/Weapons/MaterialLayers/T_ExampleLayers_Metal02_N.uexp" 1024
"C:/Users/Shubham/Documents/Unreal Projects/ShooterSam/Content/ShooterGame/Weapons/MaterialLayers/ML_Metal_Copper.uasset" 1025
"C:/Users/Shubham/Documents/Unreal Projects/ShooterSam/Content/ShooterGame/Weapons/MaterialLayers/ML_Metal_Copper.uexp" 1026
"C:/Users/Shubham/Documents/Unreal Projects/ShooterSam/Content/ShooterGame/Weapons/MaterialLayers/T_Metal_Metal02_D.ubulk" 1027
"C:/Users/Shubham/Documents/Unreal Projects/ShooterSam/Content/ShooterGame/Weapons/MaterialLayers/T_Metal_Metal02_D.uasset" 1028
"C:/Users/Shubham/Documents/Unreal Projects/ShooterSam/Content/ShooterGame/Weapons/MaterialLayers/T_Metal_Metal02_D.uexp" 1029
"C:/Users/Shubham/Documents/Unreal Projects/ShooterSam/Content/ShooterGame/Weapons/MaterialLayers/ML_Metal_Gray.uasset" 1030
"C:/Users/Shubham/Documents/Unreal Projects/ShooterSam/Content/ShooterGame/Weapons/MaterialLayers/ML_Metal_Gray.uexp" 1031
"C:/Users/Shubham/Documents/Unreal Projects/ShooterSam/Content/ShooterGame/Weapons/MaterialLayers/T_PaintedMetal01_N.ubulk" 1032
"C:/Users/Shubham/Documents/Unreal Projects/ShooterSam/Content/ShooterGame/Weapons/MaterialLayers/T_PaintedMetal01_N.uasset" 1033
"C:/Users/Shubham/Documents/Unreal Projects/ShooterSam/Content/ShooterGame/Weapons/MaterialLayers/T_PaintedMetal01_N.uexp" 1034
"C:/Users/Shubham/Documents/Unreal Projects/ShooterSam/Content/ShooterGame/Weapons/MaterialLayers/T_PaintedMetal02.ubulk" 1035
"C:/Users/Shubham/Documents/Unreal Projects/ShooterSam/Content/ShooterGame/Weapons/MaterialLayers/T_PaintedMetal02.uasset" 1036
"C:/Users/Shubham/Documents/Unreal Projects/ShooterSam/Content/ShooterGame/Weapons/MaterialLayers/T_PaintedMetal02.uexp" 1037
"C:/Users/Shubham/Documents/Unreal Projects/ShooterSam/Content/ShooterGame/Weapons/MaterialLayers/ML_Paint.uasset" 1038
"C:/Users/Shubham/Documents/Unreal Projects/ShooterSam/Content/ShooterGame/Weapons/MaterialLayers/ML_Paint.uexp" 1039
"C:/Users/Shubham/Documents/Unreal Projects/ShooterSam/Content/ShooterGame/Weapons/MaterialLayers/T_Rubber.ubulk" 1040
"C:/Users/Shubham/Documents/Unreal Projects/ShooterSam/Content/ShooterGame/Weapons/MaterialLayers/T_Rubber.uasset" 1041
"C:/Users/Shubham/Documents/Unreal Projects/ShooterSam/Content/ShooterGame/Weapons/MaterialLayers/T_Rubber.uexp" 1042
"C:/Users/Shubham/Documents/Unreal Projects/ShooterSam/Content/ShooterGame/Weapons/MaterialLayers/ML_Rubber.uasset" 1043
"C:/Users/Shubham/Documents/Unreal Projects/ShooterSam/Content/ShooterGame/Weapons/MaterialLayers/ML_Rubber.uexp" 1044
"C:/Users/Shubham/Documents/Unreal Projects/ShooterSam/Content/ShooterGame/Weapons/Textures/MagGun_Decals.ubulk" 1045
"C:/Users/Shubham/Documents/Unreal Projects/ShooterSam/Content/ShooterGame/Weapons/Textures/MagGun_Decals.uasset" 1046
"C:/Users/Shubham/Documents/Unreal Projects/ShooterSam/Content/ShooterGame/Weapons/Textures/MagGun_Decals.uexp" 1047
"C:/Users/Shubham/Documents/Unreal Projects/ShooterSam/Content/ShooterGame/Weapons/Textures/MagGunT1_section.ubulk" 1048
"C:/Users/Shubham/Documents/Unreal Projects/ShooterSam/Content/ShooterGame/Weapons/Textures/MagGunT1_section.uasset" 1049
"C:/Users/Shubham/Documents/Unreal Projects/ShooterSam/Content/ShooterGame/Weapons/Textures/MagGunT1_section.uexp" 1050
"C:/Users/Shubham/Documents/Unreal Projects/ShooterSam/Content/ShooterGame/Weapons/Textures/MagGunT1_shade.ubulk" 1051
"C:/Users/Shubham/Documents/Unreal Projects/ShooterSam/Content/ShooterGame/Weapons/Textures/MagGunT1_shade.uasset" 1052
"C:/Users/Shubham/Documents/Unreal Projects/ShooterSam/Content/ShooterGame/Weapons/Textures/MagGunT1_shade.uexp" 1053
"C:/Users/Shubham/Documents/Unreal Projects/ShooterSam/Content/ShooterGame/Weapons/Textures/MagGun_01_N.ubulk" 1054
"C:/Users/Shubham/Documents/Unreal Projects/ShooterSam/Content/ShooterGame/Weapons/Textures/MagGun_01_N.uasset" 1055
"C:/Users/Shubham/Documents/Unreal Projects/ShooterSam/Content/ShooterGame/Weapons/Textures/MagGun_01_N.uexp" 1056
"C:/Users/Shubham/Documents/Unreal Projects/ShooterSam/Content/ShooterGame/Weapons/Materials/MagGun_MatA.uasset" 1057
"C:/Users/Shubham/Documents/Unreal Projects/ShooterSam/Content/ShooterGame/Weapons/Materials/MagGun_MatA.uexp" 1058
"C:/Users/Shubham/Documents/Unreal Projects/ShooterSam/Content/ShooterGame/Weapons/Materials/MagGun_MatA_Inst3.uasset" 1059
"C:/Users/Shubham/Documents/Unreal Projects/ShooterSam/Content/ShooterGame/Weapons/Materials/MagGun_MatA_Inst3.uexp" 1060
"../../../Engine/Content/Functions/MaterialLayerFunctions/MatLayerBlend_Emissive.uasset" 1061
"../../../Engine/Content/Functions/MaterialLayerFunctions/MatLayerBlend_Emissive.uexp" 1062
"C:/Users/Shubham/Documents/Unreal Projects/ShooterSam/Content/ShooterGame/Weapons/Textures/MagGunT2_section.ubulk" 1063
"C:/Users/Shubham/Documents/Unreal Projects/ShooterSam/Content/ShooterGame/Weapons/Textures/MagGunT2_section.uasset" 1064
"C:/Users/Shubham/Documents/Unreal Projects/ShooterSam/Content/ShooterGame/Weapons/Textures/MagGunT2_section.uexp" 1065
"C:/Users/Shubham/Documents/Unreal Projects/ShooterSam/Content/ShooterGame/Weapons/Textures/MagGunT2_shade.ubulk" 1066
"C:/Users/Shubham/Documents/Unreal Projects/ShooterSam/Content/ShooterGame/Weapons/Textures/MagGunT2_shade.uasset" 1067
"C:/Users/Shubham/Documents/Unreal Projects/ShooterSam/Content/ShooterGame/Weapons/Textures/MagGunT2_shade.uexp" 1068
"C:/Users/Shubham/Documents/Unreal Projects/ShooterSam/Content/ShooterGame/Weapons/Textures/MagGun_02_N.ubulk" 1069
"C:/Users/Shubham/Documents/Unreal Projects/ShooterSam/Content/ShooterGame/Weapons/Textures/MagGun_02_N.uasset" 1070
"C:/Users/Shubham/Documents/Unreal Projects/ShooterSam/Content/ShooterGame/Weapons/Textures/MagGun_02_N.uexp" 1071
"C:/Users/Shubham/Documents/Unreal Projects/ShooterSam/Content/ShooterGame/Weapons/Textures/MagGun_Display_EM.ubulk" 1072
"C:/Users/Shubham/Documents/Unreal Projects/ShooterSam/Content/ShooterGame/Weapons/Textures/MagGun_Display_EM.uasset" 1073
"C:/Users/Shubham/Documents/Unreal Projects/ShooterSam/Content/ShooterGame/Weapons/Textures/MagGun_Display_EM.uexp" 1074
"C:/Users/Shubham/Documents/Unreal Projects/ShooterSam/Content/ShooterGame/Weapons/Materials/MagGun_MatB.uasset" 1075
"C:/Users/Shubham/Documents/Unreal Projects/ShooterSam/Content/ShooterGame/Weapons/Materials/MagGun_MatB.uexp" 1076
"C:/Users/Shubham/Documents/Unreal Projects/ShooterSam/Content/ShooterGame/Weapons/Materials/MagGun_MatB_Inst2.uasset" 1077
"C:/Users/Shubham/Documents/Unreal Projects/ShooterSam/Content/ShooterGame/Weapons/Materials/MagGun_MatB_Inst2.uexp" 1078
"C:/Users/Shubham/Documents/Unreal Projects/ShooterSam/Content/ShooterGame/Environment/Textures/holo_layer_1_5.ubulk" 1079
"C:/Users/Shubham/Documents/Unreal Projects/ShooterSam/Content/ShooterGame/Environment/Textures/holo_layer_1_5.uasset" 1080
"C:/Users/Shubham/Documents/Unreal Projects/ShooterSam/Content/ShooterGame/Environment/Textures/holo_layer_1_5.uexp" 1081
"C:/Users/Shubham/Documents/Unreal Projects/ShooterSam/Content/ShooterGame/Weapons/Textures/SightLens_maskA.ubulk" 1082
"C:/Users/Shubham/Documents/Unreal Projects/ShooterSam/Content/ShooterGame/Weapons/Textures/SightLens_maskA.uasset" 1083
"C:/Users/Shubham/Documents/Unreal Projects/ShooterSam/Content/ShooterGame/Weapons/Textures/SightLens_maskA.uexp" 1084
"C:/Users/Shubham/Documents/Unreal Projects/ShooterSam/Content/ShooterGame/Weapons/Textures/SightLens_maskB.ubulk" 1085
"C:/Users/Shubham/Documents/Unreal Projects/ShooterSam/Content/ShooterGame/Weapons/Textures/SightLens_maskB.uasset" 1086
"C:/Users/Shubham/Documents/Unreal Projects/ShooterSam/Content/ShooterGame/Weapons/Textures/SightLens_maskB.uexp" 1087
"C:/Users/Shubham/Documents/Unreal Projects/ShooterSam/Content/ShooterGame/Weapons/Materials/MagGun_SightLens_Mat.uasset" 1088
"C:/Users/Shubham/Documents/Unreal Projects/ShooterSam/Content/ShooterGame/Weapons/Materials/MagGun_SightLens_Mat.uexp" 1089
"C:/Users/Shubham/Documents/Unreal Projects/ShooterSam/Content/ShooterGame/Weapons/Materials/MagGun_SightLens_Mat_Inst.uasset" 1090
"C:/Users/Shubham/Documents/Unreal Projects/ShooterSam/Content/ShooterGame/Weapons/Materials/MagGun_SightLens_Mat_Inst.uexp" 1091
"C:/Users/Shubham/Documents/Unreal Projects/ShooterSam/Content/ShooterGame/Weapons/Rifle.uasset" 1092
"C:/Users/Shubham/Documents/Unreal Projects/ShooterSam/Content/ShooterGame/Weapons/Rifle.uexp" 1093
"C:/Users/Shubham/Documents/Unreal Projects/ShooterSam/Content/ShooterGame/Sounds/Weapon_AssaultRifle/Mono/AssaultRifle_Shot01.ubulk" 1094
"C:/Users/Shubham/Documents/Unreal Projects/ShooterSam/Content/ShooterGame/Sounds/Weapon_AssaultRifle/Mono/AssaultRifle_Shot01.uasset" 1095
"C:/Users/Shubham/Documents/Unreal Projects/ShooterSam/Content/ShooterGame/Sounds/Weapon_AssaultRifle/Mono/AssaultRifle_Shot01.uexp" 1096
"C:/Users/Shubham/Documents/Unreal Projects/ShooterSam/Content/ShooterGame/Sounds/Weapon_AssaultRifle/Mono/AssaultRifle_Shot02.ubulk" 1097
"C:/Users/Shubham/Documents/Unreal Projects/ShooterSam/Content/ShooterGame/Sounds/Weapon_AssaultRifle/Mono/AssaultRifle_Shot02.uasset" 1098
"C:/Users/Shubham/Documents/Unreal Projects/ShooterSam/Content/ShooterGame/Sounds/Weapon_AssaultRifle/Mono/AssaultRifle_Shot02.uexp" 1099
"C:/Users/Shubham/Documents/Unreal Projects/ShooterSam/Content/ShooterGame/Sounds/Weapon_AssaultRifle/Mono/AssaultRifle_Shot03.ubulk" 1100
"C:/Users/Shubham/Documents/Unreal Projects/ShooterSam/Content/ShooterGame/Sounds/Weapon_AssaultRifle/Mono/AssaultRifle_Shot03.uasset" 1101
"C:/Users/Shubham/Documents/Unreal Projects/ShooterSam/Content/ShooterGame/Sounds/Weapon_AssaultRifle/Mono/AssaultRifle_Shot03.uexp" 1102
"C:/Users/Shubham/Documents/Unreal Projects/ShooterSam/Content/ShooterGame/Sounds/Weapon_AssaultRifle/Mono/AssaultRifle_Shot04.ubulk" 1103
"C:/Users/Shubham/Documents/Unreal Projects/ShooterSam/Content/ShooterGame/Sounds/Weapon_AssaultRifle/Mono/AssaultRifle_Shot04.uasset" 1104
"C:/Users/Shubham/Documents/Unreal Projects/ShooterSam/Content/ShooterGame/Sounds/Weapon_AssaultRifle/Mono/AssaultRifle_Shot04.uexp" 1105
"C:/Users/Shubham/Documents/Unreal Projects/ShooterSam/Content/ShooterGame/Sounds/Weapon_AssaultRifle/Mono/AssaultRifle_Shot05.ubulk" 1106
"C:/Users/Shubham/Documents/Unreal Projects/ShooterSam/Content/ShooterGame/Sounds/Weapon_AssaultRifle/Mono/AssaultRifle_Shot05.uasset" 1107
"C:/Users/Shubham/Documents/Unreal Projects/ShooterSam/Content/ShooterGame/Sounds/Weapon_AssaultRifle/Mono/AssaultRifle_Shot05.uexp" 1108
"C:/Users/Shubham/Documents/Unreal Projects/ShooterSam/Content/ShooterGame/Sounds/Weapon_AssaultRifle/Mono/AssaultRifle_Shot06.ubulk" 1109
"C:/Users/Shubham/Documents/Unreal Projects/ShooterSam/Content/ShooterGame/Sounds/Weapon_AssaultRifle/Mono/AssaultRifle_Shot06.uasset" 1110
"C:/Users/Shubham/Documents/Unreal Projects/ShooterSam/Content/ShooterGame/Sounds/Weapon_AssaultRifle/Mono/AssaultRifle_Shot06.uexp" 1111
"C:/Users/Shubham/Documents/Unreal Projects/ShooterSam/Content/MyStuff/SFX/SC_RifleShot.uasset" 1112
"C:/Users/Shubham/Documents/Unreal Projects/ShooterSam/Content/MyStuff/SFX/SC_RifleShot.uexp" 1113
"C:/Users/Shubham/Documents/Unreal Projects/ShooterSam/Content/ShooterGame/Sounds/Weapon_AssaultRifle/Mono/Weapon_AssaultRifle_ImpactConcrete01.ubulk" 1114
"C:/Users/Shubham/Documents/Unreal Projects/ShooterSam/Content/ShooterGame/Sounds/Weapon_AssaultRifle/Mono/Weapon_AssaultRifle_ImpactConcrete01.uasset" 1115
"C:/Users/Shubham/Documents/Unreal Projects/ShooterSam/Content/ShooterGame/Sounds/Weapon_AssaultRifle/Mono/Weapon_AssaultRifle_ImpactConcrete01.uexp" 1116
"C:/Users/Shubham/Documents/Unreal Projects/ShooterSam/Content/ShooterGame/Sounds/Weapon_AssaultRifle/Mono/Weapon_AssaultRifle_ImpactConcrete02.ubulk" 1117
"C:/Users/Shubham/Documents/Unreal Projects/ShooterSam/Content/ShooterGame/Sounds/Weapon_AssaultRifle/Mono/Weapon_AssaultRifle_ImpactConcrete02.uasset" 1118
"C:/Users/Shubham/Documents/Unreal Projects/ShooterSam/Content/ShooterGame/Sounds/Weapon_AssaultRifle/Mono/Weapon_AssaultRifle_ImpactConcrete02.uexp" 1119
"C:/Users/Shubham/Documents/Unreal Projects/ShooterSam/Content/ShooterGame/Sounds/Weapon_AssaultRifle/Mono/Weapon_AssaultRifle_ImpactConcrete03.ubulk" 1120
"C:/Users/Shubham/Documents/Unreal Projects/ShooterSam/Content/ShooterGame/Sounds/Weapon_AssaultRifle/Mono/Weapon_AssaultRifle_ImpactConcrete03.uasset" 1121
"C:/Users/Shubham/Documents/Unreal Projects/ShooterSam/Content/ShooterGame/Sounds/Weapon_AssaultRifle/Mono/Weapon_AssaultRifle_ImpactConcrete03.uexp" 1122
"C:/Users/Shubham/Documents/Unreal Projects/ShooterSam/Content/ShooterGame/Sounds/Weapon_AssaultRifle/Mono/Weapon_AssaultRifle_ImpactConcrete04.ubulk" 1123
"C:/Users/Shubham/Documents/Unreal Projects/ShooterSam/Content/ShooterGame/Sounds/Weapon_AssaultRifle/Mono/Weapon_AssaultRifle_ImpactConcrete04.uasset" 1124
"C:/Users/Shubham/Documents/Unreal Projects/ShooterSam/Content/ShooterGame/Sounds/Weapon_AssaultRifle/Mono/Weapon_AssaultRifle_ImpactConcrete04.uexp" 1125
"C:/Users/Shubham/Documents/Unreal Projects/ShooterSam/Content/ShooterGame/Sounds/Weapon_AssaultRifle/Mono/Weapon_AssaultRifle_ImpactConcrete05.ubulk" 1126
"C:/Users/Shubham/Documents/Unreal Projects/ShooterSam/Content/ShooterGame/Sounds/Weapon_AssaultRifle/Mono/Weapon_AssaultRifle_ImpactConcrete05.uasset" 1127
"C:/Users/Shubham/Documents/Unreal Projects/ShooterSam/Content/ShooterGame/Sounds/Weapon_AssaultRifle/Mono/Weapon_AssaultRifle_ImpactConcrete05.uexp" 1128
"C:/Users/Shubham/Documents/Unreal Projects/ShooterSam/Content/ShooterGame/Sounds/Weapon_AssaultRifle/Mono/Weapon_AssaultRifle_ImpactConcrete06.ubulk" 1129
"C:/Users/Shubham/Documents/Unreal Projects/ShooterSam/Content/ShooterGame/Sounds/Weapon_AssaultRifle/Mono/Weapon_AssaultRifle_ImpactConcrete06.uasset" 1130
"C:/Users/Shubham/Documents/Unreal Projects/ShooterSam/Content/ShooterGame/Sounds/Weapon_AssaultRifle/Mono/Weapon_AssaultRifle_ImpactConcrete06.uexp" 1131
"C:/Users/Shubham/Documents/Unreal Projects/ShooterSam/Content/MyStuff/SFX/SC_RifleShotImpact.uasset" 1132
"C:/Users/Shubham/Documents/Unreal Projects/ShooterSam/Content/MyStuff/SFX/SC_RifleShotImpact.uexp" 1133
"C:/Users/Shubham/Documents/Unreal Projects/ShooterSam/Content/ParagonWraith/FX/Textures/Debris/T_Concrete_ChunkSubUV_D.ubulk" 1134
"C:/Users/Shubham/Documents/Unreal Projects/ShooterSam/Content/ParagonWraith/FX/Textures/Debris/T_Concrete_ChunkSubUV_D.uasset" 1135
"C:/Users/Shubham/Documents/Unreal Projects/ShooterSam/Content/ParagonWraith/FX/Textures/Debris/T_Concrete_ChunkSubUV_D.uexp" 1136
"C:/Users/Shubham/Documents/Unreal Projects/ShooterSam/Content/ParagonWraith/FX/Textures/Debris/T_Concrete_ChunkSubUV_N_TGA.ubulk" 1137
"C:/Users/Shubham/Documents/Unreal Projects/ShooterSam/Content/ParagonWraith/FX/Textures/Debris/T_Concrete_ChunkSubUV_N_TGA.uasset" 1138
"C:/Users/Shubham/Documents/Unreal Projects/ShooterSam/Content/ParagonWraith/FX/Textures/Debris/T_Concrete_ChunkSubUV_N_TGA.uexp" 1139
"C:/Users/Shubham/Documents/Unreal Projects/ShooterSam/Content/ParagonWraith/FX/Materials/Functions/FX_EmissiveModulate.uasset" 1140
"C:/Users/Shubham/Documents/Unreal Projects/ShooterSam/Content/ParagonWraith/FX/Materials/Functions/FX_EmissiveModulate.uexp" 1141
"C:/Users/Shubham/Documents/Unreal Projects/ShooterSam/Content/ParagonWraith/FX/Materials/Functions/MF_ParticleShrinkDistance.uasset" 1142
"C:/Users/Shubham/Documents/Unreal Projects/ShooterSam/Content/ParagonWraith/FX/Materials/Functions/MF_ParticleShrinkDistance.uexp" 1143
"C:/Users/Shubham/Documents/Unreal Projects/ShooterSam/Content/ParagonWraith/FX/Materials/Debris/M_Explosion_RockChunks.uasset" 1144
"C:/Users/Shubham/Documents/Unreal Projects/ShooterSam/Content/ParagonWraith/FX/Materials/Debris/M_Explosion_RockChunks.uexp" 1145
"C:/Users/Shubham/Documents/Unreal Projects/ShooterSam/Content/ParagonWraith/FX/Materials/Flares/M_DarkFlare_DistShrink.uasset" 1146
"C:/Users/Shubham/Documents/Unreal Projects/ShooterSam/Content/ParagonWraith/FX/Materials/Flares/M_DarkFlare_DistShrink.uexp" 1147
"C:/Users/Shubham/Documents/Unreal Projects/ShooterSam/Content/ParagonWraith/FX/Textures/Flares/T_Flare_Spikeball.ubulk" 1148
"C:/Users/Shubham/Documents/Unreal Projects/ShooterSam/Content/ParagonWraith/FX/Textures/Flares/T_Flare_Spikeball.uasset" 1149
"C:/Users/Shubham/Documents/Unreal Projects/ShooterSam/Content/ParagonWraith/FX/Textures/Flares/T_Flare_Spikeball.uexp" 1150
"C:/Users/Shubham/Documents/Unreal Projects/ShooterSam/Content/ParagonWraith/FX/Materials/Flares/M_Lensflare_TB_Soft.uasset" 1151
"C:/Users/Shubham/Documents/Unreal Projects/ShooterSam/Content/ParagonWraith/FX/Materials/Flares/M_Lensflare_TB_Soft.uexp" 1152
"../../../Engine/Content/Functions/Engine_MaterialFunctions02/Utility/DitherTemporalAA.uasset" 1153
"../../../Engine/Content/Functions/Engine_MaterialFunctions02/Utility/DitherTemporalAA.uexp" 1154
"C:/Users/Shubham/Documents/Unreal Projects/ShooterSam/Content/ParagonWraith/FX/Materials/Functions/MF_DitheredRefraction.uasset" 1155
"C:/Users/Shubham/Documents/Unreal Projects/ShooterSam/Content/ParagonWraith/FX/Materials/Functions/MF_DitheredRefraction.uexp" 1156
"C:/Users/Shubham/Documents/Unreal Projects/ShooterSam/Content/ParagonWraith/FX/Materials/Functions/MF_FX_NearCameraFade.uasset" 1157
"C:/Users/Shubham/Documents/Unreal Projects/ShooterSam/Content/ParagonWraith/FX/Materials/Functions/MF_FX_NearCameraFade.uexp" 1158
"C:/Users/Shubham/Documents/Unreal Projects/ShooterSam/Content/ParagonWraith/FX/Textures/Masks/T_Sphere_A.ubulk" 1159
"C:/Users/Shubham/Documents/Unreal Projects/ShooterSam/Content/ParagonWraith/FX/Textures/Masks/T_Sphere_A.uasset" 1160
"C:/Users/Shubham/Documents/Unreal Projects/ShooterSam/Content/ParagonWraith/FX/Textures/Masks/T_Sphere_A.uexp" 1161
"C:/Users/Shubham/Documents/Unreal Projects/ShooterSam/Content/ParagonWraith/FX/Textures/NormalShapes/T_Sphere_N.ubulk" 1162
"C:/Users/Shubham/Documents/Unreal Projects/ShooterSam/Content/ParagonWraith/FX/Textures/NormalShapes/T_Sphere_N.uasset" 1163
"C:/Users/Shubham/Documents/Unreal Projects/ShooterSam/Content/ParagonWraith/FX/Textures/NormalShapes/T_Sphere_N.uexp" 1164
"C:/Users/Shubham/Documents/Unreal Projects/ShooterSam/Content/ParagonWraith/FX/Materials/HeatDistort/M_Shockwave_Refract.uasset" 1165
"C:/Users/Shubham/Documents/Unreal Projects/ShooterSam/Content/ParagonWraith/FX/Materials/HeatDistort/M_Shockwave_Refract.uexp" 1166
"../../../Engine/Content/Functions/Engine_MaterialFunctions01/ImageAdjustment/DeriveHDRfromLDR.uasset" 1167
"../../../Engine/Content/Functions/Engine_MaterialFunctions01/ImageAdjustment/DeriveHDRfromLDR.uexp" 1168
"C:/Users/Shubham/Documents/Unreal Projects/ShooterSam/Content/ParagonWraith/FX/Textures/Flares/T_Glow_Sphere_Soft.ubulk" 1169
"C:/Users/Shubham/Documents/Unreal Projects/ShooterSam/Content/ParagonWraith/FX/Textures/Flares/T_Glow_Sphere_Soft.uasset" 1170
"C:/Users/Shubham/Documents/Unreal Projects/ShooterSam/Content/ParagonWraith/FX/Textures/Flares/T_Glow_Sphere_Soft.uexp" 1171
"C:/Users/Shubham/Documents/Unreal Projects/ShooterSam/Content/ParagonWraith/FX/Textures/Masks/T_TankMoteNoise.ubulk" 1172
"C:/Users/Shubham/Documents/Unreal Projects/ShooterSam/Content/ParagonWraith/FX/Textures/Masks/T_TankMoteNoise.uasset" 1173
"C:/Users/Shubham/Documents/Unreal Projects/ShooterSam/Content/ParagonWraith/FX/Textures/Masks/T_TankMoteNoise.uexp" 1174
"C:/Users/Shubham/Documents/Unreal Projects/ShooterSam/Content/ParagonWraith/FX/Textures/Sparks/T_StretchSpark_01.ubulk" 1175
"C:/Users/Shubham/Documents/Unreal Projects/ShooterSam/Content/ParagonWraith/FX/Textures/Sparks/T_StretchSpark_01.uasset" 1176
"C:/Users/Shubham/Documents/Unreal Projects/ShooterSam/Content/ParagonWraith/FX/Textures/Sparks/T_StretchSpark_01.uexp" 1177
"C:/Users/Shubham/Documents/Unreal Projects/ShooterSam/Content/ParagonWraith/FX/Materials/Heroes/M_Spark_VelocityLerp_TeamColor.uasset" 1178
"C:/Users/Shubham/Documents/Unreal Projects/ShooterSam/Content/ParagonWraith/FX/Materials/Heroes/M_Spark_VelocityLerp_TeamColor.uexp" 1179
"C:/Users/Shubham/Documents/Unreal Projects/ShooterSam/Content/ParagonWraith/FX/Materials/Heroes/M_Spark_VelocityLerp_Pellets_Inst.uasset" 1180
"C:/Users/Shubham/Documents/Unreal Projects/ShooterSam/Content/ParagonWraith/FX/Materials/Heroes/M_Spark_VelocityLerp_Pellets_Inst.uexp" 1181
"C:/Users/Shubham/Documents/Unreal Projects/ShooterSam/Content/ParagonWraith/FX/Materials/Functions/MF_CameraDistanceFade.uasset" 1182
"C:/Users/Shubham/Documents/Unreal Projects/ShooterSam/Content/ParagonWraith/FX/Materials/Functions/MF_CameraDistanceFade.uexp" 1183
"C:/Users/Shubham/Documents/Unreal Projects/ShooterSam/Content/ParagonWraith/FX/Textures/Energy/T_Plasma_Wisps.ubulk" 1184
"C:/Users/Shubham/Documents/Unreal Projects/ShooterSam/Content/ParagonWraith/FX/Textures/Energy/T_Plasma_Wisps.uasset" 1185
"C:/Users/Shubham/Documents/Unreal Projects/ShooterSam/Content/ParagonWraith/FX/Textures/Energy/T_Plasma_Wisps.uexp" 1186
"C:/Users/Shubham/Documents/Unreal Projects/ShooterSam/Content/ParagonWraith/FX/Textures/Energy/T_Plasma_Wisps_N.ubulk" 1187
"C:/Users/Shubham/Documents/Unreal Projects/ShooterSam/Content/ParagonWraith/FX/Textures/Energy/T_Plasma_Wisps_N.uasset" 1188
"C:/Users/Shubham/Documents/Unreal Projects/ShooterSam/Content/ParagonWraith/FX/Textures/Energy/T_Plasma_Wisps_N.uexp" 1189
"C:/Users/Shubham/Documents/Unreal Projects/ShooterSam/Content/ParagonWraith/FX/Materials/Smoke/M_WispySmokeTest.uasset" 1190
"C:/Users/Shubham/Documents/Unreal Projects/ShooterSam/Content/ParagonWraith/FX/Materials/Smoke/M_WispySmokeTest.uexp" 1191
"C:/Users/Shubham/Documents/Unreal Projects/ShooterSam/Content/ParagonWraith/FX/Textures/Sparks/T_Spark_Soft.ubulk" 1192
"C:/Users/Shubham/Documents/Unreal Projects/ShooterSam/Content/ParagonWraith/FX/Textures/Sparks/T_Spark_Soft.uasset" 1193
"C:/Users/Shubham/Documents/Unreal Projects/ShooterSam/Content/ParagonWraith/FX/Textures/Sparks/T_Spark_Soft.uexp" 1194
"C:/Users/Shubham/Documents/Unreal Projects/ShooterSam/Content/ParagonWraith/FX/Materials/Sparks/M_Hotdog_Spark_VLerp_MASTER.uasset" 1195
"C:/Users/Shubham/Documents/Unreal Projects/ShooterSam/Content/ParagonWraith/FX/Materials/Sparks/M_Hotdog_Spark_VLerp_MASTER.uexp" 1196
"C:/Users/Shubham/Documents/Unreal Projects/ShooterSam/Content/ParagonWraith/FX/Meshes/Smoke/SM_Plasma_Mesh.ubulk" 1197
"C:/Users/Shubham/Documents/Unreal Projects/ShooterSam/Content/ParagonWraith/FX/Meshes/Smoke/SM_Plasma_Mesh.uasset" 1198
"C:/Users/Shubham/Documents/Unreal Projects/ShooterSam/Content/ParagonWraith/FX/Meshes/Smoke/SM_Plasma_Mesh.uexp" 1199
"C:/Users/Shubham/Documents/Unreal Projects/ShooterSam/Content/ParagonWraith/FX/Textures/Explosions/T_Explosion_Test_v1_Depth.ubulk" 1200
"C:/Users/Shubham/Documents/Unreal Projects/ShooterSam/Content/ParagonWraith/FX/Textures/Explosions/T_Explosion_Test_v1_Depth.uasset" 1201
"C:/Users/Shubham/Documents/Unreal Projects/ShooterSam/Content/ParagonWraith/FX/Textures/Explosions/T_Explosion_Test_v1_Depth.uexp" 1202
"C:/Users/Shubham/Documents/Unreal Projects/ShooterSam/Content/ParagonWraith/FX/Textures/Flares/T_FlareWide_04.ubulk" 1203
"C:/Users/Shubham/Documents/Unreal Projects/ShooterSam/Content/ParagonWraith/FX/Textures/Flares/T_FlareWide_04.uasset" 1204
"C:/Users/Shubham/Documents/Unreal Projects/ShooterSam/Content/ParagonWraith/FX/Textures/Flares/T_FlareWide_04.uexp" 1205
"C:/Users/Shubham/Documents/Unreal Projects/ShooterSam/Content/ParagonWraith/FX/Textures/Smoke/T_SmokeJet_Element_01.ubulk" 1206
"C:/Users/Shubham/Documents/Unreal Projects/ShooterSam/Content/ParagonWraith/FX/Textures/Smoke/T_SmokeJet_Element_01.uasset" 1207
"C:/Users/Shubham/Documents/Unreal Projects/ShooterSam/Content/ParagonWraith/FX/Textures/Smoke/T_SmokeJet_Element_01.uexp" 1208
"C:/Users/Shubham/Documents/Unreal Projects/ShooterSam/Content/ParagonWraith/FX/Textures/Smoke/T_SmokeJet_Element_01_Depth.ubulk" 1209
"C:/Users/Shubham/Documents/Unreal Projects/ShooterSam/Content/ParagonWraith/FX/Textures/Smoke/T_SmokeJet_Element_01_Depth.uasset" 1210
"C:/Users/Shubham/Documents/Unreal Projects/ShooterSam/Content/ParagonWraith/FX/Textures/Smoke/T_SmokeJet_Element_01_Depth.uexp" 1211
"C:/Users/Shubham/Documents/Unreal Projects/ShooterSam/Content/ParagonWraith/FX/Textures/Smoke/T_SmokeJet_Element_01_N.ubulk" 1212
"C:/Users/Shubham/Documents/Unreal Projects/ShooterSam/Content/ParagonWraith/FX/Textures/Smoke/T_SmokeJet_Element_01_N.uasset" 1213
"C:/Users/Shubham/Documents/Unreal Projects/ShooterSam/Content/ParagonWraith/FX/Textures/Smoke/T_SmokeJet_Element_01_N.uexp" 1214
"../../../Engine/Content/EngineResources/DefaultTexture.ubulk" 1215
"../../../Engine/Content/EngineResources/DefaultTexture.uasset" 1216
"../../../Engine/Content/EngineResources/DefaultTexture.uexp" 1217
"../../../Engine/Content/EngineMaterials/FlatNormal.uasset" 1218
"../../../Engine/Content/EngineMaterials/FlatNormal.uexp" 1219
"C:/Users/Shubham/Documents/Unreal Projects/ShooterSam/Content/ParagonWraith/FX/Materials/Functions/MF_Tile_Isolate_XY.uasset" 1220
"C:/Users/Shubham/Documents/Unreal Projects/ShooterSam/Content/ParagonWraith/FX/Materials/Functions/MF_Tile_Isolate_XY.uexp" 1221
"C:/Users/Shubham/Documents/Unreal Projects/ShooterSam/Content/ParagonWraith/FX/Materials/Smoke/DirectionalLit/M_Directional_Lit_DepthSmoke_Master.uasset" 1222
"C:/Users/Shubham/Documents/Unreal Projects/ShooterSam/Content/ParagonWraith/FX/Materials/Smoke/DirectionalLit/M_Directional_Lit_DepthSmoke_Master.uexp" 1223
"C:/Users/Shubham/Documents/Unreal Projects/ShooterSam/Content/ParagonWraith/FX/Materials/Smoke/DirectionalLit/M_Directional_Lit_Depth_SmokeElement_Inst.uasset" 1224
"C:/Users/Shubham/Documents/Unreal Projects/ShooterSam/Content/ParagonWraith/FX/Materials/Smoke/DirectionalLit/M_Directional_Lit_Depth_SmokeElement_Inst.uexp" 1225
"C:/Users/Shubham/Documents/Unreal Projects/ShooterSam/Content/ParagonWraith/FX/Textures/Smoke/T_FluidSmoke_04.ubulk" 1226
"C:/Users/Shubham/Documents/Unreal Projects/ShooterSam/Content/ParagonWraith/FX/Textures/Smoke/T_FluidSmoke_04.uasset" 1227
"C:/Users/Shubham/Documents/Unreal Projects/ShooterSam/Content/ParagonWraith/FX/Textures/Smoke/T_FluidSmoke_04.uexp" 1228
"C:/Users/Shubham/Documents/Unreal Projects/ShooterSam/Content/ParagonWraith/FX/Textures/Smoke/T_FluidSmoke_04_Depth.ubulk" 1229
"C:/Users/Shubham/Documents/Unreal Projects/ShooterSam/Content/ParagonWraith/FX/Textures/Smoke/T_FluidSmoke_04_Depth.uasset" 1230
"C:/Users/Shubham/Documents/Unreal Projects/ShooterSam/Content/ParagonWraith/FX/Textures/Smoke/T_FluidSmoke_04_Depth.uexp" 1231
"C:/Users/Shubham/Documents/Unreal Projects/ShooterSam/Content/ParagonWraith/FX/Textures/Smoke/T_FluidSmoke_04_N.ubulk" 1232
"C:/Users/Shubham/Documents/Unreal Projects/ShooterSam/Content/ParagonWraith/FX/Textures/Smoke/T_FluidSmoke_04_N.uasset" 1233
"C:/Users/Shubham/Documents/Unreal Projects/ShooterSam/Content/ParagonWraith/FX/Textures/Smoke/T_FluidSmoke_04_N.uexp" 1234
"C:/Users/Shubham/Documents/Unreal Projects/ShooterSam/Content/ParagonWraith/FX/Materials/Smoke/DirectionalLit/M_Directional_Lit_Depth_Smoke_Spikey_Inst.uasset" 1235
"C:/Users/Shubham/Documents/Unreal Projects/ShooterSam/Content/ParagonWraith/FX/Materials/Smoke/DirectionalLit/M_Directional_Lit_Depth_Smoke_Spikey_Inst.uexp" 1236
"C:/Users/Shubham/Documents/Unreal Projects/ShooterSam/Content/ParagonWraith/FX/Materials/Functions/MF_ExplosionColor.uasset" 1237
"C:/Users/Shubham/Documents/Unreal Projects/ShooterSam/Content/ParagonWraith/FX/Materials/Functions/MF_ExplosionColor.uexp" 1238
"C:/Users/Shubham/Documents/Unreal Projects/ShooterSam/Content/ParagonWraith/FX/Textures/Explosions/T_Explosion_Test_v1_Normal.ubulk" 1239
"C:/Users/Shubham/Documents/Unreal Projects/ShooterSam/Content/ParagonWraith/FX/Textures/Explosions/T_Explosion_Test_v1_Normal.uasset" 1240
"C:/Users/Shubham/Documents/Unreal Projects/ShooterSam/Content/ParagonWraith/FX/Textures/Explosions/T_Explosion_Test_v1_Normal.uexp" 1241
"C:/Users/Shubham/Documents/Unreal Projects/ShooterSam/Content/ParagonWraith/FX/Textures/Explosions/T_Explosion_Test_v1_Temperature.ubulk" 1242
"C:/Users/Shubham/Documents/Unreal Projects/ShooterSam/Content/ParagonWraith/FX/Textures/Explosions/T_Explosion_Test_v1_Temperature.uasset" 1243
"C:/Users/Shubham/Documents/Unreal Projects/ShooterSam/Content/ParagonWraith/FX/Textures/Explosions/T_Explosion_Test_v1_Temperature.uexp" 1244
"C:/Users/Shubham/Documents/Unreal Projects/ShooterSam/Content/ParagonWraith/FX/Materials/Smoke/Hyperbreach/M_Smoke_Offset_Particles_SubUV_LIT.uasset" 1245
"C:/Users/Shubham/Documents/Unreal Projects/ShooterSam/Content/ParagonWraith/FX/Materials/Smoke/Hyperbreach/M_Smoke_Offset_Particles_SubUV_LIT.uexp" 1246
"C:/Users/Shubham/Documents/Unreal Projects/ShooterSam/Content/ParagonWraith/FX/Particles/Abilities/Primary/FX/P_Wraith_Primary_HitWorld_Converted.uasset" 1247
"C:/Users/Shubham/Documents/Unreal Projects/ShooterSam/Content/ParagonWraith/FX/Particles/Abilities/Primary/FX/P_Wraith_Primary_HitWorld_Converted.uexp" 1248
"C:/Users/Shubham/Documents/Unreal Projects/ShooterSam/Content/ParagonWraith/FX/Materials/Flares/M_Lensflare_TB_SoftGlow.uasset" 1249
"C:/Users/Shubham/Documents/Unreal Projects/ShooterSam/Content/ParagonWraith/FX/Materials/Flares/M_Lensflare_TB_SoftGlow.uexp" 1250
"C:/Users/Shubham/Documents/Unreal Projects/ShooterSam/Content/ParagonWraith/FX/Textures/MuzzleFlashes/T_Muzzle_Flash.ubulk" 1251
"C:/Users/Shubham/Documents/Unreal Projects/ShooterSam/Content/ParagonWraith/FX/Textures/MuzzleFlashes/T_Muzzle_Flash.uasset" 1252
"C:/Users/Shubham/Documents/Unreal Projects/ShooterSam/Content/ParagonWraith/FX/Textures/MuzzleFlashes/T_Muzzle_Flash.uexp" 1253
"C:/Users/Shubham/Documents/Unreal Projects/ShooterSam/Content/ParagonWraith/FX/Materials/MaterialFunctions/Textures/Noise/T_noise_flamy_Tile_NRM.ubulk" 1254
"C:/Users/Shubham/Documents/Unreal Projects/ShooterSam/Content/ParagonWraith/FX/Materials/MaterialFunctions/Textures/Noise/T_noise_flamy_Tile_NRM.uasset" 1255
"C:/Users/Shubham/Documents/Unreal Projects/ShooterSam/Content/ParagonWraith/FX/Materials/MaterialFunctions/Textures/Noise/T_noise_flamy_Tile_NRM.uexp" 1256
"C:/Users/Shubham/Documents/Unreal Projects/ShooterSam/Content/ParagonWraith/FX/Materials/Heroes/M_Wraith_Muzzle_Flash.uasset" 1257
"C:/Users/Shubham/Documents/Unreal Projects/ShooterSam/Content/ParagonWraith/FX/Materials/Heroes/M_Wraith_Muzzle_Flash.uexp" 1258
"C:/Users/Shubham/Documents/Unreal Projects/ShooterSam/Content/ParagonWraith/FX/Meshes/MuzzleFlashes/SM_Muzzle_Flash.ubulk" 1259
"C:/Users/Shubham/Documents/Unreal Projects/ShooterSam/Content/ParagonWraith/FX/Meshes/MuzzleFlashes/SM_Muzzle_Flash.uasset" 1260
"C:/Users/Shubham/Documents/Unreal Projects/ShooterSam/Content/ParagonWraith/FX/Meshes/MuzzleFlashes/SM_Muzzle_Flash.uexp" 1261
"C:/Users/Shubham/Documents/Unreal Projects/ShooterSam/Content/ParagonWraith/FX/Textures/Smoke/T_PriceSmoke_01_Depth.ubulk" 1262
"C:/Users/Shubham/Documents/Unreal Projects/ShooterSam/Content/ParagonWraith/FX/Textures/Smoke/T_PriceSmoke_01_Depth.uasset" 1263
"C:/Users/Shubham/Documents/Unreal Projects/ShooterSam/Content/ParagonWraith/FX/Textures/Smoke/T_PriceSmoke_01_Depth.uexp" 1264
"C:/Users/Shubham/Documents/Unreal Projects/ShooterSam/Content/ParagonWraith/FX/Textures/Smoke/T_WraithSmoke_01_N.ubulk" 1265
"C:/Users/Shubham/Documents/Unreal Projects/ShooterSam/Content/ParagonWraith/FX/Textures/Smoke/T_WraithSmoke_01_N.uasset" 1266
"C:/Users/Shubham/Documents/Unreal Projects/ShooterSam/Content/ParagonWraith/FX/Textures/Smoke/T_WraithSmoke_01_N.uexp" 1267
"C:/Users/Shubham/Documents/Unreal Projects/ShooterSam/Content/ParagonWraith/FX/Textures/Explosions/HyperBreach/T_FireBall_07D_Depth.ubulk" 1268
"C:/Users/Shubham/Documents/Unreal Projects/ShooterSam/Content/ParagonWraith/FX/Textures/Explosions/HyperBreach/T_FireBall_07D_Depth.uasset" 1269
"C:/Users/Shubham/Documents/Unreal Projects/ShooterSam/Content/ParagonWraith/FX/Textures/Explosions/HyperBreach/T_FireBall_07D_Depth.uexp" 1270
"C:/Users/Shubham/Documents/Unreal Projects/ShooterSam/Content/ParagonWraith/FX/Textures/Explosions/HyperBreach/T_FireBall_07D_N.ubulk" 1271
"C:/Users/Shubham/Documents/Unreal Projects/ShooterSam/Content/ParagonWraith/FX/Textures/Explosions/HyperBreach/T_FireBall_07D_N.uasset" 1272
"C:/Users/Shubham/Documents/Unreal Projects/ShooterSam/Content/ParagonWraith/FX/Textures/Explosions/HyperBreach/T_FireBall_07D_N.uexp" 1273
"C:/Users/Shubham/Documents/Unreal Projects/ShooterSam/Content/ParagonWraith/FX/Materials/Smoke/DirectionalLit/M_ResidualMuzzleSmoke_Master.uasset" 1274
"C:/Users/Shubham/Documents/Unreal Projects/ShooterSam/Content/ParagonWraith/FX/Materials/Smoke/DirectionalLit/M_ResidualMuzzleSmoke_Master.uexp" 1275
"C:/Users/Shubham/Documents/Unreal Projects/ShooterSam/Content/ParagonWraith/FX/Materials/Smoke/DirectionalLit/M_residualMuzzleSmoke_Inst.uasset" 1276
"C:/Users/Shubham/Documents/Unreal Projects/ShooterSam/Content/ParagonWraith/FX/Materials/Smoke/DirectionalLit/M_residualMuzzleSmoke_Inst.uexp" 1277
"C:/Users/Shubham/Documents/Unreal Projects/ShooterSam/Content/ParagonWraith/FX/Particles/Abilities/Primary/FX/P_Wraith_Primary_MuzzleFlash_Converted.uasset" 1278
"C:/Users/Shubham/Documents/Unreal Projects/ShooterSam/Content/ParagonWraith/FX/Particles/Abilities/Primary/FX/P_Wraith_Primary_MuzzleFlash_Converted.uexp" 1279
"C:/Users/Shubham/Documents/Unreal Projects/ShooterSam/Content/MyStuff/Blueprints/BP_Rifle.uasset" 1280
"C:/Users/Shubham/Documents/Unreal Projects/ShooterSam/Content/MyStuff/Blueprints/BP_Rifle.uexp" 1281
"C:/Users/Shubham/Documents/Unreal Projects/ShooterSam/Content/ParagonWraith/Characters/Heroes/Wraith/Meshes/Wraith_Extents.uasset" 1282
"C:/Users/Shubham/Documents/Unreal Projects/ShooterSam/Content/ParagonWraith/Characters/Heroes/Wraith/Meshes/Wraith_Extents.uexp" 1283
"../../../Engine/Content/Functions/Engine_MaterialFunctions01/Gradient/LinearGradient.uasset" 1284
"../../../Engine/Content/Functions/Engine_MaterialFunctions01/Gradient/LinearGradient.uexp" 1285
"../../../Engine/Content/Functions/Engine_MaterialFunctions01/ImageAdjustment/CheapContrast.uasset" 1286
"../../../Engine/Content/Functions/Engine_MaterialFunctions01/ImageAdjustment/CheapContrast.uexp" 1287
"../../../Engine/Content/Functions/Engine_MaterialFunctions01/Texturing/WorldAlignedTexture.uasset" 1288
"../../../Engine/Content/Functions/Engine_MaterialFunctions01/Texturing/WorldAlignedTexture.uexp" 1289
"../../../Engine/Content/Functions/Engine_MaterialFunctions02/Math/TimeWithSpeedVariable.uasset" 1290
"../../../Engine/Content/Functions/Engine_MaterialFunctions02/Math/TimeWithSpeedVariable.uexp" 1291
"../../../Engine/Content/Functions/MaterialLayerFunctions/MatLayerBlend_OverrideBaseColor.uasset" 1292
"../../../Engine/Content/Functions/MaterialLayerFunctions/MatLayerBlend_OverrideBaseColor.uexp" 1293
"../../../Engine/Content/Functions/MaterialLayerFunctions/MatLayerBlend_BreakBaseColor.uasset" 1294
"../../../Engine/Content/Functions/MaterialLayerFunctions/MatLayerBlend_BreakBaseColor.uexp" 1295
"../../../Engine/Content/Functions/MaterialLayerFunctions/MatLayerBlend_TenLayerBlend.uasset" 1296
"../../../Engine/Content/Functions/MaterialLayerFunctions/MatLayerBlend_TenLayerBlend.uexp" 1297
"../../../Engine/Content/Functions/MaterialLayerFunctions/MatLayerBlend_Tint.uasset" 1298
"../../../Engine/Content/Functions/MaterialLayerFunctions/MatLayerBlend_Tint.uexp" 1299
"../../../Engine/Content/Functions/Engine_MaterialFunctions01/Shading/MetallicShading.uasset" 1300
"../../../Engine/Content/Functions/Engine_MaterialFunctions01/Shading/MetallicShading.uexp" 1301
"../../../Engine/Content/Functions/Engine_MaterialFunctions03/Blends/Lerp_ScratchGrime.uasset" 1302
"../../../Engine/Content/Functions/Engine_MaterialFunctions03/Blends/Lerp_ScratchGrime.uexp" 1303
"C:/Users/Shubham/Documents/Unreal Projects/ShooterSam/Content/ParagonWraith/Characters/Global/MaterialFunctions/MF_BrightnessAdjust.uasset" 1304
"C:/Users/Shubham/Documents/Unreal Projects/ShooterSam/Content/ParagonWraith/Characters/Global/MaterialFunctions/MF_BrightnessAdjust.uexp" 1305
"C:/Users/Shubham/Documents/Unreal Projects/ShooterSam/Content/ParagonWraith/Characters/Global/MaterialFunctions/Textures/T_AtmosphericCloudNoise01.ubulk" 1306
"C:/Users/Shubham/Documents/Unreal Projects/ShooterSam/Content/ParagonWraith/Characters/Global/MaterialFunctions/Textures/T_AtmosphericCloudNoise01.uasset" 1307
"C:/Users/Shubham/Documents/Unreal Projects/ShooterSam/Content/ParagonWraith/Characters/Global/MaterialFunctions/Textures/T_AtmosphericCloudNoise01.uexp" 1308
"C:/Users/Shubham/Documents/Unreal Projects/ShooterSam/Content/ParagonWraith/Characters/Global/MaterialFunctions/Textures/T_AtmosphericCloudNoise01_N.ubulk" 1309
"C:/Users/Shubham/Documents/Unreal Projects/ShooterSam/Content/ParagonWraith/Characters/Global/MaterialFunctions/Textures/T_AtmosphericCloudNoise01_N.uasset" 1310
"C:/Users/Shubham/Documents/Unreal Projects/ShooterSam/Content/ParagonWraith/Characters/Global/MaterialFunctions/Textures/T_AtmosphericCloudNoise01_N.uexp" 1311
"C:/Users/Shubham/Documents/Unreal Projects/ShooterSam/Content/ParagonWraith/Characters/Global/MaterialFunctions/Textures/T_AtmosphericCloudNoise03.ubulk" 1312
"C:/Users/Shubham/Documents/Unreal Projects/ShooterSam/Content/ParagonWraith/Characters/Global/MaterialFunctions/Textures/T_AtmosphericCloudNoise03.uasset" 1313
"C:/Users/Shubham/Documents/Unreal Projects/ShooterSam/Content/ParagonWraith/Characters/Global/MaterialFunctions/Textures/T_AtmosphericCloudNoise03.uexp" 1314
"C:/Users/Shubham/Documents/Unreal Projects/ShooterSam/Content/ParagonWraith/Characters/Global/MaterialFunctions/MF_DeathFade.uasset" 1315
"C:/Users/Shubham/Documents/Unreal Projects/ShooterSam/Content/ParagonWraith/Characters/Global/MaterialFunctions/MF_DeathFade.uexp" 1316
"../../../Engine/Content/EngineMaterials/DefaultNormal.ubulk" 1317
"../../../Engine/Content/EngineMaterials/DefaultNormal.uasset" 1318
"../../../Engine/Content/EngineMaterials/DefaultNormal.uexp" 1319
"C:/Users/Shubham/Documents/Unreal Projects/ShooterSam/Content/ParagonWraith/Characters/Global/MaterialLayers/T_TestML_Mask.ubulk" 1320
"C:/Users/Shubham/Documents/Unreal Projects/ShooterSam/Content/ParagonWraith/Characters/Global/MaterialLayers/T_TestML_Mask.uasset" 1321
"C:/Users/Shubham/Documents/Unreal Projects/ShooterSam/Content/ParagonWraith/Characters/Global/MaterialLayers/T_TestML_Mask.uexp" 1322
"C:/Users/Shubham/Documents/Unreal Projects/ShooterSam/Content/ParagonWraith/Characters/Global/MaterialLayers/ML__Blank.uasset" 1323
"C:/Users/Shubham/Documents/Unreal Projects/ShooterSam/Content/ParagonWraith/Characters/Global/MaterialLayers/ML__Blank.uexp" 1324
"C:/Users/Shubham/Documents/Unreal Projects/ShooterSam/Content/ParagonWraith/Characters/Global/ParameterCollections/OrionGlobalGameplayCollection.uasset" 1325
"C:/Users/Shubham/Documents/Unreal Projects/ShooterSam/Content/ParagonWraith/Characters/Global/ParameterCollections/OrionGlobalGameplayCollection.uexp" 1326
"C:/Users/Shubham/Documents/Unreal Projects/ShooterSam/Content/ParagonWraith/Characters/Global/MaterialFunctions/MF_HitFlash.uasset" 1327
"C:/Users/Shubham/Documents/Unreal Projects/ShooterSam/Content/ParagonWraith/Characters/Global/MaterialFunctions/MF_HitFlash.uexp" 1328
"C:/Users/Shubham/Documents/Unreal Projects/ShooterSam/Content/ParagonWraith/Characters/Global/MaterialFunctions/MaterialLayerConstructors/MLC_ScratchAndGrime.uasset" 1329
"C:/Users/Shubham/Documents/Unreal Projects/ShooterSam/Content/ParagonWraith/Characters/Global/MaterialFunctions/MaterialLayerConstructors/MLC_ScratchAndGrime.uexp" 1330
"C:/Users/Shubham/Documents/Unreal Projects/ShooterSam/Content/ParagonWraith/Characters/Global/MaterialFunctions/MaterialLayerConstructors/MLC_Standard.uasset" 1331
"C:/Users/Shubham/Documents/Unreal Projects/ShooterSam/Content/ParagonWraith/Characters/Global/MaterialFunctions/MaterialLayerConstructors/MLC_Standard.uexp" 1332
"C:/Users/Shubham/Documents/Unreal Projects/ShooterSam/Content/ParagonWraith/Characters/Global/MaterialLayers/Metal/T_Blue_Metal02.ubulk" 1333
"C:/Users/Shubham/Documents/Unreal Projects/ShooterSam/Content/ParagonWraith/Characters/Global/MaterialLayers/Metal/T_Blue_Metal02.uasset" 1334
"C:/Users/Shubham/Documents/Unreal Projects/ShooterSam/Content/ParagonWraith/Characters/Global/MaterialLayers/Metal/T_Blue_Metal02.uexp" 1335
"C:/Users/Shubham/Documents/Unreal Projects/ShooterSam/Content/ParagonWraith/Characters/Global/MaterialLayers/Rubber/T_Blank_N.uasset" 1336
"C:/Users/Shubham/Documents/Unreal Projects/ShooterSam/Content/ParagonWraith/Characters/Global/MaterialLayers/Rubber/T_Blank_N.uexp" 1337
"C:/Users/Shubham/Documents/Unreal Projects/ShooterSam/Content/ParagonWraith/Characters/Global/MaterialLayers/Metal/ML_blue_Metal.uasset" 1338
"C:/Users/Shubham/Documents/Unreal Projects/ShooterSam/Content/ParagonWraith/Characters/Global/MaterialLayers/Metal/ML_blue_Metal.uexp" 1339
"C:/Users/Shubham/Documents/Unreal Projects/ShooterSam/Content/ParagonWraith/Characters/Global/MaterialFunctions/MF_OrionRimlight.uasset" 1340
"C:/Users/Shubham/Documents/Unreal Projects/ShooterSam/Content/ParagonWraith/Characters/Global/MaterialFunctions/MF_OrionRimlight.uexp" 1341
"C:/Users/Shubham/Documents/Unreal Projects/ShooterSam/Content/ParagonWraith/Characters/Global/MaterialFunctions/MF_CharacterEffects.uasset" 1342
"C:/Users/Shubham/Documents/Unreal Projects/ShooterSam/Content/ParagonWraith/Characters/Global/MaterialFunctions/MF_CharacterEffects.uexp" 1343
"C:/Users/Shubham/Documents/Unreal Projects/ShooterSam/Content/ParagonWraith/Characters/Global/MaterialFunctions/MF_Character_MaterialLayerQuality.uasset" 1344
"C:/Users/Shubham/Documents/Unreal Projects/ShooterSam/Content/ParagonWraith/Characters/Global/MaterialFunctions/MF_Character_MaterialLayerQuality.uexp" 1345
"C:/Users/Shubham/Documents/Unreal Projects/ShooterSam/Content/ParagonWraith/Characters/Global/T_Black_Linear.uasset" 1346
"C:/Users/Shubham/Documents/Unreal Projects/ShooterSam/Content/ParagonWraith/Characters/Global/T_Black_Linear.uexp" 1347
"C:/Users/Shubham/Documents/Unreal Projects/ShooterSam/Content/ParagonWraith/Characters/Global/MaterialFunctions/MF_OrionCharacterAO.uasset" 1348
"C:/Users/Shubham/Documents/Unreal Projects/ShooterSam/Content/ParagonWraith/Characters/Global/MaterialFunctions/MF_OrionCharacterAO.uexp" 1349
"C:/Users/Shubham/Documents/Unreal Projects/ShooterSam/Content/ParagonWraith/Characters/Global/MaterialFunctions/MaterialLayerConstructors/MF_BaseColorTintAndContrast.uasset" 1350
"C:/Users/Shubham/Documents/Unreal Projects/ShooterSam/Content/ParagonWraith/Characters/Global/MaterialFunctions/MaterialLayerConstructors/MF_BaseColorTintAndContrast.uexp" 1351
"C:/Users/Shubham/Documents/Unreal Projects/ShooterSam/Content/ParagonWraith/Characters/Global/MaterialFunctions/MaterialLayerConstructors/MF_RoughnessAdjustment.uasset" 1352
"C:/Users/Shubham/Documents/Unreal Projects/ShooterSam/Content/ParagonWraith/Characters/Global/MaterialFunctions/MaterialLayerConstructors/MF_RoughnessAdjustment.uexp" 1353
"C:/Users/Shubham/Documents/Unreal Projects/ShooterSam/Content/ParagonWraith/Characters/Global/MaterialFunctions/MaterialLayerConstructors/MLC_SolidValues.uasset" 1354
"C:/Users/Shubham/Documents/Unreal Projects/ShooterSam/Content/ParagonWraith/Characters/Global/MaterialFunctions/MaterialLayerConstructors/MLC_SolidValues.uexp" 1355
"C:/Users/Shubham/Documents/Unreal Projects/ShooterSam/Content/ParagonWraith/Characters/Global/MaterialLayers/Fabric/MF_ClothShading.uasset" 1356
"C:/Users/Shubham/Documents/Unreal Projects/ShooterSam/Content/ParagonWraith/Characters/Global/MaterialLayers/Fabric/MF_ClothShading.uexp" 1357
"C:/Users/Shubham/Documents/Unreal Projects/ShooterSam/Content/ParagonWraith/Characters/Global/MaterialLayers/Fabric/T_nylonstap_N.ubulk" 1358
"C:/Users/Shubham/Documents/Unreal Projects/ShooterSam/Content/ParagonWraith/Characters/Global/MaterialLayers/Fabric/T_nylonstap_N.uasset" 1359
"C:/Users/Shubham/Documents/Unreal Projects/ShooterSam/Content/ParagonWraith/Characters/Global/MaterialLayers/Fabric/T_nylonstap_N.uexp" 1360
"C:/Users/Shubham/Documents/Unreal Projects/ShooterSam/Content/ParagonWraith/Characters/Global/MaterialLayers/Fabric/T_nylonstap_D.ubulk" 1361
"C:/Users/Shubham/Documents/Unreal Projects/ShooterSam/Content/ParagonWraith/Characters/Global/MaterialLayers/Fabric/T_nylonstap_D.uasset" 1362
"C:/Users/Shubham/Documents/Unreal Projects/ShooterSam/Content/ParagonWraith/Characters/Global/MaterialLayers/Fabric/T_nylonstap_D.uexp" 1363
"C:/Users/Shubham/Documents/Unreal Projects/ShooterSam/Content/ParagonWraith/Characters/Global/MaterialLayers/Fabric/ML_NylonStrap.uasset" 1364
"C:/Users/Shubham/Documents/Unreal Projects/ShooterSam/Content/ParagonWraith/Characters/Global/MaterialLayers/Fabric/ML_NylonStrap.uexp" 1365
"C:/Users/Shubham/Documents/Unreal Projects/ShooterSam/Content/ParagonWraith/Characters/Global/MaterialLayers/Metal/T_Brushed_Copper_D.ubulk" 1366
"C:/Users/Shubham/Documents/Unreal Projects/ShooterSam/Content/ParagonWraith/Characters/Global/MaterialLayers/Metal/T_Brushed_Copper_D.uasset" 1367
"C:/Users/Shubham/Documents/Unreal Projects/ShooterSam/Content/ParagonWraith/Characters/Global/MaterialLayers/Metal/T_Brushed_Copper_D.uexp" 1368
"C:/Users/Shubham/Documents/Unreal Projects/ShooterSam/Content/ParagonWraith/Characters/Global/MaterialLayers/Metal/T_Brushed_Copper_N.ubulk" 1369
"C:/Users/Shubham/Documents/Unreal Projects/ShooterSam/Content/ParagonWraith/Characters/Global/MaterialLayers/Metal/T_Brushed_Copper_N.uasset" 1370
"C:/Users/Shubham/Documents/Unreal Projects/ShooterSam/Content/ParagonWraith/Characters/Global/MaterialLayers/Metal/T_Brushed_Copper_N.uexp" 1371
"C:/Users/Shubham/Documents/Unreal Projects/ShooterSam/Content/ParagonWraith/Characters/Global/MaterialLayers/Metal/ML_AnodizedAluminium.uasset" 1372
"C:/Users/Shubham/Documents/Unreal Projects/ShooterSam/Content/ParagonWraith/Characters/Global/MaterialLayers/Metal/ML_AnodizedAluminium.uexp" 1373
"C:/Users/Shubham/Documents/Unreal Projects/ShooterSam/Content/ParagonWraith/Characters/Global/MaterialLayers/Metal/T_hardmetal2_D.ubulk" 1374
"C:/Users/Shubham/Documents/Unreal Projects/ShooterSam/Content/ParagonWraith/Characters/Global/MaterialLayers/Metal/T_hardmetal2_D.uasset" 1375
"C:/Users/Shubham/Documents/Unreal Projects/ShooterSam/Content/ParagonWraith/Characters/Global/MaterialLayers/Metal/T_hardmetal2_D.uexp" 1376
"C:/Users/Shubham/Documents/Unreal Projects/ShooterSam/Content/ParagonWraith/Characters/Global/MaterialLayers/Metal/T_ML_Aluminum_01_N.ubulk" 1377
"C:/Users/Shubham/Documents/Unreal Projects/ShooterSam/Content/ParagonWraith/Characters/Global/MaterialLayers/Metal/T_ML_Aluminum_01_N.uasset" 1378
"C:/Users/Shubham/Documents/Unreal Projects/ShooterSam/Content/ParagonWraith/Characters/Global/MaterialLayers/Metal/T_ML_Aluminum_01_N.uexp" 1379
"C:/Users/Shubham/Documents/Unreal Projects/ShooterSam/Content/ParagonWraith/Characters/Global/MaterialLayers/Metal/ML_LowContrastHardMetal.uasset" 1380
"C:/Users/Shubham/Documents/Unreal Projects/ShooterSam/Content/ParagonWraith/Characters/Global/MaterialLayers/Metal/ML_LowContrastHardMetal.uexp" 1381
"C:/Users/Shubham/Documents/Unreal Projects/ShooterSam/Content/ParagonWraith/FX/Materials/MaterialLayers/Rubber/T_ML_FineRubber_N.ubulk" 1382
"C:/Users/Shubham/Documents/Unreal Projects/ShooterSam/Content/ParagonWraith/FX/Materials/MaterialLayers/Rubber/T_ML_FineRubber_N.uasset" 1383
"C:/Users/Shubham/Documents/Unreal Projects/ShooterSam/Content/ParagonWraith/FX/Materials/MaterialLayers/Rubber/T_ML_FineRubber_N.uexp" 1384
"C:/Users/Shubham/Documents/Unreal Projects/ShooterSam/Content/ParagonWraith/FX/Textures/Heroes/Wraith/T_Wraith_BackPackbody_RGBA.ubulk" 1385
"C:/Users/Shubham/Documents/Unreal Projects/ShooterSam/Content/ParagonWraith/FX/Textures/Heroes/Wraith/T_Wraith_BackPackbody_RGBA.uasset" 1386
"C:/Users/Shubham/Documents/Unreal Projects/ShooterSam/Content/ParagonWraith/FX/Textures/Heroes/Wraith/T_Wraith_BackPackbody_RGBA.uexp" 1387
"C:/Users/Shubham/Documents/Unreal Projects/ShooterSam/Content/ParagonWraith/FX/Materials/Heroes/Wraith/MLayer/T_TireRubber_R.ubulk" 1388
"C:/Users/Shubham/Documents/Unreal Projects/ShooterSam/Content/ParagonWraith/FX/Materials/Heroes/Wraith/MLayer/T_TireRubber_R.uasset" 1389
"C:/Users/Shubham/Documents/Unreal Projects/ShooterSam/Content/ParagonWraith/FX/Materials/Heroes/Wraith/MLayer/T_TireRubber_R.uexp" 1390
"C:/Users/Shubham/Documents/Unreal Projects/ShooterSam/Content/ParagonWraith/FX/Materials/Heroes/Wraith/MLayer/MF_Wraithlatex.uasset" 1391
"C:/Users/Shubham/Documents/Unreal Projects/ShooterSam/Content/ParagonWraith/FX/Materials/Heroes/Wraith/MLayer/MF_Wraithlatex.uexp" 1392
"C:/Users/Shubham/Documents/Unreal Projects/ShooterSam/Content/ParagonWraith/Characters/Heroes/Wraith/Skins/LunarOps/Textures/T_Accessories_ts_DEMO.ubulk" 1393
"C:/Users/Shubham/Documents/Unreal Projects/ShooterSam/Content/ParagonWraith/Characters/Heroes/Wraith/Skins/LunarOps/Textures/T_Accessories_ts_DEMO.uasset" 1394
"C:/Users/Shubham/Documents/Unreal Projects/ShooterSam/Content/ParagonWraith/Characters/Heroes/Wraith/Skins/LunarOps/Textures/T_Accessories_ts_DEMO.uexp" 1395
"C:/Users/Shubham/Documents/Unreal Projects/ShooterSam/Content/ParagonWraith/Characters/Heroes/Wraith/Skins/LunarOps/Textures/T_Wraith_attachment_LunarOps_Mask1.ubulk" 1396
"C:/Users/Shubham/Documents/Unreal Projects/ShooterSam/Content/ParagonWraith/Characters/Heroes/Wraith/Skins/LunarOps/Textures/T_Wraith_attachment_LunarOps_Mask1.uasset" 1397
"C:/Users/Shubham/Documents/Unreal Projects/ShooterSam/Content/ParagonWraith/Characters/Heroes/Wraith/Skins/LunarOps/Textures/T_Wraith_attachment_LunarOps_Mask1.uexp" 1398
"C:/Users/Shubham/Documents/Unreal Projects/ShooterSam/Content/ParagonWraith/Characters/Heroes/Wraith/Skins/LunarOps/Textures/T_Wraith_attachment_LunarOps_Mask2.ubulk" 1399
"C:/Users/Shubham/Documents/Unreal Projects/ShooterSam/Content/ParagonWraith/Characters/Heroes/Wraith/Skins/LunarOps/Textures/T_Wraith_attachment_LunarOps_Mask2.uasset" 1400
"C:/Users/Shubham/Documents/Unreal Projects/ShooterSam/Content/ParagonWraith/Characters/Heroes/Wraith/Skins/LunarOps/Textures/T_Wraith_attachment_LunarOps_Mask2.uexp" 1401
"C:/Users/Shubham/Documents/Unreal Projects/ShooterSam/Content/ParagonWraith/Characters/Heroes/Wraith/Skins/LunarOps/Textures/T_Wraith_attachment_LunarOps_RGB.ubulk" 1402
"C:/Users/Shubham/Documents/Unreal Projects/ShooterSam/Content/ParagonWraith/Characters/Heroes/Wraith/Skins/LunarOps/Textures/T_Wraith_attachment_LunarOps_RGB.uasset" 1403
"C:/Users/Shubham/Documents/Unreal Projects/ShooterSam/Content/ParagonWraith/Characters/Heroes/Wraith/Skins/LunarOps/Textures/T_Wraith_attachment_LunarOps_RGB.uexp" 1404
"C:/Users/Shubham/Documents/Unreal Projects/ShooterSam/Content/ParagonWraith/Characters/Heroes/Wraith/Skins/LunarOps/Materials/ML/T_FlakeMask.ubulk" 1405
"C:/Users/Shubham/Documents/Unreal Projects/ShooterSam/Content/ParagonWraith/Characters/Heroes/Wraith/Skins/LunarOps/Materials/ML/T_FlakeMask.uasset" 1406
"C:/Users/Shubham/Documents/Unreal Projects/ShooterSam/Content/ParagonWraith/Characters/Heroes/Wraith/Skins/LunarOps/Materials/ML/T_FlakeMask.uexp" 1407
"C:/Users/Shubham/Documents/Unreal Projects/ShooterSam/Content/ParagonWraith/Characters/Heroes/Wraith/Skins/LunarOps/Materials/ML/MF_Sparkle_ramdon.uasset" 1408
"C:/Users/Shubham/Documents/Unreal Projects/ShooterSam/Content/ParagonWraith/Characters/Heroes/Wraith/Skins/LunarOps/Materials/ML/MF_Sparkle_ramdon.uexp" 1409
"../../../Engine/Content/EngineMaterials/RandomAngles.uasset" 1410
"../../../Engine/Content/EngineMaterials/RandomAngles.uexp" 1411
"C:/Users/Shubham/Documents/Unreal Projects/ShooterSam/Content/ParagonWraith/Characters/Heroes/Wraith/Skins/LunarOps/Materials/ML/T_Bump_N.ubulk" 1412
"C:/Users/Shubham/Documents/Unreal Projects/ShooterSam/Content/ParagonWraith/Characters/Heroes/Wraith/Skins/LunarOps/Materials/ML/T_Bump_N.uasset" 1413
"C:/Users/Shubham/Documents/Unreal Projects/ShooterSam/Content/ParagonWraith/Characters/Heroes/Wraith/Skins/LunarOps/Materials/ML/T_Bump_N.uexp" 1414
"C:/Users/Shubham/Documents/Unreal Projects/ShooterSam/Content/ParagonWraith/Characters/Heroes/Wraith/Skins/LunarOps/Materials/ML/MF_Wraith_CarPaint.uasset" 1415
"C:/Users/Shubham/Documents/Unreal Projects/ShooterSam/Content/ParagonWraith/Characters/Heroes/Wraith/Skins/LunarOps/Materials/ML/MF_Wraith_CarPaint.uexp" 1416
"C:/Users/Shubham/Documents/Unreal Projects/ShooterSam/Content/ParagonWraith/Characters/Heroes/Wraith/Skins/LunarOps/Materials/M_Wraith_Attachment_LunarOps.uasset" 1417
"C:/Users/Shubham/Documents/Unreal Projects/ShooterSam/Content/ParagonWraith/Characters/Heroes/Wraith/Skins/LunarOps/Materials/M_Wraith_Attachment_LunarOps.uexp" 1418
"C:/Users/Shubham/Documents/Unreal Projects/ShooterSam/Content/ParagonWraith/Characters/Global/MaterialLayers/Metal/ML_Brushed_Copper2.uasset" 1419
"C:/Users/Shubham/Documents/Unreal Projects/ShooterSam/Content/ParagonWraith/Characters/Global/MaterialLayers/Metal/ML_Brushed_Copper2.uexp" 1420
"C:/Users/Shubham/Documents/Unreal Projects/ShooterSam/Content/ParagonWraith/Characters/Global/MaterialLayers/Metal/T_Metal_Scratched_Circular_01_COLOR.ubulk" 1421
"C:/Users/Shubham/Documents/Unreal Projects/ShooterSam/Content/ParagonWraith/Characters/Global/MaterialLayers/Metal/T_Metal_Scratched_Circular_01_COLOR.uasset" 1422
"C:/Users/Shubham/Documents/Unreal Projects/ShooterSam/Content/ParagonWraith/Characters/Global/MaterialLayers/Metal/T_Metal_Scratched_Circular_01_COLOR.uexp" 1423
"C:/Users/Shubham/Documents/Unreal Projects/ShooterSam/Content/ParagonWraith/Characters/Global/MaterialLayers/Metal/T_Metal_Scratched_Circular_01_N.ubulk" 1424
"C:/Users/Shubham/Documents/Unreal Projects/ShooterSam/Content/ParagonWraith/Characters/Global/MaterialLayers/Metal/T_Metal_Scratched_Circular_01_N.uasset" 1425
"C:/Users/Shubham/Documents/Unreal Projects/ShooterSam/Content/ParagonWraith/Characters/Global/MaterialLayers/Metal/T_Metal_Scratched_Circular_01_N.uexp" 1426
"C:/Users/Shubham/Documents/Unreal Projects/ShooterSam/Content/ParagonWraith/Characters/Global/MaterialLayers/Metal/T_Noise_Rough_Dark_Big.ubulk" 1427
"C:/Users/Shubham/Documents/Unreal Projects/ShooterSam/Content/ParagonWraith/Characters/Global/MaterialLayers/Metal/T_Noise_Rough_Dark_Big.uasset" 1428
"C:/Users/Shubham/Documents/Unreal Projects/ShooterSam/Content/ParagonWraith/Characters/Global/MaterialLayers/Metal/T_Noise_Rough_Dark_Big.uexp" 1429
"C:/Users/Shubham/Documents/Unreal Projects/ShooterSam/Content/ParagonWraith/Characters/Global/MaterialLayers/Metal/T_ScratchMask.ubulk" 1430
"C:/Users/Shubham/Documents/Unreal Projects/ShooterSam/Content/ParagonWraith/Characters/Global/MaterialLayers/Metal/T_ScratchMask.uasset" 1431
"C:/Users/Shubham/Documents/Unreal Projects/ShooterSam/Content/ParagonWraith/Characters/Global/MaterialLayers/Metal/T_ScratchMask.uexp" 1432
"C:/Users/Shubham/Documents/Unreal Projects/ShooterSam/Content/ParagonWraith/Characters/Global/MaterialLayers/Metal/ML_Metal_Scratched_Circular.uasset" 1433
"C:/Users/Shubham/Documents/Unreal Projects/ShooterSam/Content/ParagonWraith/Characters/Global/MaterialLayers/Metal/ML_Metal_Scratched_Circular.uexp" 1434
"C:/Users/Shubham/Documents/Unreal Projects/ShooterSam/Content/ParagonWraith/Characters/Global/MaterialLayers/Metal/T_Blank_N.ubulk" 1435
"C:/Users/Shubham/Documents/Unreal Projects/ShooterSam/Content/ParagonWraith/Characters/Global/MaterialLayers/Metal/T_Blank_N.uasset" 1436
"C:/Users/Shubham/Documents/Unreal Projects/ShooterSam/Content/ParagonWraith/Characters/Global/MaterialLayers/Metal/T_Blank_N.uexp" 1437
"C:/Users/Shubham/Documents/Unreal Projects/ShooterSam/Content/ParagonWraith/Characters/Global/MaterialLayers/Synthetics/T_Wraith_Eye_D.ubulk" 1438
"C:/Users/Shubham/Documents/Unreal Projects/ShooterSam/Content/ParagonWraith/Characters/Global/MaterialLayers/Synthetics/T_Wraith_Eye_D.uasset" 1439
"C:/Users/Shubham/Documents/Unreal Projects/ShooterSam/Content/ParagonWraith/Characters/Global/MaterialLayers/Synthetics/T_Wraith_Eye_D.uexp" 1440
"C:/Users/Shubham/Documents/Unreal Projects/ShooterSam/Content/ParagonWraith/Characters/Global/MaterialLayers/Synthetics/ML_Gem.uasset" 1441
"C:/Users/Shubham/Documents/Unreal Projects/ShooterSam/Content/ParagonWraith/Characters/Global/MaterialLayers/Synthetics/ML_Gem.uexp" 1442
"C:/Users/Shubham/Documents/Unreal Projects/ShooterSam/Content/ParagonWraith/Characters/Heroes/Wraith/Textures/T_Wraith_BackPackbody_RGBA.ubulk" 1443
"C:/Users/Shubham/Documents/Unreal Projects/ShooterSam/Content/ParagonWraith/Characters/Heroes/Wraith/Textures/T_Wraith_BackPackbody_RGBA.uasset" 1444
"C:/Users/Shubham/Documents/Unreal Projects/ShooterSam/Content/ParagonWraith/Characters/Heroes/Wraith/Textures/T_Wraith_BackPackbody_RGBA.uexp" 1445
"C:/Users/Shubham/Documents/Unreal Projects/ShooterSam/Content/ParagonWraith/Characters/Heroes/Wraith/Textures/T_Wraith_Backpack_Mask2.ubulk" 1446
"C:/Users/Shubham/Documents/Unreal Projects/ShooterSam/Content/ParagonWraith/Characters/Heroes/Wraith/Textures/T_Wraith_Backpack_Mask2.uasset" 1447
"C:/Users/Shubham/Documents/Unreal Projects/ShooterSam/Content/ParagonWraith/Characters/Heroes/Wraith/Textures/T_Wraith_Backpack_Mask2.uexp" 1448
"C:/Users/Shubham/Documents/Unreal Projects/ShooterSam/Content/ParagonWraith/Characters/Heroes/Wraith/Textures/T_Wraith_backpack_N_DEMO.ubulk" 1449
"C:/Users/Shubham/Documents/Unreal Projects/ShooterSam/Content/ParagonWraith/Characters/Heroes/Wraith/Textures/T_Wraith_backpack_N_DEMO.uasset" 1450
"C:/Users/Shubham/Documents/Unreal Projects/ShooterSam/Content/ParagonWraith/Characters/Heroes/Wraith/Textures/T_Wraith_backpack_N_DEMO.uexp" 1451
"C:/Users/Shubham/Documents/Unreal Projects/ShooterSam/Content/ParagonWraith/Characters/Heroes/Wraith/Textures/T_Wraith_Emissive_Mask.ubulk" 1452
"C:/Users/Shubham/Documents/Unreal Projects/ShooterSam/Content/ParagonWraith/Characters/Heroes/Wraith/Textures/T_Wraith_Emissive_Mask.uasset" 1453
"C:/Users/Shubham/Documents/Unreal Projects/ShooterSam/Content/ParagonWraith/Characters/Heroes/Wraith/Textures/T_Wraith_Emissive_Mask.uexp" 1454
"C:/Users/Shubham/Documents/Unreal Projects/ShooterSam/Content/ParagonWraith/Characters/Heroes/Wraith/Materials/MLayer/MF_Wraith_Emissive_Fade.uasset" 1455
"C:/Users/Shubham/Documents/Unreal Projects/ShooterSam/Content/ParagonWraith/Characters/Heroes/Wraith/Materials/MLayer/MF_Wraith_Emissive_Fade.uexp" 1456
"C:/Users/Shubham/Documents/Unreal Projects/ShooterSam/Content/ParagonWraith/Characters/Heroes/Wraith/Skins/LunarOps/Textures/T_Wraith_Backpack_LunarOps_Mask.ubulk" 1457
"C:/Users/Shubham/Documents/Unreal Projects/ShooterSam/Content/ParagonWraith/Characters/Heroes/Wraith/Skins/LunarOps/Textures/T_Wraith_Backpack_LunarOps_Mask.uasset" 1458
"C:/Users/Shubham/Documents/Unreal Projects/ShooterSam/Content/ParagonWraith/Characters/Heroes/Wraith/Skins/LunarOps/Textures/T_Wraith_Backpack_LunarOps_Mask.uexp" 1459
"C:/Users/Shubham/Documents/Unreal Projects/ShooterSam/Content/ParagonWraith/Characters/Heroes/Wraith/Skins/LunarOps/Materials/M_Wraith_Backpack_LunarOps.uasset" 1460
"C:/Users/Shubham/Documents/Unreal Projects/ShooterSam/Content/ParagonWraith/Characters/Heroes/Wraith/Skins/LunarOps/Materials/M_Wraith_Backpack_LunarOps.uexp" 1461
"C:/Users/Shubham/Documents/Unreal Projects/ShooterSam/Content/ParagonWraith/Characters/Global/MaterialLayers/Painted/T_Cream_Painted_Metal_N.ubulk" 1462
"C:/Users/Shubham/Documents/Unreal Projects/ShooterSam/Content/ParagonWraith/Characters/Global/MaterialLayers/Painted/T_Cream_Painted_Metal_N.uasset" 1463
"C:/Users/Shubham/Documents/Unreal Projects/ShooterSam/Content/ParagonWraith/Characters/Global/MaterialLayers/Painted/T_Cream_Painted_Metal_N.uexp" 1464
"C:/Users/Shubham/Documents/Unreal Projects/ShooterSam/Content/ParagonWraith/Characters/Global/MaterialLayers/Painted/T_Cream_Paint_D.ubulk" 1465
"C:/Users/Shubham/Documents/Unreal Projects/ShooterSam/Content/ParagonWraith/Characters/Global/MaterialLayers/Painted/T_Cream_Paint_D.uasset" 1466
"C:/Users/Shubham/Documents/Unreal Projects/ShooterSam/Content/ParagonWraith/Characters/Global/MaterialLayers/Painted/T_Cream_Paint_D.uexp" 1467
"C:/Users/Shubham/Documents/Unreal Projects/ShooterSam/Content/ParagonWraith/Characters/Global/MaterialLayers/Synthetics/T_Carbon_Color.ubulk" 1468
"C:/Users/Shubham/Documents/Unreal Projects/ShooterSam/Content/ParagonWraith/Characters/Global/MaterialLayers/Synthetics/T_Carbon_Color.uasset" 1469
"C:/Users/Shubham/Documents/Unreal Projects/ShooterSam/Content/ParagonWraith/Characters/Global/MaterialLayers/Synthetics/T_Carbon_Color.uexp" 1470
"C:/Users/Shubham/Documents/Unreal Projects/ShooterSam/Content/ParagonWraith/Characters/Global/MaterialLayers/Synthetics/T_CF_Nor.ubulk" 1471
"C:/Users/Shubham/Documents/Unreal Projects/ShooterSam/Content/ParagonWraith/Characters/Global/MaterialLayers/Synthetics/T_CF_Nor.uasset" 1472
"C:/Users/Shubham/Documents/Unreal Projects/ShooterSam/Content/ParagonWraith/Characters/Global/MaterialLayers/Synthetics/T_CF_Nor.uexp" 1473
"C:/Users/Shubham/Documents/Unreal Projects/ShooterSam/Content/ParagonWraith/Characters/Global/MaterialLayers/Synthetics/ML_CarbonFiber.uasset" 1474
"C:/Users/Shubham/Documents/Unreal Projects/ShooterSam/Content/ParagonWraith/Characters/Global/MaterialLayers/Synthetics/ML_CarbonFiber.uexp" 1475
"C:/Users/Shubham/Documents/Unreal Projects/ShooterSam/Content/ParagonWraith/Characters/Global/MaterialLayers/Rubber/T_ML_FineRubber_N.ubulk" 1476
"C:/Users/Shubham/Documents/Unreal Projects/ShooterSam/Content/ParagonWraith/Characters/Global/MaterialLayers/Rubber/T_ML_FineRubber_N.uasset" 1477
"C:/Users/Shubham/Documents/Unreal Projects/ShooterSam/Content/ParagonWraith/Characters/Global/MaterialLayers/Rubber/T_ML_FineRubber_N.uexp" 1478
"C:/Users/Shubham/Documents/Unreal Projects/ShooterSam/Content/ParagonWraith/Characters/Heroes/Wraith/Materials/MLayer/T_TireRubber_R.ubulk" 1479
"C:/Users/Shubham/Documents/Unreal Projects/ShooterSam/Content/ParagonWraith/Characters/Heroes/Wraith/Materials/MLayer/T_TireRubber_R.uasset" 1480
"C:/Users/Shubham/Documents/Unreal Projects/ShooterSam/Content/ParagonWraith/Characters/Heroes/Wraith/Materials/MLayer/T_TireRubber_R.uexp" 1481
"C:/Users/Shubham/Documents/Unreal Projects/ShooterSam/Content/ParagonWraith/Characters/Heroes/Wraith/Materials/MLayer/ML_Wraithlatex.uasset" 1482
"C:/Users/Shubham/Documents/Unreal Projects/ShooterSam/Content/ParagonWraith/Characters/Heroes/Wraith/Materials/MLayer/ML_Wraithlatex.uexp" 1483
"C:/Users/Shubham/Documents/Unreal Projects/ShooterSam/Content/ParagonWraith/Characters/Heroes/Wraith/Textures/T_Wraith_Gun_Mask2.ubulk" 1484
"C:/Users/Shubham/Documents/Unreal Projects/ShooterSam/Content/ParagonWraith/Characters/Heroes/Wraith/Textures/T_Wraith_Gun_Mask2.uasset" 1485
"C:/Users/Shubham/Documents/Unreal Projects/ShooterSam/Content/ParagonWraith/Characters/Heroes/Wraith/Textures/T_Wraith_Gun_Mask2.uexp" 1486
"C:/Users/Shubham/Documents/Unreal Projects/ShooterSam/Content/ParagonWraith/Characters/Heroes/Wraith/Textures/T_Wraith_gun_N_DEMO.ubulk" 1487
"C:/Users/Shubham/Documents/Unreal Projects/ShooterSam/Content/ParagonWraith/Characters/Heroes/Wraith/Textures/T_Wraith_gun_N_DEMO.uasset" 1488
"C:/Users/Shubham/Documents/Unreal Projects/ShooterSam/Content/ParagonWraith/Characters/Heroes/Wraith/Textures/T_Wraith_gun_N_DEMO.uexp" 1489
"C:/Users/Shubham/Documents/Unreal Projects/ShooterSam/Content/ParagonWraith/Characters/Heroes/Wraith/Textures/T_Wraith_Gun_RGB.ubulk" 1490
"C:/Users/Shubham/Documents/Unreal Projects/ShooterSam/Content/ParagonWraith/Characters/Heroes/Wraith/Textures/T_Wraith_Gun_RGB.uasset" 1491
"C:/Users/Shubham/Documents/Unreal Projects/ShooterSam/Content/ParagonWraith/Characters/Heroes/Wraith/Textures/T_Wraith_Gun_RGB.uexp" 1492
"C:/Users/Shubham/Documents/Unreal Projects/ShooterSam/Content/ParagonWraith/Characters/Global/MaterialLayers/Metal/T_Rough_Metal_N.ubulk" 1493
"C:/Users/Shubham/Documents/Unreal Projects/ShooterSam/Content/ParagonWraith/Characters/Global/MaterialLayers/Metal/T_Rough_Metal_N.uasset" 1494
"C:/Users/Shubham/Documents/Unreal Projects/ShooterSam/Content/ParagonWraith/Characters/Global/MaterialLayers/Metal/T_Rough_Metal_N.uexp" 1495
"C:/Users/Shubham/Documents/Unreal Projects/ShooterSam/Content/ParagonWraith/Characters/Global/MaterialLayers/Metal/T_Primer_Black_Metal2.ubulk" 1496
"C:/Users/Shubham/Documents/Unreal Projects/ShooterSam/Content/ParagonWraith/Characters/Global/MaterialLayers/Metal/T_Primer_Black_Metal2.uasset" 1497
"C:/Users/Shubham/Documents/Unreal Projects/ShooterSam/Content/ParagonWraith/Characters/Global/MaterialLayers/Metal/T_Primer_Black_Metal2.uexp" 1498
"C:/Users/Shubham/Documents/Unreal Projects/ShooterSam/Content/ParagonWraith/Characters/Heroes/Wraith/Materials/MLayer/ML_WraithGunmetal02.uasset" 1499
"C:/Users/Shubham/Documents/Unreal Projects/ShooterSam/Content/ParagonWraith/Characters/Heroes/Wraith/Materials/MLayer/ML_WraithGunmetal02.uexp" 1500
"C:/Users/Shubham/Documents/Unreal Projects/ShooterSam/Content/ParagonWraith/Characters/Heroes/Wraith/Materials/MLayer/T_WheelHub_R.ubulk" 1501
"C:/Users/Shubham/Documents/Unreal Projects/ShooterSam/Content/ParagonWraith/Characters/Heroes/Wraith/Materials/MLayer/T_WheelHub_R.uasset" 1502
"C:/Users/Shubham/Documents/Unreal Projects/ShooterSam/Content/ParagonWraith/Characters/Heroes/Wraith/Materials/MLayer/T_WheelHub_R.uexp" 1503
"C:/Users/Shubham/Documents/Unreal Projects/ShooterSam/Content/ParagonWraith/Characters/Heroes/Wraith/Materials/MLayer/MF_GunCarMat.uasset" 1504
"C:/Users/Shubham/Documents/Unreal Projects/ShooterSam/Content/ParagonWraith/Characters/Heroes/Wraith/Materials/MLayer/MF_GunCarMat.uexp" 1505
"C:/Users/Shubham/Documents/Unreal Projects/ShooterSam/Content/ParagonWraith/Characters/Heroes/Wraith/Skins/ODGreen/Textures/T_Wraith_Gun_ODGreen_Mask.ubulk" 1506
"C:/Users/Shubham/Documents/Unreal Projects/ShooterSam/Content/ParagonWraith/Characters/Heroes/Wraith/Skins/ODGreen/Textures/T_Wraith_Gun_ODGreen_Mask.uasset" 1507
"C:/Users/Shubham/Documents/Unreal Projects/ShooterSam/Content/ParagonWraith/Characters/Heroes/Wraith/Skins/ODGreen/Textures/T_Wraith_Gun_ODGreen_Mask.uexp" 1508
"C:/Users/Shubham/Documents/Unreal Projects/ShooterSam/Content/ParagonWraith/Characters/Heroes/Wraith/Skins/LunarOps/Materials/M_Wraith_Gun_LunarOps.uasset" 1509
"C:/Users/Shubham/Documents/Unreal Projects/ShooterSam/Content/ParagonWraith/Characters/Heroes/Wraith/Skins/LunarOps/Materials/M_Wraith_Gun_LunarOps.uexp" 1510
"C:/Users/Shubham/Documents/Unreal Projects/ShooterSam/Content/ParagonWraith/Characters/Heroes/Wraith/Textures/T_Wraith_lowerbody_N_DEMO.ubulk" 1511
"C:/Users/Shubham/Documents/Unreal Projects/ShooterSam/Content/ParagonWraith/Characters/Heroes/Wraith/Textures/T_Wraith_lowerbody_N_DEMO.uasset" 1512
"C:/Users/Shubham/Documents/Unreal Projects/ShooterSam/Content/ParagonWraith/Characters/Heroes/Wraith/Textures/T_Wraith_lowerbody_N_DEMO.uexp" 1513
"C:/Users/Shubham/Documents/Unreal Projects/ShooterSam/Content/ParagonWraith/Characters/Heroes/Wraith/Textures/T_Wraith_Lowerbody_RGBA.ubulk" 1514
"C:/Users/Shubham/Documents/Unreal Projects/ShooterSam/Content/ParagonWraith/Characters/Heroes/Wraith/Textures/T_Wraith_Lowerbody_RGBA.uasset" 1515
"C:/Users/Shubham/Documents/Unreal Projects/ShooterSam/Content/ParagonWraith/Characters/Heroes/Wraith/Textures/T_Wraith_Lowerbody_RGBA.uexp" 1516
"C:/Users/Shubham/Documents/Unreal Projects/ShooterSam/Content/ParagonWraith/Characters/Heroes/Wraith/Skins/LunarOps/Textures/T_Wraith_lowerBody_LunarOps_Mask.ubulk" 1517
"C:/Users/Shubham/Documents/Unreal Projects/ShooterSam/Content/ParagonWraith/Characters/Heroes/Wraith/Skins/LunarOps/Textures/T_Wraith_lowerBody_LunarOps_Mask.uasset" 1518
"C:/Users/Shubham/Documents/Unreal Projects/ShooterSam/Content/ParagonWraith/Characters/Heroes/Wraith/Skins/LunarOps/Textures/T_Wraith_lowerBody_LunarOps_Mask.uexp" 1519
"C:/Users/Shubham/Documents/Unreal Projects/ShooterSam/Content/ParagonWraith/Characters/Heroes/Wraith/Skins/LunarOps/Textures/T_Wraith_lowerBody_LunarOps_Mask2.ubulk" 1520
"C:/Users/Shubham/Documents/Unreal Projects/ShooterSam/Content/ParagonWraith/Characters/Heroes/Wraith/Skins/LunarOps/Textures/T_Wraith_lowerBody_LunarOps_Mask2.uasset" 1521
"C:/Users/Shubham/Documents/Unreal Projects/ShooterSam/Content/ParagonWraith/Characters/Heroes/Wraith/Skins/LunarOps/Textures/T_Wraith_lowerBody_LunarOps_Mask2.uexp" 1522
"C:/Users/Shubham/Documents/Unreal Projects/ShooterSam/Content/ParagonWraith/Characters/Heroes/Wraith/Skins/LunarOps/Textures/T_Wraith_LunarOps_Lowerbody_RGBA.ubulk" 1523
"C:/Users/Shubham/Documents/Unreal Projects/ShooterSam/Content/ParagonWraith/Characters/Heroes/Wraith/Skins/LunarOps/Textures/T_Wraith_LunarOps_Lowerbody_RGBA.uasset" 1524
"C:/Users/Shubham/Documents/Unreal Projects/ShooterSam/Content/ParagonWraith/Characters/Heroes/Wraith/Skins/LunarOps/Textures/T_Wraith_LunarOps_Lowerbody_RGBA.uexp" 1525
"C:/Users/Shubham/Documents/Unreal Projects/ShooterSam/Content/ParagonWraith/Characters/Heroes/Wraith/Skins/LunarOps/Materials/M_Wraith_Lowerbody_LunarOps.uasset" 1526
"C:/Users/Shubham/Documents/Unreal Projects/ShooterSam/Content/ParagonWraith/Characters/Heroes/Wraith/Skins/LunarOps/Materials/M_Wraith_Lowerbody_LunarOps.uexp" 1527
"../../../Engine/Content/Functions/MaterialLayerFunctions/MatLayerBlend_ModulateRoughness.uasset" 1528
"../../../Engine/Content/Functions/MaterialLayerFunctions/MatLayerBlend_ModulateRoughness.uexp" 1529
"C:/Users/Shubham/Documents/Unreal Projects/ShooterSam/Content/ParagonWraith/Characters/Global/MaterialLayers/Synthetics/T_Rough_Plastic_N.ubulk" 1530
"C:/Users/Shubham/Documents/Unreal Projects/ShooterSam/Content/ParagonWraith/Characters/Global/MaterialLayers/Synthetics/T_Rough_Plastic_N.uasset" 1531
"C:/Users/Shubham/Documents/Unreal Projects/ShooterSam/Content/ParagonWraith/Characters/Global/MaterialLayers/Synthetics/T_Rough_Plastic_N.uexp" 1532
"C:/Users/Shubham/Documents/Unreal Projects/ShooterSam/Content/ParagonWraith/Characters/Global/MaterialLayers/Synthetics/T_Rough_Plastic_D.ubulk" 1533
"C:/Users/Shubham/Documents/Unreal Projects/ShooterSam/Content/ParagonWraith/Characters/Global/MaterialLayers/Synthetics/T_Rough_Plastic_D.uasset" 1534
"C:/Users/Shubham/Documents/Unreal Projects/ShooterSam/Content/ParagonWraith/Characters/Global/MaterialLayers/Synthetics/T_Rough_Plastic_D.uexp" 1535
"C:/Users/Shubham/Documents/Unreal Projects/ShooterSam/Content/ParagonWraith/Characters/Global/MaterialLayers/Synthetics/ML_RoughPlastic.uasset" 1536
"C:/Users/Shubham/Documents/Unreal Projects/ShooterSam/Content/ParagonWraith/Characters/Global/MaterialLayers/Synthetics/ML_RoughPlastic.uexp" 1537
"C:/Users/Shubham/Documents/Unreal Projects/ShooterSam/Content/ParagonWraith/Characters/Heroes/Wraith/Textures/T_Wraith_upperbody_N_DEMO.ubulk" 1538
"C:/Users/Shubham/Documents/Unreal Projects/ShooterSam/Content/ParagonWraith/Characters/Heroes/Wraith/Textures/T_Wraith_upperbody_N_DEMO.uasset" 1539
"C:/Users/Shubham/Documents/Unreal Projects/ShooterSam/Content/ParagonWraith/Characters/Heroes/Wraith/Textures/T_Wraith_upperbody_N_DEMO.uexp" 1540
"C:/Users/Shubham/Documents/Unreal Projects/ShooterSam/Content/ParagonWraith/Characters/Heroes/Wraith/Skins/LunarOps/Textures/T_Wraith_UpperBody_LunarOps_Mask.ubulk" 1541
"C:/Users/Shubham/Documents/Unreal Projects/ShooterSam/Content/ParagonWraith/Characters/Heroes/Wraith/Skins/LunarOps/Textures/T_Wraith_UpperBody_LunarOps_Mask.uasset" 1542
"C:/Users/Shubham/Documents/Unreal Projects/ShooterSam/Content/ParagonWraith/Characters/Heroes/Wraith/Skins/LunarOps/Textures/T_Wraith_UpperBody_LunarOps_Mask.uexp" 1543
"C:/Users/Shubham/Documents/Unreal Projects/ShooterSam/Content/ParagonWraith/Characters/Heroes/Wraith/Skins/LunarOps/Textures/T_Wraith_UpperBody_LunarOps_Mask2.ubulk" 1544
"C:/Users/Shubham/Documents/Unreal Projects/ShooterSam/Content/ParagonWraith/Characters/Heroes/Wraith/Skins/LunarOps/Textures/T_Wraith_UpperBody_LunarOps_Mask2.uasset" 1545
"C:/Users/Shubham/Documents/Unreal Projects/ShooterSam/Content/ParagonWraith/Characters/Heroes/Wraith/Skins/LunarOps/Textures/T_Wraith_UpperBody_LunarOps_Mask2.uexp" 1546
"C:/Users/Shubham/Documents/Unreal Projects/ShooterSam/Content/ParagonWraith/Characters/Heroes/Wraith/Skins/LunarOps/Textures/T_Wraith_Upperbody_LunarOps_RGBA.ubulk" 1547
"C:/Users/Shubham/Documents/Unreal Projects/ShooterSam/Content/ParagonWraith/Characters/Heroes/Wraith/Skins/LunarOps/Textures/T_Wraith_Upperbody_LunarOps_RGBA.uasset" 1548
"C:/Users/Shubham/Documents/Unreal Projects/ShooterSam/Content/ParagonWraith/Characters/Heroes/Wraith/Skins/LunarOps/Textures/T_Wraith_Upperbody_LunarOps_RGBA.uexp" 1549
"C:/Users/Shubham/Documents/Unreal Projects/ShooterSam/Content/ParagonWraith/Characters/Heroes/Wraith/Skins/LunarOps/Materials/M_Wraith_Upperbody_LunarOps.uasset" 1550
"C:/Users/Shubham/Documents/Unreal Projects/ShooterSam/Content/ParagonWraith/Characters/Heroes/Wraith/Skins/LunarOps/Materials/M_Wraith_Upperbody_LunarOps.uexp" 1551
"C:/Users/Shubham/Documents/Unreal Projects/ShooterSam/Content/ParagonWraith/Characters/Heroes/Wraith/Skins/LunarOps/Meshes/Wraith_LunarOps.uasset" 1552
"C:/Users/Shubham/Documents/Unreal Projects/ShooterSam/Content/ParagonWraith/Characters/Heroes/Wraith/Skins/LunarOps/Meshes/Wraith_LunarOps.uexp" 1553
"C:/Users/Shubham/Documents/Unreal Projects/ShooterSam/Content/Input/Actions/IA_Jump.uasset" 1554
"C:/Users/Shubham/Documents/Unreal Projects/ShooterSam/Content/Input/Actions/IA_Jump.uexp" 1555
"C:/Users/Shubham/Documents/Unreal Projects/ShooterSam/Content/Input/Actions/IA_Look.uasset" 1556
"C:/Users/Shubham/Documents/Unreal Projects/ShooterSam/Content/Input/Actions/IA_Look.uexp" 1557
"C:/Users/Shubham/Documents/Unreal Projects/ShooterSam/Content/Input/Actions/IA_Move.uasset" 1558
"C:/Users/Shubham/Documents/Unreal Projects/ShooterSam/Content/Input/Actions/IA_Move.uexp" 1559
"C:/Users/Shubham/Documents/Unreal Projects/ShooterSam/Content/Input/Actions/IA_MouseLook.uasset" 1560
"C:/Users/Shubham/Documents/Unreal Projects/ShooterSam/Content/Input/Actions/IA_MouseLook.uexp" 1561
"C:/Users/Shubham/Documents/Unreal Projects/ShooterSam/Content/Input/Touch/BPI_TouchInterface.uasset" 1562
"C:/Users/Shubham/Documents/Unreal Projects/ShooterSam/Content/Input/Touch/BPI_TouchInterface.uexp" 1563
"../../../Engine/Content/Animation/DefaultAnimBoneCompressionSettings.uasset" 1564
"../../../Engine/Content/Animation/DefaultAnimBoneCompressionSettings.uexp" 1565
"../../../Engine/Content/Animation/DefaultAnimCurveCompressionSettings.uasset" 1566
"../../../Engine/Content/Animation/DefaultAnimCurveCompressionSettings.uexp" 1567
"../../../Engine/Content/Animation/DefaultVariableFrameStrippingSettings.uasset" 1568
"../../../Engine/Content/Animation/DefaultVariableFrameStrippingSettings.uexp" 1569
"C:/Users/Shubham/Documents/Unreal Projects/ShooterSam/Content/Characters/Mannequins/Meshes/SK_Mannequin.uasset" 1570
"C:/Users/Shubham/Documents/Unreal Projects/ShooterSam/Content/Characters/Mannequins/Meshes/SK_Mannequin.uexp" 1571
"C:/Users/Shubham/Documents/Unreal Projects/ShooterSam/Content/Characters/Mannequins/Anims/Unarmed/MM_Idle.uasset" 1572
"C:/Users/Shubham/Documents/Unreal Projects/ShooterSam/Content/Characters/Mannequins/Anims/Unarmed/MM_Idle.uexp" 1573
"C:/Users/Shubham/Documents/Unreal Projects/ShooterSam/Content/Characters/Mannequins/Anims/Unarmed/Jog/MF_Unarmed_Jog_Bwd.uasset" 1574
"C:/Users/Shubham/Documents/Unreal Projects/ShooterSam/Content/Characters/Mannequins/Anims/Unarmed/Jog/MF_Unarmed_Jog_Bwd.uexp" 1575
"../../../Engine/Plugins/Animation/ACLPlugin/Content/ACLAnimCurveCompressionSettings.uasset" 1576
"../../../Engine/Plugins/Animation/ACLPlugin/Content/ACLAnimCurveCompressionSettings.uexp" 1577
"../../../Engine/Content/Animation/DefaultRecorderBoneCompression.uasset" 1578
"../../../Engine/Content/Animation/DefaultRecorderBoneCompression.uexp" 1579
"C:/Users/Shubham/Documents/Unreal Projects/ShooterSam/Content/Characters/Mannequins/Anims/Unarmed/Jog/MF_Unarmed_Jog_Bwd_Left.uasset" 1580
"C:/Users/Shubham/Documents/Unreal Projects/ShooterSam/Content/Characters/Mannequins/Anims/Unarmed/Jog/MF_Unarmed_Jog_Bwd_Left.uexp" 1581
"C:/Users/Shubham/Documents/Unreal Projects/ShooterSam/Content/Characters/Mannequins/Anims/Unarmed/Jog/MF_Unarmed_Jog_Bwd_Right.uasset" 1582
"C:/Users/Shubham/Documents/Unreal Projects/ShooterSam/Content/Characters/Mannequins/Anims/Unarmed/Jog/MF_Unarmed_Jog_Bwd_Right.uexp" 1583
"C:/Users/Shubham/Documents/Unreal Projects/ShooterSam/Content/Characters/Mannequins/Anims/Unarmed/Jog/MF_Unarmed_Jog_Fwd.uasset" 1584
"C:/Users/Shubham/Documents/Unreal Projects/ShooterSam/Content/Characters/Mannequins/Anims/Unarmed/Jog/MF_Unarmed_Jog_Fwd.uexp" 1585
"C:/Users/Shubham/Documents/Unreal Projects/ShooterSam/Content/Characters/Mannequins/Anims/Unarmed/Jog/MF_Unarmed_Jog_Fwd_Left.uasset" 1586
"C:/Users/Shubham/Documents/Unreal Projects/ShooterSam/Content/Characters/Mannequins/Anims/Unarmed/Jog/MF_Unarmed_Jog_Fwd_Left.uexp" 1587
"C:/Users/Shubham/Documents/Unreal Projects/ShooterSam/Content/Characters/Mannequins/Anims/Unarmed/Jog/MF_Unarmed_Jog_Fwd_Right.uasset" 1588
"C:/Users/Shubham/Documents/Unreal Projects/ShooterSam/Content/Characters/Mannequins/Anims/Unarmed/Jog/MF_Unarmed_Jog_Fwd_Right.uexp" 1589
"C:/Users/Shubham/Documents/Unreal Projects/ShooterSam/Content/Characters/Mannequins/Anims/Unarmed/Jog/MF_Unarmed_Jog_Left.uasset" 1590
"C:/Users/Shubham/Documents/Unreal Projects/ShooterSam/Content/Characters/Mannequins/Anims/Unarmed/Jog/MF_Unarmed_Jog_Left.uexp" 1591
"C:/Users/Shubham/Documents/Unreal Projects/ShooterSam/Content/Characters/Mannequins/Anims/Unarmed/Jog/MF_Unarmed_Jog_Right.uasset" 1592
"C:/Users/Shubham/Documents/Unreal Projects/ShooterSam/Content/Characters/Mannequins/Anims/Unarmed/Jog/MF_Unarmed_Jog_Right.uexp" 1593
"C:/Users/Shubham/Documents/Unreal Projects/ShooterSam/Content/Characters/Mannequins/Anims/Unarmed/Walk/MF_Unarmed_Walk_Bwd.uasset" 1594
"C:/Users/Shubham/Documents/Unreal Projects/ShooterSam/Content/Characters/Mannequins/Anims/Unarmed/Walk/MF_Unarmed_Walk_Bwd.uexp" 1595
"C:/Users/Shubham/Documents/Unreal Projects/ShooterSam/Content/Characters/Mannequins/Anims/Unarmed/Walk/MF_Unarmed_Walk_Bwd_Left.uasset" 1596
"C:/Users/Shubham/Documents/Unreal Projects/ShooterSam/Content/Characters/Mannequins/Anims/Unarmed/Walk/MF_Unarmed_Walk_Bwd_Left.uexp" 1597
"C:/Users/Shubham/Documents/Unreal Projects/ShooterSam/Content/Characters/Mannequins/Anims/Unarmed/Walk/MF_Unarmed_Walk_Bwd_Right.uasset" 1598
"C:/Users/Shubham/Documents/Unreal Projects/ShooterSam/Content/Characters/Mannequins/Anims/Unarmed/Walk/MF_Unarmed_Walk_Bwd_Right.uexp" 1599
"C:/Users/Shubham/Documents/Unreal Projects/ShooterSam/Content/Characters/Mannequins/Anims/Unarmed/Walk/MF_Unarmed_Walk_Fwd.uasset" 1600
"C:/Users/Shubham/Documents/Unreal Projects/ShooterSam/Content/Characters/Mannequins/Anims/Unarmed/Walk/MF_Unarmed_Walk_Fwd.uexp" 1601
"C:/Users/Shubham/Documents/Unreal Projects/ShooterSam/Content/Characters/Mannequins/Anims/Unarmed/Walk/MF_Unarmed_Walk_Fwd_Left.uasset" 1602
"C:/Users/Shubham/Documents/Unreal Projects/ShooterSam/Content/Characters/Mannequins/Anims/Unarmed/Walk/MF_Unarmed_Walk_Fwd_Left.uexp" 1603
"C:/Users/Shubham/Documents/Unreal Projects/ShooterSam/Content/Characters/Mannequins/Anims/Unarmed/Walk/MF_Unarmed_Walk_Fwd_Right.uasset" 1604
"C:/Users/Shubham/Documents/Unreal Projects/ShooterSam/Content/Characters/Mannequins/Anims/Unarmed/Walk/MF_Unarmed_Walk_Fwd_Right.uexp" 1605
"C:/Users/Shubham/Documents/Unreal Projects/ShooterSam/Content/Characters/Mannequins/Anims/Unarmed/Walk/MF_Unarmed_Walk_Left.uasset" 1606
"C:/Users/Shubham/Documents/Unreal Projects/ShooterSam/Content/Characters/Mannequins/Anims/Unarmed/Walk/MF_Unarmed_Walk_Left.uexp" 1607
"C:/Users/Shubham/Documents/Unreal Projects/ShooterSam/Content/Characters/Mannequins/Anims/Unarmed/Walk/MF_Unarmed_Walk_Right.uasset" 1608
"C:/Users/Shubham/Documents/Unreal Projects/ShooterSam/Content/Characters/Mannequins/Anims/Unarmed/Walk/MF_Unarmed_Walk_Right.uexp" 1609
"C:/Users/Shubham/Documents/Unreal Projects/ShooterSam/Content/Characters/Mannequins/Anims/Unarmed/BS_Idle_Walk_Run.uasset" 1610
"C:/Users/Shubham/Documents/Unreal Projects/ShooterSam/Content/Characters/Mannequins/Anims/Unarmed/BS_Idle_Walk_Run.uexp" 1611
"../../../Engine/Plugins/Animation/ControlRig/Content/Controls/DefaultGizmoLibraryNormalized.uasset" 1612
"../../../Engine/Plugins/Animation/ControlRig/Content/Controls/DefaultGizmoLibraryNormalized.uexp" 1613
"C:/Users/Shubham/Documents/Unreal Projects/ShooterSam/Content/Characters/Mannequins/Rigs/CR_Mannequin_FootIK.uasset" 1614
"C:/Users/Shubham/Documents/Unreal Projects/ShooterSam/Content/Characters/Mannequins/Rigs/CR_Mannequin_FootIK.uexp" 1615
"C:/Users/Shubham/Documents/Unreal Projects/ShooterSam/Content/Characters/Mannequins/Anims/Unarmed/Jump/MM_Fall_Loop.uasset" 1616
"C:/Users/Shubham/Documents/Unreal Projects/ShooterSam/Content/Characters/Mannequins/Anims/Unarmed/Jump/MM_Fall_Loop.uexp" 1617
"C:/Users/Shubham/Documents/Unreal Projects/ShooterSam/Content/Characters/Mannequins/Anims/Unarmed/Jump/MM_Jump.uasset" 1618
"C:/Users/Shubham/Documents/Unreal Projects/ShooterSam/Content/Characters/Mannequins/Anims/Unarmed/Jump/MM_Jump.uexp" 1619
"C:/Users/Shubham/Documents/Unreal Projects/ShooterSam/Content/Characters/Mannequins/Anims/Unarmed/Jump/MM_Land.uasset" 1620
"C:/Users/Shubham/Documents/Unreal Projects/ShooterSam/Content/Characters/Mannequins/Anims/Unarmed/Jump/MM_Land.uexp" 1621
"C:/Users/Shubham/Documents/Unreal Projects/ShooterSam/Content/Characters/Mannequins/Anims/Unarmed/ABP_Unarmed.uasset" 1622
"C:/Users/Shubham/Documents/Unreal Projects/ShooterSam/Content/Characters/Mannequins/Anims/Unarmed/ABP_Unarmed.uexp" 1623
"C:/Users/Shubham/Documents/Unreal Projects/ShooterSam/Content/Characters/Mannequins/Rigs/PA_Mannequin.uasset" 1624
"C:/Users/Shubham/Documents/Unreal Projects/ShooterSam/Content/Characters/Mannequins/Rigs/PA_Mannequin.uexp" 1625
"C:/Users/Shubham/Documents/Unreal Projects/ShooterSam/Content/Characters/Mannequins/Textures/Manny/T_Manny_01_BN.ubulk" 1626
"C:/Users/Shubham/Documents/Unreal Projects/ShooterSam/Content/Characters/Mannequins/Textures/Manny/T_Manny_01_BN.uasset" 1627
"C:/Users/Shubham/Documents/Unreal Projects/ShooterSam/Content/Characters/Mannequins/Textures/Manny/T_Manny_01_BN.uexp" 1628
"C:/Users/Shubham/Documents/Unreal Projects/ShooterSam/Content/Characters/Mannequins/Textures/Manny/T_Manny_01_D.ubulk" 1629
"C:/Users/Shubham/Documents/Unreal Projects/ShooterSam/Content/Characters/Mannequins/Textures/Manny/T_Manny_01_D.uasset" 1630
"C:/Users/Shubham/Documents/Unreal Projects/ShooterSam/Content/Characters/Mannequins/Textures/Manny/T_Manny_01_D.uexp" 1631
"C:/Users/Shubham/Documents/Unreal Projects/ShooterSam/Content/Characters/Mannequins/Textures/Manny/T_Manny_01_MRA.ubulk" 1632
"C:/Users/Shubham/Documents/Unreal Projects/ShooterSam/Content/Characters/Mannequins/Textures/Manny/T_Manny_01_MRA.uasset" 1633
"C:/Users/Shubham/Documents/Unreal Projects/ShooterSam/Content/Characters/Mannequins/Textures/Manny/T_Manny_01_MRA.uexp" 1634
"C:/Users/Shubham/Documents/Unreal Projects/ShooterSam/Content/Characters/Mannequins/Textures/Shared/T_UE_Logo_M.uasset" 1635
"C:/Users/Shubham/Documents/Unreal Projects/ShooterSam/Content/Characters/Mannequins/Textures/Shared/T_UE_Logo_M.uexp" 1636
"C:/Users/Shubham/Documents/Unreal Projects/ShooterSam/Content/Characters/Mannequins/Materials/M_Mannequin.uasset" 1637
"C:/Users/Shubham/Documents/Unreal Projects/ShooterSam/Content/Characters/Mannequins/Materials/M_Mannequin.uexp" 1638
"C:/Users/Shubham/Documents/Unreal Projects/ShooterSam/Content/Characters/Mannequins/Textures/Quinn/T_Quinn_01_D.ubulk" 1639
"C:/Users/Shubham/Documents/Unreal Projects/ShooterSam/Content/Characters/Mannequins/Textures/Quinn/T_Quinn_01_D.uasset" 1640
"C:/Users/Shubham/Documents/Unreal Projects/ShooterSam/Content/Characters/Mannequins/Textures/Quinn/T_Quinn_01_D.uexp" 1641
"C:/Users/Shubham/Documents/Unreal Projects/ShooterSam/Content/Characters/Mannequins/Textures/Quinn/T_Quinn_01_MRA.ubulk" 1642
"C:/Users/Shubham/Documents/Unreal Projects/ShooterSam/Content/Characters/Mannequins/Textures/Quinn/T_Quinn_01_MRA.uasset" 1643
"C:/Users/Shubham/Documents/Unreal Projects/ShooterSam/Content/Characters/Mannequins/Textures/Quinn/T_Quinn_01_MRA.uexp" 1644
"C:/Users/Shubham/Documents/Unreal Projects/ShooterSam/Content/Characters/Mannequins/Textures/Quinn/T_Quinn_01_N.ubulk" 1645
"C:/Users/Shubham/Documents/Unreal Projects/ShooterSam/Content/Characters/Mannequins/Textures/Quinn/T_Quinn_01_N.uasset" 1646
"C:/Users/Shubham/Documents/Unreal Projects/ShooterSam/Content/Characters/Mannequins/Textures/Quinn/T_Quinn_01_N.uexp" 1647
"C:/Users/Shubham/Documents/Unreal Projects/ShooterSam/Content/Characters/Mannequins/Materials/Quinn/MI_Quinn_01.uasset" 1648
"C:/Users/Shubham/Documents/Unreal Projects/ShooterSam/Content/Characters/Mannequins/Materials/Quinn/MI_Quinn_01.uexp" 1649
"C:/Users/Shubham/Documents/Unreal Projects/ShooterSam/Content/Characters/Mannequins/Textures/Quinn/T_Quinn_02_D.ubulk" 1650
"C:/Users/Shubham/Documents/Unreal Projects/ShooterSam/Content/Characters/Mannequins/Textures/Quinn/T_Quinn_02_D.uasset" 1651
"C:/Users/Shubham/Documents/Unreal Projects/ShooterSam/Content/Characters/Mannequins/Textures/Quinn/T_Quinn_02_D.uexp" 1652
"C:/Users/Shubham/Documents/Unreal Projects/ShooterSam/Content/Characters/Mannequins/Textures/Quinn/T_Quinn_02_MRA.ubulk" 1653
"C:/Users/Shubham/Documents/Unreal Projects/ShooterSam/Content/Characters/Mannequins/Textures/Quinn/T_Quinn_02_MRA.uasset" 1654
"C:/Users/Shubham/Documents/Unreal Projects/ShooterSam/Content/Characters/Mannequins/Textures/Quinn/T_Quinn_02_MRA.uexp" 1655
"C:/Users/Shubham/Documents/Unreal Projects/ShooterSam/Content/Characters/Mannequins/Textures/Quinn/T_Quinn_02_N.ubulk" 1656
"C:/Users/Shubham/Documents/Unreal Projects/ShooterSam/Content/Characters/Mannequins/Textures/Quinn/T_Quinn_02_N.uasset" 1657
"C:/Users/Shubham/Documents/Unreal Projects/ShooterSam/Content/Characters/Mannequins/Textures/Quinn/T_Quinn_02_N.uexp" 1658
"C:/Users/Shubham/Documents/Unreal Projects/ShooterSam/Content/Characters/Mannequins/Materials/Quinn/MI_Quinn_02.uasset" 1659
"C:/Users/Shubham/Documents/Unreal Projects/ShooterSam/Content/Characters/Mannequins/Materials/Quinn/MI_Quinn_02.uexp" 1660
"C:/Users/Shubham/Documents/Unreal Projects/ShooterSam/Content/Characters/Mannequins/Meshes/SKM_Quinn_Simple.uasset" 1661
"C:/Users/Shubham/Documents/Unreal Projects/ShooterSam/Content/Characters/Mannequins/Meshes/SKM_Quinn_Simple.uexp" 1662
"C:/Users/Shubham/Documents/Unreal Projects/ShooterSam/Content/ThirdPerson/Blueprints/BP_ThirdPersonCharacter.uasset" 1663
"C:/Users/Shubham/Documents/Unreal Projects/ShooterSam/Content/ThirdPerson/Blueprints/BP_ThirdPersonCharacter.uexp" 1664
"C:/Users/Shubham/Documents/Unreal Projects/ShooterSam/Content/MyStuff/Blueprints/BP_ShooterCharacter.uasset" 1665
"C:/Users/Shubham/Documents/Unreal Projects/ShooterSam/Content/MyStuff/Blueprints/BP_ShooterCharacter.uexp" 1666
"C:/Users/Shubham/Documents/Unreal Projects/ShooterSam/Content/ParagonWraith/Characters/Global/MaterialLayers/Metal/T_AnodizedMetal_D.ubulk" 1667
"C:/Users/Shubham/Documents/Unreal Projects/ShooterSam/Content/ParagonWraith/Characters/Global/MaterialLayers/Metal/T_AnodizedMetal_D.uasset" 1668
"C:/Users/Shubham/Documents/Unreal Projects/ShooterSam/Content/ParagonWraith/Characters/Global/MaterialLayers/Metal/T_AnodizedMetal_D.uexp" 1669
"C:/Users/Shubham/Documents/Unreal Projects/ShooterSam/Content/ParagonWraith/Characters/Global/MaterialLayers/Metal/T_AnodizedMetal_N.ubulk" 1670
"C:/Users/Shubham/Documents/Unreal Projects/ShooterSam/Content/ParagonWraith/Characters/Global/MaterialLayers/Metal/T_AnodizedMetal_N.uasset" 1671
"C:/Users/Shubham/Documents/Unreal Projects/ShooterSam/Content/ParagonWraith/Characters/Global/MaterialLayers/Metal/T_AnodizedMetal_N.uexp" 1672
"C:/Users/Shubham/Documents/Unreal Projects/ShooterSam/Content/ParagonWraith/Characters/Global/MaterialLayers/Metal/ML_AnisotropicMetal.uasset" 1673
"C:/Users/Shubham/Documents/Unreal Projects/ShooterSam/Content/ParagonWraith/Characters/Global/MaterialLayers/Metal/ML_AnisotropicMetal.uexp" 1674
"C:/Users/Shubham/Documents/Unreal Projects/ShooterSam/Content/ParagonWraith/Characters/Global/MaterialLayers/Metal/T_Primer_Black_Metal.ubulk" 1675
"C:/Users/Shubham/Documents/Unreal Projects/ShooterSam/Content/ParagonWraith/Characters/Global/MaterialLayers/Metal/T_Primer_Black_Metal.uasset" 1676
"C:/Users/Shubham/Documents/Unreal Projects/ShooterSam/Content/ParagonWraith/Characters/Global/MaterialLayers/Metal/T_Primer_Black_Metal.uexp" 1677
"C:/Users/Shubham/Documents/Unreal Projects/ShooterSam/Content/ParagonWraith/Characters/Global/MaterialLayers/Metal/T_Wraith_Body_Color_Overlay.ubulk" 1678
"C:/Users/Shubham/Documents/Unreal Projects/ShooterSam/Content/ParagonWraith/Characters/Global/MaterialLayers/Metal/T_Wraith_Body_Color_Overlay.uasset" 1679
"C:/Users/Shubham/Documents/Unreal Projects/ShooterSam/Content/ParagonWraith/Characters/Global/MaterialLayers/Metal/T_Wraith_Body_Color_Overlay.uexp" 1680
"C:/Users/Shubham/Documents/Unreal Projects/ShooterSam/Content/ParagonWraith/Characters/Global/MaterialLayers/Metal/ML_Gray_Gun_Metal.uasset" 1681
"C:/Users/Shubham/Documents/Unreal Projects/ShooterSam/Content/ParagonWraith/Characters/Global/MaterialLayers/Metal/ML_Gray_Gun_Metal.uexp" 1682
"C:/Users/Shubham/Documents/Unreal Projects/ShooterSam/Content/ParagonWraith/Characters/Heroes/Wraith/Skins/ODGreen/Textures/T_Accessories_ts_DEMO.ubulk" 1683
"C:/Users/Shubham/Documents/Unreal Projects/ShooterSam/Content/ParagonWraith/Characters/Heroes/Wraith/Skins/ODGreen/Textures/T_Accessories_ts_DEMO.uasset" 1684
"C:/Users/Shubham/Documents/Unreal Projects/ShooterSam/Content/ParagonWraith/Characters/Heroes/Wraith/Skins/ODGreen/Textures/T_Accessories_ts_DEMO.uexp" 1685
"C:/Users/Shubham/Documents/Unreal Projects/ShooterSam/Content/ParagonWraith/Characters/Heroes/Wraith/Skins/ODGreen/Textures/T_Wraith_Accessories_ODGreen_Mask.ubulk" 1686
"C:/Users/Shubham/Documents/Unreal Projects/ShooterSam/Content/ParagonWraith/Characters/Heroes/Wraith/Skins/ODGreen/Textures/T_Wraith_Accessories_ODGreen_Mask.uasset" 1687
"C:/Users/Shubham/Documents/Unreal Projects/ShooterSam/Content/ParagonWraith/Characters/Heroes/Wraith/Skins/ODGreen/Textures/T_Wraith_Accessories_ODGreen_Mask.uexp" 1688
"C:/Users/Shubham/Documents/Unreal Projects/ShooterSam/Content/ParagonWraith/Characters/Heroes/Wraith/Skins/ODGreen/Textures/T_Wraith_Accessories_ODGreen_Mask2.ubulk" 1689
"C:/Users/Shubham/Documents/Unreal Projects/ShooterSam/Content/ParagonWraith/Characters/Heroes/Wraith/Skins/ODGreen/Textures/T_Wraith_Accessories_ODGreen_Mask2.uasset" 1690
"C:/Users/Shubham/Documents/Unreal Projects/ShooterSam/Content/ParagonWraith/Characters/Heroes/Wraith/Skins/ODGreen/Textures/T_Wraith_Accessories_ODGreen_Mask2.uexp" 1691
"C:/Users/Shubham/Documents/Unreal Projects/ShooterSam/Content/ParagonWraith/Characters/Heroes/Wraith/Skins/ODGreen/Textures/T_Wraith_Accessories_ODGreen_RGB.ubulk" 1692
"C:/Users/Shubham/Documents/Unreal Projects/ShooterSam/Content/ParagonWraith/Characters/Heroes/Wraith/Skins/ODGreen/Textures/T_Wraith_Accessories_ODGreen_RGB.uasset" 1693
"C:/Users/Shubham/Documents/Unreal Projects/ShooterSam/Content/ParagonWraith/Characters/Heroes/Wraith/Skins/ODGreen/Textures/T_Wraith_Accessories_ODGreen_RGB.uexp" 1694
"C:/Users/Shubham/Documents/Unreal Projects/ShooterSam/Content/ParagonWraith/Characters/Heroes/Wraith/Skins/ODGreen/Materials/ML/ML_Wraith_PrimaryMetal.uasset" 1695
"C:/Users/Shubham/Documents/Unreal Projects/ShooterSam/Content/ParagonWraith/Characters/Heroes/Wraith/Skins/ODGreen/Materials/ML/ML_Wraith_PrimaryMetal.uexp" 1696
"C:/Users/Shubham/Documents/Unreal Projects/ShooterSam/Content/ParagonWraith/Characters/Heroes/Wraith/Skins/ODGreen/Materials/M_Wraith_Attachment_ODGreen.uasset" 1697
"C:/Users/Shubham/Documents/Unreal Projects/ShooterSam/Content/ParagonWraith/Characters/Heroes/Wraith/Skins/ODGreen/Materials/M_Wraith_Attachment_ODGreen.uexp" 1698
"C:/Users/Shubham/Documents/Unreal Projects/ShooterSam/Content/ParagonWraith/Characters/Heroes/Wraith/Skins/ODGreen/Materials/M_Wraith_Backpack_ODGreen.uasset" 1699
"C:/Users/Shubham/Documents/Unreal Projects/ShooterSam/Content/ParagonWraith/Characters/Heroes/Wraith/Skins/ODGreen/Materials/M_Wraith_Backpack_ODGreen.uexp" 1700
"C:/Users/Shubham/Documents/Unreal Projects/ShooterSam/Content/ParagonWraith/Characters/Heroes/Wraith/Skins/LunarOps/Textures/T_Wraith_LunarOps_Gun_RGB.ubulk" 1701
"C:/Users/Shubham/Documents/Unreal Projects/ShooterSam/Content/ParagonWraith/Characters/Heroes/Wraith/Skins/LunarOps/Textures/T_Wraith_LunarOps_Gun_RGB.uasset" 1702
"C:/Users/Shubham/Documents/Unreal Projects/ShooterSam/Content/ParagonWraith/Characters/Heroes/Wraith/Skins/LunarOps/Textures/T_Wraith_LunarOps_Gun_RGB.uexp" 1703
"C:/Users/Shubham/Documents/Unreal Projects/ShooterSam/Content/ParagonWraith/Characters/Heroes/Wraith/Skins/ODGreen/Textures/T_Wraith_Gun_ODGreen_Mask2.ubulk" 1704
"C:/Users/Shubham/Documents/Unreal Projects/ShooterSam/Content/ParagonWraith/Characters/Heroes/Wraith/Skins/ODGreen/Textures/T_Wraith_Gun_ODGreen_Mask2.uasset" 1705
"C:/Users/Shubham/Documents/Unreal Projects/ShooterSam/Content/ParagonWraith/Characters/Heroes/Wraith/Skins/ODGreen/Textures/T_Wraith_Gun_ODGreen_Mask2.uexp" 1706
"C:/Users/Shubham/Documents/Unreal Projects/ShooterSam/Content/ParagonWraith/Characters/Heroes/Wraith/Skins/ODGreen/Materials/M_Wraith_Gun_ODGreen.uasset" 1707
"C:/Users/Shubham/Documents/Unreal Projects/ShooterSam/Content/ParagonWraith/Characters/Heroes/Wraith/Skins/ODGreen/Materials/M_Wraith_Gun_ODGreen.uexp" 1708
"C:/Users/Shubham/Documents/Unreal Projects/ShooterSam/Content/ParagonWraith/Characters/Heroes/Wraith/Skins/ODGreen/Textures/T_Wraith_lowerBody_ODGreen_Mask.ubulk" 1709
"C:/Users/Shubham/Documents/Unreal Projects/ShooterSam/Content/ParagonWraith/Characters/Heroes/Wraith/Skins/ODGreen/Textures/T_Wraith_lowerBody_ODGreen_Mask.uasset" 1710
"C:/Users/Shubham/Documents/Unreal Projects/ShooterSam/Content/ParagonWraith/Characters/Heroes/Wraith/Skins/ODGreen/Textures/T_Wraith_lowerBody_ODGreen_Mask.uexp" 1711
"C:/Users/Shubham/Documents/Unreal Projects/ShooterSam/Content/ParagonWraith/Characters/Heroes/Wraith/Skins/ODGreen/Textures/T_Wraith_lowerBody_ODGreen_Mask2.ubulk" 1712
"C:/Users/Shubham/Documents/Unreal Projects/ShooterSam/Content/ParagonWraith/Characters/Heroes/Wraith/Skins/ODGreen/Textures/T_Wraith_lowerBody_ODGreen_Mask2.uasset" 1713
"C:/Users/Shubham/Documents/Unreal Projects/ShooterSam/Content/ParagonWraith/Characters/Heroes/Wraith/Skins/ODGreen/Textures/T_Wraith_lowerBody_ODGreen_Mask2.uexp" 1714
"C:/Users/Shubham/Documents/Unreal Projects/ShooterSam/Content/ParagonWraith/Characters/Heroes/Wraith/Skins/ODGreen/Materials/M_Wraith_Lowerbody_ODGreen.uasset" 1715
"C:/Users/Shubham/Documents/Unreal Projects/ShooterSam/Content/ParagonWraith/Characters/Heroes/Wraith/Skins/ODGreen/Materials/M_Wraith_Lowerbody_ODGreen.uexp" 1716
"C:/Users/Shubham/Documents/Unreal Projects/ShooterSam/Content/ParagonWraith/Characters/Heroes/Wraith/Skins/ODGreen/Textures/T_Wraith_UpperBody_ODGreen_Mask.ubulk" 1717
"C:/Users/Shubham/Documents/Unreal Projects/ShooterSam/Content/ParagonWraith/Characters/Heroes/Wraith/Skins/ODGreen/Textures/T_Wraith_UpperBody_ODGreen_Mask.uasset" 1718
"C:/Users/Shubham/Documents/Unreal Projects/ShooterSam/Content/ParagonWraith/Characters/Heroes/Wraith/Skins/ODGreen/Textures/T_Wraith_UpperBody_ODGreen_Mask.uexp" 1719
"C:/Users/Shubham/Documents/Unreal Projects/ShooterSam/Content/ParagonWraith/Characters/Heroes/Wraith/Skins/ODGreen/Textures/T_Wraith_UpperBody_ODGreen_Mask2.ubulk" 1720
"C:/Users/Shubham/Documents/Unreal Projects/ShooterSam/Content/ParagonWraith/Characters/Heroes/Wraith/Skins/ODGreen/Textures/T_Wraith_UpperBody_ODGreen_Mask2.uasset" 1721
"C:/Users/Shubham/Documents/Unreal Projects/ShooterSam/Content/ParagonWraith/Characters/Heroes/Wraith/Skins/ODGreen/Textures/T_Wraith_UpperBody_ODGreen_Mask2.uexp" 1722
"C:/Users/Shubham/Documents/Unreal Projects/ShooterSam/Content/ParagonWraith/Characters/Heroes/Wraith/Skins/ODGreen/Materials/M_Wraith_Upperbody_ODGreen.uasset" 1723
"C:/Users/Shubham/Documents/Unreal Projects/ShooterSam/Content/ParagonWraith/Characters/Heroes/Wraith/Skins/ODGreen/Materials/M_Wraith_Upperbody_ODGreen.uexp" 1724
"C:/Users/Shubham/Documents/Unreal Projects/ShooterSam/Content/ParagonWraith/Characters/Heroes/Wraith/Skins/ODGreen/Meshes/Wraith_ODGreen.uasset" 1725
"C:/Users/Shubham/Documents/Unreal Projects/ShooterSam/Content/ParagonWraith/Characters/Heroes/Wraith/Skins/ODGreen/Meshes/Wraith_ODGreen.uexp" 1726
"C:/Users/Shubham/Documents/Unreal Projects/ShooterSam/Content/MyStuff/Blueprints/BP_Player.uasset" 1727
"C:/Users/Shubham/Documents/Unreal Projects/ShooterSam/Content/MyStuff/Blueprints/BP_Player.uexp" 1728
"C:/Users/Shubham/Documents/Unreal Projects/ShooterSam/Content/Input/IMC_Default.uasset" 1729
"C:/Users/Shubham/Documents/Unreal Projects/ShooterSam/Content/Input/IMC_Default.uexp" 1730
"C:/Users/Shubham/Documents/Unreal Projects/ShooterSam/Content/Input/IMC_MouseLook.uasset" 1731
"C:/Users/Shubham/Documents/Unreal Projects/ShooterSam/Content/Input/IMC_MouseLook.uexp" 1732
"C:/Users/Shubham/Documents/Unreal Projects/ShooterSam/Content/MyStuff/Blueprints/WBP_HUD.uasset" 1733
"C:/Users/Shubham/Documents/Unreal Projects/ShooterSam/Content/MyStuff/Blueprints/WBP_HUD.uexp" 1734
"C:/Users/Shubham/Documents/Unreal Projects/ShooterSam/Content/MyStuff/Blueprints/BP_ShooterSamPlayerController.uasset" 1735
"C:/Users/Shubham/Documents/Unreal Projects/ShooterSam/Content/MyStuff/Blueprints/BP_ShooterSamPlayerController.uexp" 1736
"C:/Users/Shubham/Documents/Unreal Projects/ShooterSam/Content/MyStuff/Blueprints/BP_ShooterSamGameMode.uasset" 1737
"C:/Users/Shubham/Documents/Unreal Projects/ShooterSam/Content/MyStuff/Blueprints/BP_ShooterSamGameMode.uexp" 1738
"../../../Engine/Content/EngineMaterials/Substrate/GLints/AGlintTex2dArray.uasset" 1739
"../../../Engine/Content/EngineMaterials/Substrate/GLints/AGlintTex2dArray.uexp" 1740
"../../../Engine/Content/EngineMaterials/Substrate/Volume/SubstrateSimpleVolumeEnvLUT3D.uasset" 1741
"../../../Engine/Content/EngineMaterials/Substrate/Volume/SubstrateSimpleVolumeEnvLUT3D.uexp" 1742
"../../../Engine/Content/EngineMaterials/Substrate/Volume/SubstrateSimpleVolumeLUT3D.uasset" 1743
"../../../Engine/Content/EngineMaterials/Substrate/Volume/SubstrateSimpleVolumeLUT3D.uexp" 1744
"../../../Engine/Content/Functions/Engine_MaterialFunctions01/Shading/ConvertFromDiffSpec.uasset" 1745
"../../../Engine/Content/Functions/Engine_MaterialFunctions01/Shading/ConvertFromDiffSpec.uexp" 1746
"../../../Engine/Content/Functions/Engine_MaterialFunctions01/Shading/PowerToRoughness.uasset" 1747
"../../../Engine/Content/Functions/Engine_MaterialFunctions01/Shading/PowerToRoughness.uexp" 1748
"C:/Users/Shubham/Documents/Unreal Projects/ShooterSam/Content/Characters/Mannequins/Materials/Manny/MI_Manny_01_New.uasset" 1749
"C:/Users/Shubham/Documents/Unreal Projects/ShooterSam/Content/Characters/Mannequins/Materials/Manny/MI_Manny_01_New.uexp" 1750
"C:/Users/Shubham/Documents/Unreal Projects/ShooterSam/Content/Characters/Mannequins/Textures/Manny/T_Manny_02_BN.ubulk" 1751
"C:/Users/Shubham/Documents/Unreal Projects/ShooterSam/Content/Characters/Mannequins/Textures/Manny/T_Manny_02_BN.uasset" 1752
"C:/Users/Shubham/Documents/Unreal Projects/ShooterSam/Content/Characters/Mannequins/Textures/Manny/T_Manny_02_BN.uexp" 1753
"C:/Users/Shubham/Documents/Unreal Projects/ShooterSam/Content/Characters/Mannequins/Textures/Manny/T_Manny_02_D.ubulk" 1754
"C:/Users/Shubham/Documents/Unreal Projects/ShooterSam/Content/Characters/Mannequins/Textures/Manny/T_Manny_02_D.uasset" 1755
"C:/Users/Shubham/Documents/Unreal Projects/ShooterSam/Content/Characters/Mannequins/Textures/Manny/T_Manny_02_D.uexp" 1756
"C:/Users/Shubham/Documents/Unreal Projects/ShooterSam/Content/Characters/Mannequins/Textures/Manny/T_Manny_02_MRA.ubulk" 1757
"C:/Users/Shubham/Documents/Unreal Projects/ShooterSam/Content/Characters/Mannequins/Textures/Manny/T_Manny_02_MRA.uasset" 1758
"C:/Users/Shubham/Documents/Unreal Projects/ShooterSam/Content/Characters/Mannequins/Textures/Manny/T_Manny_02_MRA.uexp" 1759
"C:/Users/Shubham/Documents/Unreal Projects/ShooterSam/Content/Characters/Mannequins/Materials/Manny/MI_Manny_02_New.uasset" 1760
"C:/Users/Shubham/Documents/Unreal Projects/ShooterSam/Content/Characters/Mannequins/Materials/Manny/MI_Manny_02_New.uexp" 1761
"C:/Users/Shubham/Documents/Unreal Projects/ShooterSam/Content/Characters/Mannequins/Meshes/SKM_Manny_Simple.uasset" 1762
"C:/Users/Shubham/Documents/Unreal Projects/ShooterSam/Content/Characters/Mannequins/Meshes/SKM_Manny_Simple.uexp" 1763
"../../../Engine/Content/EngineMaterials/Substrate/Glints2/AGlintTex2dArray2.uasset" 1764
"../../../Engine/Content/EngineMaterials/Substrate/Glints2/AGlintTex2dArray2.uexp" 1765
"../../../Engine/Content/Maps/Entry_BuiltData.uasset" 1766
"../../../Engine/Content/Maps/Entry_BuiltData.uexp" 1767
"../../../Engine/Content/Maps/Entry.uexp" 1768
"../../../Engine/Content/Maps/Entry.umap" 1769
"../../../Engine/Content/EngineSky/C_Sky_Cloud_Color.uasset" 1770
"../../../Engine/Content/EngineSky/C_Sky_Cloud_Color.uexp" 1771
"../../../Engine/Content/EngineSky/C_Sky_Horizon_Color.uasset" 1772
"../../../Engine/Content/EngineSky/C_Sky_Horizon_Color.uexp" 1773
"../../../Engine/Content/EngineSky/C_Sky_Zenith_Color.uasset" 1774
"../../../Engine/Content/EngineSky/C_Sky_Zenith_Color.uexp" 1775
"../../../Engine/Content/EngineSky/T_Sky_Blue.ubulk" 1776
"../../../Engine/Content/EngineSky/T_Sky_Blue.uasset" 1777
"../../../Engine/Content/EngineSky/T_Sky_Blue.uexp" 1778
"../../../Engine/Content/EngineSky/T_Sky_Clouds_M.ubulk" 1779
"../../../Engine/Content/EngineSky/T_Sky_Clouds_M.uasset" 1780
"../../../Engine/Content/EngineSky/T_Sky_Clouds_M.uexp" 1781
"../../../Engine/Content/EngineSky/T_Sky_Stars.ubulk" 1782
"../../../Engine/Content/EngineSky/T_Sky_Stars.uasset" 1783
"../../../Engine/Content/EngineSky/T_Sky_Stars.uexp" 1784
"../../../Engine/Content/EngineSky/M_Sky_Panning_Clouds2.uasset" 1785
"../../../Engine/Content/EngineSky/M_Sky_Panning_Clouds2.uexp" 1786
"../../../Engine/Content/EngineSky/SM_SkySphere.ubulk" 1787
"../../../Engine/Content/EngineSky/SM_SkySphere.uasset" 1788
"../../../Engine/Content/EngineSky/SM_SkySphere.uexp" 1789
"../../../Engine/Content/EngineSky/BP_Sky_Sphere.uasset" 1790
"../../../Engine/Content/EngineSky/BP_Sky_Sphere.uexp" 1791
"../../../Engine/Content/EngineMaterials/DefaultPhysicalMaterial.uasset" 1792
"../../../Engine/Content/EngineMaterials/DefaultPhysicalMaterial.uexp" 1793
"../../../Engine/Content/MapTemplates/Sky/DaylightAmbientCubemap.uasset" 1794
"../../../Engine/Content/MapTemplates/Sky/DaylightAmbientCubemap.uexp" 1795
"../../../Engine/Content/MapTemplates/lut/LUT_Morning.uasset" 1796
"../../../Engine/Content/MapTemplates/lut/LUT_Morning.uexp" 1797
"C:/Users/Shubham/Documents/Unreal Projects/ShooterSam/Content/ShooterGame/Sounds/Music/ShooterGame_Music.ubulk" 1798
"C:/Users/Shubham/Documents/Unreal Projects/ShooterSam/Content/ShooterGame/Sounds/Music/ShooterGame_Music.uasset" 1799
"C:/Users/Shubham/Documents/Unreal Projects/ShooterSam/Content/ShooterGame/Sounds/Music/ShooterGame_Music.uexp" 1800
"../../../Engine/Content/EngineDebugMaterials/HeatmapGradient.ubulk" 1801
"../../../Engine/Content/EngineDebugMaterials/HeatmapGradient.uasset" 1802
"../../../Engine/Content/EngineDebugMaterials/HeatmapGradient.uexp" 1803
"../../../Engine/Content/Functions/Engine_MaterialFunctions01/ImageAdjustment/CheapContrast_RGB.uasset" 1804
"../../../Engine/Content/Functions/Engine_MaterialFunctions01/ImageAdjustment/CheapContrast_RGB.uexp" 1805
"C:/Users/Shubham/Documents/Unreal Projects/ShooterSam/Content/StarterBundle/ModularScifiHallways/Textures/T_Ceiling_A_Buffer_Diff.ubulk" 1806
"C:/Users/Shubham/Documents/Unreal Projects/ShooterSam/Content/StarterBundle/ModularScifiHallways/Textures/T_Ceiling_A_Buffer_Diff.uasset" 1807
"C:/Users/Shubham/Documents/Unreal Projects/ShooterSam/Content/StarterBundle/ModularScifiHallways/Textures/T_Ceiling_A_Buffer_Diff.uexp" 1808
"C:/Users/Shubham/Documents/Unreal Projects/ShooterSam/Content/StarterBundle/ModularScifiHallways/Textures/T_Ceiling_A_Buffer_M.ubulk" 1809
"C:/Users/Shubham/Documents/Unreal Projects/ShooterSam/Content/StarterBundle/ModularScifiHallways/Textures/T_Ceiling_A_Buffer_M.uasset" 1810
"C:/Users/Shubham/Documents/Unreal Projects/ShooterSam/Content/StarterBundle/ModularScifiHallways/Textures/T_Ceiling_A_Buffer_M.uexp" 1811
"C:/Users/Shubham/Documents/Unreal Projects/ShooterSam/Content/StarterBundle/ModularScifiHallways/Textures/T_Ceiling_A_Buffer_N_normals.ubulk" 1812
"C:/Users/Shubham/Documents/Unreal Projects/ShooterSam/Content/StarterBundle/ModularScifiHallways/Textures/T_Ceiling_A_Buffer_N_normals.uasset" 1813
"C:/Users/Shubham/Documents/Unreal Projects/ShooterSam/Content/StarterBundle/ModularScifiHallways/Textures/T_Ceiling_A_Buffer_N_normals.uexp" 1814
"C:/Users/Shubham/Documents/Unreal Projects/ShooterSam/Content/StarterBundle/ModularScifiHallways/Textures/T_Metal_Scratches_M.uasset" 1815
"C:/Users/Shubham/Documents/Unreal Projects/ShooterSam/Content/StarterBundle/ModularScifiHallways/Textures/T_Metal_Scratches_M.uexp" 1816
"C:/Users/Shubham/Documents/Unreal Projects/ShooterSam/Content/StarterBundle/ModularScifiHallways/Textures/T_DefaultLight_S.uasset" 1817
"C:/Users/Shubham/Documents/Unreal Projects/ShooterSam/Content/StarterBundle/ModularScifiHallways/Textures/T_DefaultLight_S.uexp" 1818
"C:/Users/Shubham/Documents/Unreal Projects/ShooterSam/Content/StarterBundle/ModularScifiHallways/Textures/T_Metal_Brushed_N.ubulk" 1819
"C:/Users/Shubham/Documents/Unreal Projects/ShooterSam/Content/StarterBundle/ModularScifiHallways/Textures/T_Metal_Brushed_N.uasset" 1820
"C:/Users/Shubham/Documents/Unreal Projects/ShooterSam/Content/StarterBundle/ModularScifiHallways/Textures/T_Metal_Brushed_N.uexp" 1821
"C:/Users/Shubham/Documents/Unreal Projects/ShooterSam/Content/StarterBundle/ModularScifiHallways/Materials/M_Base_2C.uasset" 1822
"C:/Users/Shubham/Documents/Unreal Projects/ShooterSam/Content/StarterBundle/ModularScifiHallways/Materials/M_Base_2C.uexp" 1823
"C:/Users/Shubham/Documents/Unreal Projects/ShooterSam/Content/StarterBundle/ModularScifiHallways/Textures/T_Hall_Ceiling_Main_Diff.ubulk" 1824
"C:/Users/Shubham/Documents/Unreal Projects/ShooterSam/Content/StarterBundle/ModularScifiHallways/Textures/T_Hall_Ceiling_Main_Diff.uasset" 1825
"C:/Users/Shubham/Documents/Unreal Projects/ShooterSam/Content/StarterBundle/ModularScifiHallways/Textures/T_Hall_Ceiling_Main_Diff.uexp" 1826
"C:/Users/Shubham/Documents/Unreal Projects/ShooterSam/Content/StarterBundle/ModularScifiHallways/Textures/T_Hall_Ceiling_Main_EM.ubulk" 1827
"C:/Users/Shubham/Documents/Unreal Projects/ShooterSam/Content/StarterBundle/ModularScifiHallways/Textures/T_Hall_Ceiling_Main_EM.uasset" 1828
"C:/Users/Shubham/Documents/Unreal Projects/ShooterSam/Content/StarterBundle/ModularScifiHallways/Textures/T_Hall_Ceiling_Main_EM.uexp" 1829
"C:/Users/Shubham/Documents/Unreal Projects/ShooterSam/Content/StarterBundle/ModularScifiHallways/Textures/T_Hall_Ceiling_Main_M.ubulk" 1830
"C:/Users/Shubham/Documents/Unreal Projects/ShooterSam/Content/StarterBundle/ModularScifiHallways/Textures/T_Hall_Ceiling_Main_M.uasset" 1831
"C:/Users/Shubham/Documents/Unreal Projects/ShooterSam/Content/StarterBundle/ModularScifiHallways/Textures/T_Hall_Ceiling_Main_M.uexp" 1832
"C:/Users/Shubham/Documents/Unreal Projects/ShooterSam/Content/StarterBundle/ModularScifiHallways/Textures/T_Hall_Ceiling_Main_N_normals.ubulk" 1833
"C:/Users/Shubham/Documents/Unreal Projects/ShooterSam/Content/StarterBundle/ModularScifiHallways/Textures/T_Hall_Ceiling_Main_N_normals.uasset" 1834
"C:/Users/Shubham/Documents/Unreal Projects/ShooterSam/Content/StarterBundle/ModularScifiHallways/Textures/T_Hall_Ceiling_Main_N_normals.uexp" 1835
"C:/Users/Shubham/Documents/Unreal Projects/ShooterSam/Content/StarterBundle/ModularScifiHallways/Materials/MI_Hall_Ceiling_Main_NoLight_M.uasset" 1836
"C:/Users/Shubham/Documents/Unreal Projects/ShooterSam/Content/StarterBundle/ModularScifiHallways/Materials/MI_Hall_Ceiling_Main_NoLight_M.uexp" 1837
"C:/Users/Shubham/Documents/Unreal Projects/ShooterSam/Content/StarterBundle/ModularScifiHallways/Textures/T_Hall_Window_A_Diff.ubulk" 1838
"C:/Users/Shubham/Documents/Unreal Projects/ShooterSam/Content/StarterBundle/ModularScifiHallways/Textures/T_Hall_Window_A_Diff.uasset" 1839
"C:/Users/Shubham/Documents/Unreal Projects/ShooterSam/Content/StarterBundle/ModularScifiHallways/Textures/T_Hall_Window_A_Diff.uexp" 1840
"C:/Users/Shubham/Documents/Unreal Projects/ShooterSam/Content/StarterBundle/ModularScifiHallways/Textures/T_Hall_Window_A_M.ubulk" 1841
"C:/Users/Shubham/Documents/Unreal Projects/ShooterSam/Content/StarterBundle/ModularScifiHallways/Textures/T_Hall_Window_A_M.uasset" 1842
"C:/Users/Shubham/Documents/Unreal Projects/ShooterSam/Content/StarterBundle/ModularScifiHallways/Textures/T_Hall_Window_A_M.uexp" 1843
"C:/Users/Shubham/Documents/Unreal Projects/ShooterSam/Content/StarterBundle/ModularScifiHallways/Textures/T_Hall_Window_A_N_normals.ubulk" 1844
"C:/Users/Shubham/Documents/Unreal Projects/ShooterSam/Content/StarterBundle/ModularScifiHallways/Textures/T_Hall_Window_A_N_normals.uasset" 1845
"C:/Users/Shubham/Documents/Unreal Projects/ShooterSam/Content/StarterBundle/ModularScifiHallways/Textures/T_Hall_Window_A_N_normals.uexp" 1846
"C:/Users/Shubham/Documents/Unreal Projects/ShooterSam/Content/StarterBundle/ModularScifiHallways/Materials/MI_Hall_Window_A_M2.uasset" 1847
"C:/Users/Shubham/Documents/Unreal Projects/ShooterSam/Content/StarterBundle/ModularScifiHallways/Materials/MI_Hall_Window_A_M2.uexp" 1848
"C:/Users/Shubham/Documents/Unreal Projects/ShooterSam/Content/StarterBundle/ModularScifiHallways/Textures/T_LightEmissive.ubulk" 1849
"C:/Users/Shubham/Documents/Unreal Projects/ShooterSam/Content/StarterBundle/ModularScifiHallways/Textures/T_LightEmissive.uasset" 1850
"C:/Users/Shubham/Documents/Unreal Projects/ShooterSam/Content/StarterBundle/ModularScifiHallways/Textures/T_LightEmissive.uexp" 1851
"C:/Users/Shubham/Documents/Unreal Projects/ShooterSam/Content/StarterBundle/ModularScifiHallways/Materials/M_Lights_Base.uasset" 1852
"C:/Users/Shubham/Documents/Unreal Projects/ShooterSam/Content/StarterBundle/ModularScifiHallways/Materials/M_Lights_Base.uexp" 1853
"C:/Users/Shubham/Documents/Unreal Projects/ShooterSam/Content/StarterBundle/ModularScifiHallways/Materials/MI_Lights_Yellow.uasset" 1854
"C:/Users/Shubham/Documents/Unreal Projects/ShooterSam/Content/StarterBundle/ModularScifiHallways/Materials/MI_Lights_Yellow.uexp" 1855
"C:/Users/Shubham/Documents/Unreal Projects/ShooterSam/Content/StarterBundle/ModularScifiHallways/Textures/T_Pipes_A_Diff.ubulk" 1856
"C:/Users/Shubham/Documents/Unreal Projects/ShooterSam/Content/StarterBundle/ModularScifiHallways/Textures/T_Pipes_A_Diff.uasset" 1857
"C:/Users/Shubham/Documents/Unreal Projects/ShooterSam/Content/StarterBundle/ModularScifiHallways/Textures/T_Pipes_A_Diff.uexp" 1858
"C:/Users/Shubham/Documents/Unreal Projects/ShooterSam/Content/StarterBundle/ModularScifiHallways/Textures/T_Pipes_A_M.ubulk" 1859
"C:/Users/Shubham/Documents/Unreal Projects/ShooterSam/Content/StarterBundle/ModularScifiHallways/Textures/T_Pipes_A_M.uasset" 1860
"C:/Users/Shubham/Documents/Unreal Projects/ShooterSam/Content/StarterBundle/ModularScifiHallways/Textures/T_Pipes_A_M.uexp" 1861
"C:/Users/Shubham/Documents/Unreal Projects/ShooterSam/Content/StarterBundle/ModularScifiHallways/Textures/T_Pipes_A_N_normals.ubulk" 1862
"C:/Users/Shubham/Documents/Unreal Projects/ShooterSam/Content/StarterBundle/ModularScifiHallways/Textures/T_Pipes_A_N_normals.uasset" 1863
"C:/Users/Shubham/Documents/Unreal Projects/ShooterSam/Content/StarterBundle/ModularScifiHallways/Textures/T_Pipes_A_N_normals.uexp" 1864
"C:/Users/Shubham/Documents/Unreal Projects/ShooterSam/Content/StarterBundle/ModularScifiHallways/Materials/MI_Pipes_ADark_M.uasset" 1865
"C:/Users/Shubham/Documents/Unreal Projects/ShooterSam/Content/StarterBundle/ModularScifiHallways/Materials/MI_Pipes_ADark_M.uexp" 1866
"C:/Users/Shubham/Documents/Unreal Projects/ShooterSam/Content/StarterBundle/ModularScifiHallways/Textures/T_Trims_A_Diff_B.ubulk" 1867
"C:/Users/Shubham/Documents/Unreal Projects/ShooterSam/Content/StarterBundle/ModularScifiHallways/Textures/T_Trims_A_Diff_B.uasset" 1868
"C:/Users/Shubham/Documents/Unreal Projects/ShooterSam/Content/StarterBundle/ModularScifiHallways/Textures/T_Trims_A_Diff_B.uexp" 1869
"C:/Users/Shubham/Documents/Unreal Projects/ShooterSam/Content/StarterBundle/ModularScifiHallways/Textures/T_Trims_A_M_B.ubulk" 1870
"C:/Users/Shubham/Documents/Unreal Projects/ShooterSam/Content/StarterBundle/ModularScifiHallways/Textures/T_Trims_A_M_B.uasset" 1871
"C:/Users/Shubham/Documents/Unreal Projects/ShooterSam/Content/StarterBundle/ModularScifiHallways/Textures/T_Trims_A_M_B.uexp" 1872
"C:/Users/Shubham/Documents/Unreal Projects/ShooterSam/Content/StarterBundle/ModularScifiHallways/Textures/T_Trims_A_N_normals.ubulk" 1873
"C:/Users/Shubham/Documents/Unreal Projects/ShooterSam/Content/StarterBundle/ModularScifiHallways/Textures/T_Trims_A_N_normals.uasset" 1874
"C:/Users/Shubham/Documents/Unreal Projects/ShooterSam/Content/StarterBundle/ModularScifiHallways/Textures/T_Trims_A_N_normals.uexp" 1875
"C:/Users/Shubham/Documents/Unreal Projects/ShooterSam/Content/StarterBundle/ModularScifiHallways/Materials/MI_Trims_AB_M.uasset" 1876
"C:/Users/Shubham/Documents/Unreal Projects/ShooterSam/Content/StarterBundle/ModularScifiHallways/Materials/MI_Trims_AB_M.uexp" 1877
"C:/Users/Shubham/Documents/Unreal Projects/ShooterSam/Content/StarterBundle/ModularScifiHallways/Textures/T_Trims_A_Diff.ubulk" 1878
"C:/Users/Shubham/Documents/Unreal Projects/ShooterSam/Content/StarterBundle/ModularScifiHallways/Textures/T_Trims_A_Diff.uasset" 1879
"C:/Users/Shubham/Documents/Unreal Projects/ShooterSam/Content/StarterBundle/ModularScifiHallways/Textures/T_Trims_A_Diff.uexp" 1880
"C:/Users/Shubham/Documents/Unreal Projects/ShooterSam/Content/StarterBundle/ModularScifiHallways/Textures/T_Trims_A_M.ubulk" 1881
"C:/Users/Shubham/Documents/Unreal Projects/ShooterSam/Content/StarterBundle/ModularScifiHallways/Textures/T_Trims_A_M.uasset" 1882
"C:/Users/Shubham/Documents/Unreal Projects/ShooterSam/Content/StarterBundle/ModularScifiHallways/Textures/T_Trims_A_M.uexp" 1883
"C:/Users/Shubham/Documents/Unreal Projects/ShooterSam/Content/StarterBundle/ModularScifiHallways/Materials/MI_Trims_A_M.uasset" 1884
"C:/Users/Shubham/Documents/Unreal Projects/ShooterSam/Content/StarterBundle/ModularScifiHallways/Materials/MI_Trims_A_M.uexp" 1885
"C:/Users/Shubham/Documents/Unreal Projects/ShooterSam/Content/StarterBundle/ModularScifiHallways/Materials/MI_Trims_A_M2.uasset" 1886
"C:/Users/Shubham/Documents/Unreal Projects/ShooterSam/Content/StarterBundle/ModularScifiHallways/Materials/MI_Trims_A_M2.uexp" 1887
"C:/Users/Shubham/Documents/Unreal Projects/ShooterSam/Content/StarterBundle/ModularScifiHallways/Materials/MI_Ceiling_A_Buffer_M.uasset" 1888
"C:/Users/Shubham/Documents/Unreal Projects/ShooterSam/Content/StarterBundle/ModularScifiHallways/Materials/MI_Ceiling_A_Buffer_M.uexp" 1889
"C:/Users/Shubham/Documents/Unreal Projects/ShooterSam/Content/StarterBundle/ModularScifiHallways/Meshes/SM_Ceiling_A_Buffer.ubulk" 1890
"C:/Users/Shubham/Documents/Unreal Projects/ShooterSam/Content/StarterBundle/ModularScifiHallways/Meshes/SM_Ceiling_A_Buffer.uasset" 1891
"C:/Users/Shubham/Documents/Unreal Projects/ShooterSam/Content/StarterBundle/ModularScifiHallways/Meshes/SM_Ceiling_A_Buffer.uexp" 1892
"C:/Users/Shubham/Documents/Unreal Projects/ShooterSam/Content/StarterBundle/ModularScifiHallways/Textures/T_Crate_A_Diff.uasset" 1893
"C:/Users/Shubham/Documents/Unreal Projects/ShooterSam/Content/StarterBundle/ModularScifiHallways/Textures/T_Crate_A_Diff.uexp" 1894
"C:/Users/Shubham/Documents/Unreal Projects/ShooterSam/Content/StarterBundle/ModularScifiHallways/Textures/T_Crate_A_M.ubulk" 1895
"C:/Users/Shubham/Documents/Unreal Projects/ShooterSam/Content/StarterBundle/ModularScifiHallways/Textures/T_Crate_A_M.uasset" 1896
"C:/Users/Shubham/Documents/Unreal Projects/ShooterSam/Content/StarterBundle/ModularScifiHallways/Textures/T_Crate_A_M.uexp" 1897
"C:/Users/Shubham/Documents/Unreal Projects/ShooterSam/Content/StarterBundle/ModularScifiHallways/Textures/T_Crate_A_N_normals.ubulk" 1898
"C:/Users/Shubham/Documents/Unreal Projects/ShooterSam/Content/StarterBundle/ModularScifiHallways/Textures/T_Crate_A_N_normals.uasset" 1899
"C:/Users/Shubham/Documents/Unreal Projects/ShooterSam/Content/StarterBundle/ModularScifiHallways/Textures/T_Crate_A_N_normals.uexp" 1900
"C:/Users/Shubham/Documents/Unreal Projects/ShooterSam/Content/StarterBundle/ModularScifiHallways/Materials/MI_Crate_A_M.uasset" 1901
"C:/Users/Shubham/Documents/Unreal Projects/ShooterSam/Content/StarterBundle/ModularScifiHallways/Materials/MI_Crate_A_M.uexp" 1902
"C:/Users/Shubham/Documents/Unreal Projects/ShooterSam/Content/StarterBundle/ModularScifiHallways/Meshes/SM_Crate_A.ubulk" 1903
"C:/Users/Shubham/Documents/Unreal Projects/ShooterSam/Content/StarterBundle/ModularScifiHallways/Meshes/SM_Crate_A.uasset" 1904
"C:/Users/Shubham/Documents/Unreal Projects/ShooterSam/Content/StarterBundle/ModularScifiHallways/Meshes/SM_Crate_A.uexp" 1905
"C:/Users/Shubham/Documents/Unreal Projects/ShooterSam/Content/StarterBundle/ModularScifiHallways/Meshes/SM_Crate_A2.ubulk" 1906
"C:/Users/Shubham/Documents/Unreal Projects/ShooterSam/Content/StarterBundle/ModularScifiHallways/Meshes/SM_Crate_A2.uasset" 1907
"C:/Users/Shubham/Documents/Unreal Projects/ShooterSam/Content/StarterBundle/ModularScifiHallways/Meshes/SM_Crate_A2.uexp" 1908
"C:/Users/Shubham/Documents/Unreal Projects/ShooterSam/Content/StarterBundle/ModularScifiHallways/Meshes/SM_Crate_A3.ubulk" 1909
"C:/Users/Shubham/Documents/Unreal Projects/ShooterSam/Content/StarterBundle/ModularScifiHallways/Meshes/SM_Crate_A3.uasset" 1910
"C:/Users/Shubham/Documents/Unreal Projects/ShooterSam/Content/StarterBundle/ModularScifiHallways/Meshes/SM_Crate_A3.uexp" 1911
"C:/Users/Shubham/Documents/Unreal Projects/ShooterSam/Content/StarterBundle/ModularScifiHallways/Textures/T_Wires_Diff_A.ubulk" 1912
"C:/Users/Shubham/Documents/Unreal Projects/ShooterSam/Content/StarterBundle/ModularScifiHallways/Textures/T_Wires_Diff_A.uasset" 1913
"C:/Users/Shubham/Documents/Unreal Projects/ShooterSam/Content/StarterBundle/ModularScifiHallways/Textures/T_Wires_Diff_A.uexp" 1914
"C:/Users/Shubham/Documents/Unreal Projects/ShooterSam/Content/StarterBundle/ModularScifiHallways/Textures/T_Wire_Tiling_N.ubulk" 1915
"C:/Users/Shubham/Documents/Unreal Projects/ShooterSam/Content/StarterBundle/ModularScifiHallways/Textures/T_Wire_Tiling_N.uasset" 1916
"C:/Users/Shubham/Documents/Unreal Projects/ShooterSam/Content/StarterBundle/ModularScifiHallways/Textures/T_Wire_Tiling_N.uexp" 1917
"C:/Users/Shubham/Documents/Unreal Projects/ShooterSam/Content/StarterBundle/ModularScifiHallways/Textures/T_Wire_Tiling_AO.ubulk" 1918
"C:/Users/Shubham/Documents/Unreal Projects/ShooterSam/Content/StarterBundle/ModularScifiHallways/Textures/T_Wire_Tiling_AO.uasset" 1919
"C:/Users/Shubham/Documents/Unreal Projects/ShooterSam/Content/StarterBundle/ModularScifiHallways/Textures/T_Wire_Tiling_AO.uexp" 1920
"C:/Users/Shubham/Documents/Unreal Projects/ShooterSam/Content/StarterBundle/ModularScifiHallways/Materials/M_Base_Wires_B.uasset" 1921
"C:/Users/Shubham/Documents/Unreal Projects/ShooterSam/Content/StarterBundle/ModularScifiHallways/Materials/M_Base_Wires_B.uexp" 1922
"C:/Users/Shubham/Documents/Unreal Projects/ShooterSam/Content/StarterBundle/ModularScifiHallways/Materials/MI_Wires_B_Orange.uasset" 1923
"C:/Users/Shubham/Documents/Unreal Projects/ShooterSam/Content/StarterBundle/ModularScifiHallways/Materials/MI_Wires_B_Orange.uexp" 1924
"C:/Users/Shubham/Documents/Unreal Projects/ShooterSam/Content/StarterBundle/ModularScifiHallways/Materials/MI_Wires_B_White.uasset" 1925
"C:/Users/Shubham/Documents/Unreal Projects/ShooterSam/Content/StarterBundle/ModularScifiHallways/Materials/MI_Wires_B_White.uexp" 1926
"C:/Users/Shubham/Documents/Unreal Projects/ShooterSam/Content/StarterBundle/ModularScifiHallways/Meshes/SM_DoorwayWire_A.ubulk" 1927
"C:/Users/Shubham/Documents/Unreal Projects/ShooterSam/Content/StarterBundle/ModularScifiHallways/Meshes/SM_DoorwayWire_A.uasset" 1928
"C:/Users/Shubham/Documents/Unreal Projects/ShooterSam/Content/StarterBundle/ModularScifiHallways/Meshes/SM_DoorwayWire_A.uexp" 1929
"C:/Users/Shubham/Documents/Unreal Projects/ShooterSam/Content/StarterBundle/ModularScifiHallways/Textures/T_EnergyCore_A_Diff.uasset" 1930
"C:/Users/Shubham/Documents/Unreal Projects/ShooterSam/Content/StarterBundle/ModularScifiHallways/Textures/T_EnergyCore_A_Diff.uexp" 1931
"C:/Users/Shubham/Documents/Unreal Projects/ShooterSam/Content/StarterBundle/ModularScifiHallways/Textures/T_EnergyCore_A_M.uasset" 1932
"C:/Users/Shubham/Documents/Unreal Projects/ShooterSam/Content/StarterBundle/ModularScifiHallways/Textures/T_EnergyCore_A_M.uexp" 1933
"C:/Users/Shubham/Documents/Unreal Projects/ShooterSam/Content/StarterBundle/ModularScifiHallways/Textures/T_EnergyCore_A_N_normals.uasset" 1934
"C:/Users/Shubham/Documents/Unreal Projects/ShooterSam/Content/StarterBundle/ModularScifiHallways/Textures/T_EnergyCore_A_N_normals.uexp" 1935
"C:/Users/Shubham/Documents/Unreal Projects/ShooterSam/Content/StarterBundle/ModularScifiHallways/Materials/MI_EnergyCore_A_M.uasset" 1936
"C:/Users/Shubham/Documents/Unreal Projects/ShooterSam/Content/StarterBundle/ModularScifiHallways/Materials/MI_EnergyCore_A_M.uexp" 1937
"C:/Users/Shubham/Documents/Unreal Projects/ShooterSam/Content/StarterBundle/ModularScifiHallways/Textures/T_EnergyCore_EM.ubulk" 1938
"C:/Users/Shubham/Documents/Unreal Projects/ShooterSam/Content/StarterBundle/ModularScifiHallways/Textures/T_EnergyCore_EM.uasset" 1939
"C:/Users/Shubham/Documents/Unreal Projects/ShooterSam/Content/StarterBundle/ModularScifiHallways/Textures/T_EnergyCore_EM.uexp" 1940
"C:/Users/Shubham/Documents/Unreal Projects/ShooterSam/Content/StarterBundle/ModularScifiHallways/Materials/M_EnergyEmissive.uasset" 1941
"C:/Users/Shubham/Documents/Unreal Projects/ShooterSam/Content/StarterBundle/ModularScifiHallways/Materials/M_EnergyEmissive.uexp" 1942
"C:/Users/Shubham/Documents/Unreal Projects/ShooterSam/Content/StarterBundle/ModularScifiHallways/Materials/MI_EnergyEmissive_A.uasset" 1943
"C:/Users/Shubham/Documents/Unreal Projects/ShooterSam/Content/StarterBundle/ModularScifiHallways/Materials/MI_EnergyEmissive_A.uexp" 1944
"C:/Users/Shubham/Documents/Unreal Projects/ShooterSam/Content/StarterBundle/ModularScifiHallways/Meshes/SM_EnergyCore_A.ubulk" 1945
"C:/Users/Shubham/Documents/Unreal Projects/ShooterSam/Content/StarterBundle/ModularScifiHallways/Meshes/SM_EnergyCore_A.uasset" 1946
"C:/Users/Shubham/Documents/Unreal Projects/ShooterSam/Content/StarterBundle/ModularScifiHallways/Meshes/SM_EnergyCore_A.uexp" 1947
"C:/Users/Shubham/Documents/Unreal Projects/ShooterSam/Content/StarterBundle/ModularScifiHallways/Materials/MI_Wires_B.uasset" 1948
"C:/Users/Shubham/Documents/Unreal Projects/ShooterSam/Content/StarterBundle/ModularScifiHallways/Materials/MI_Wires_B.uexp" 1949
"C:/Users/Shubham/Documents/Unreal Projects/ShooterSam/Content/StarterBundle/ModularScifiHallways/Meshes/SM_FloorWire_A.ubulk" 1950
"C:/Users/Shubham/Documents/Unreal Projects/ShooterSam/Content/StarterBundle/ModularScifiHallways/Meshes/SM_FloorWire_A.uasset" 1951
"C:/Users/Shubham/Documents/Unreal Projects/ShooterSam/Content/StarterBundle/ModularScifiHallways/Meshes/SM_FloorWire_A.uexp" 1952
"C:/Users/Shubham/Documents/Unreal Projects/ShooterSam/Content/StarterBundle/ModularScifiHallways/Materials/MI_Hall_Ceiling_Main_M.uasset" 1953
"C:/Users/Shubham/Documents/Unreal Projects/ShooterSam/Content/StarterBundle/ModularScifiHallways/Materials/MI_Hall_Ceiling_Main_M.uexp" 1954
"C:/Users/Shubham/Documents/Unreal Projects/ShooterSam/Content/StarterBundle/ModularScifiHallways/Meshes/SM_Hall_Ceiling_Main.ubulk" 1955
"C:/Users/Shubham/Documents/Unreal Projects/ShooterSam/Content/StarterBundle/ModularScifiHallways/Meshes/SM_Hall_Ceiling_Main.uasset" 1956
"C:/Users/Shubham/Documents/Unreal Projects/ShooterSam/Content/StarterBundle/ModularScifiHallways/Meshes/SM_Hall_Ceiling_Main.uexp" 1957
"C:/Users/Shubham/Documents/Unreal Projects/ShooterSam/Content/StarterBundle/ModularScifiHallways/Textures/T_Hall_Pipe_Handle_Diff_b.ubulk" 1958
"C:/Users/Shubham/Documents/Unreal Projects/ShooterSam/Content/StarterBundle/ModularScifiHallways/Textures/T_Hall_Pipe_Handle_Diff_b.uasset" 1959
"C:/Users/Shubham/Documents/Unreal Projects/ShooterSam/Content/StarterBundle/ModularScifiHallways/Textures/T_Hall_Pipe_Handle_Diff_b.uexp" 1960
"C:/Users/Shubham/Documents/Unreal Projects/ShooterSam/Content/StarterBundle/ModularScifiHallways/Textures/T_Hall_Pipe_Handle_M.ubulk" 1961
"C:/Users/Shubham/Documents/Unreal Projects/ShooterSam/Content/StarterBundle/ModularScifiHallways/Textures/T_Hall_Pipe_Handle_M.uasset" 1962
"C:/Users/Shubham/Documents/Unreal Projects/ShooterSam/Content/StarterBundle/ModularScifiHallways/Textures/T_Hall_Pipe_Handle_M.uexp" 1963
"C:/Users/Shubham/Documents/Unreal Projects/ShooterSam/Content/StarterBundle/ModularScifiHallways/Textures/T_Hall_Pipe_Handle_N_normals.ubulk" 1964
"C:/Users/Shubham/Documents/Unreal Projects/ShooterSam/Content/StarterBundle/ModularScifiHallways/Textures/T_Hall_Pipe_Handle_N_normals.uasset" 1965
"C:/Users/Shubham/Documents/Unreal Projects/ShooterSam/Content/StarterBundle/ModularScifiHallways/Textures/T_Hall_Pipe_Handle_N_normals.uexp" 1966
"C:/Users/Shubham/Documents/Unreal Projects/ShooterSam/Content/StarterBundle/ModularScifiHallways/Materials/MI_Hall_Pipes_Handle_b_M.uasset" 1967
"C:/Users/Shubham/Documents/Unreal Projects/ShooterSam/Content/StarterBundle/ModularScifiHallways/Materials/MI_Hall_Pipes_Handle_b_M.uexp" 1968
"C:/Users/Shubham/Documents/Unreal Projects/ShooterSam/Content/StarterBundle/ModularScifiHallways/Meshes/SM_Hall_DoorPipes.ubulk" 1969
"C:/Users/Shubham/Documents/Unreal Projects/ShooterSam/Content/StarterBundle/ModularScifiHallways/Meshes/SM_Hall_DoorPipes.uasset" 1970
"C:/Users/Shubham/Documents/Unreal Projects/ShooterSam/Content/StarterBundle/ModularScifiHallways/Meshes/SM_Hall_DoorPipes.uexp" 1971
"C:/Users/Shubham/Documents/Unreal Projects/ShooterSam/Content/StarterBundle/ModularScifiHallways/Textures/T_Hall_Doorway_L_Diff.ubulk" 1972
"C:/Users/Shubham/Documents/Unreal Projects/ShooterSam/Content/StarterBundle/ModularScifiHallways/Textures/T_Hall_Doorway_L_Diff.uasset" 1973
"C:/Users/Shubham/Documents/Unreal Projects/ShooterSam/Content/StarterBundle/ModularScifiHallways/Textures/T_Hall_Doorway_L_Diff.uexp" 1974
"C:/Users/Shubham/Documents/Unreal Projects/ShooterSam/Content/StarterBundle/ModularScifiHallways/Textures/T_Hall_Doorway_L_M.ubulk" 1975
"C:/Users/Shubham/Documents/Unreal Projects/ShooterSam/Content/StarterBundle/ModularScifiHallways/Textures/T_Hall_Doorway_L_M.uasset" 1976
"C:/Users/Shubham/Documents/Unreal Projects/ShooterSam/Content/StarterBundle/ModularScifiHallways/Textures/T_Hall_Doorway_L_M.uexp" 1977
"C:/Users/Shubham/Documents/Unreal Projects/ShooterSam/Content/StarterBundle/ModularScifiHallways/Textures/T_Hall_Doorway_L_N_normals.ubulk" 1978
"C:/Users/Shubham/Documents/Unreal Projects/ShooterSam/Content/StarterBundle/ModularScifiHallways/Textures/T_Hall_Doorway_L_N_normals.uasset" 1979
"C:/Users/Shubham/Documents/Unreal Projects/ShooterSam/Content/StarterBundle/ModularScifiHallways/Textures/T_Hall_Doorway_L_N_normals.uexp" 1980
"C:/Users/Shubham/Documents/Unreal Projects/ShooterSam/Content/StarterBundle/ModularScifiHallways/Materials/MI_Hall_Doorway_L_M.uasset" 1981
"C:/Users/Shubham/Documents/Unreal Projects/ShooterSam/Content/StarterBundle/ModularScifiHallways/Materials/MI_Hall_Doorway_L_M.uexp" 1982
"C:/Users/Shubham/Documents/Unreal Projects/ShooterSam/Content/StarterBundle/ModularScifiHallways/Meshes/SM_Hall_Doorway_L.ubulk" 1983
"C:/Users/Shubham/Documents/Unreal Projects/ShooterSam/Content/StarterBundle/ModularScifiHallways/Meshes/SM_Hall_Doorway_L.uasset" 1984
"C:/Users/Shubham/Documents/Unreal Projects/ShooterSam/Content/StarterBundle/ModularScifiHallways/Meshes/SM_Hall_Doorway_L.uexp" 1985
"C:/Users/Shubham/Documents/Unreal Projects/ShooterSam/Content/StarterBundle/ModularScifiHallways/Textures/T_Hall_Doorway_LB_Diff.ubulk" 1986
"C:/Users/Shubham/Documents/Unreal Projects/ShooterSam/Content/StarterBundle/ModularScifiHallways/Textures/T_Hall_Doorway_LB_Diff.uasset" 1987
"C:/Users/Shubham/Documents/Unreal Projects/ShooterSam/Content/StarterBundle/ModularScifiHallways/Textures/T_Hall_Doorway_LB_Diff.uexp" 1988
"C:/Users/Shubham/Documents/Unreal Projects/ShooterSam/Content/StarterBundle/ModularScifiHallways/Textures/T_Hall_Doorway_LB_M.ubulk" 1989
"C:/Users/Shubham/Documents/Unreal Projects/ShooterSam/Content/StarterBundle/ModularScifiHallways/Textures/T_Hall_Doorway_LB_M.uasset" 1990
"C:/Users/Shubham/Documents/Unreal Projects/ShooterSam/Content/StarterBundle/ModularScifiHallways/Textures/T_Hall_Doorway_LB_M.uexp" 1991
"C:/Users/Shubham/Documents/Unreal Projects/ShooterSam/Content/StarterBundle/ModularScifiHallways/Textures/T_Hall_Doorway_LB_N_normals.ubulk" 1992
"C:/Users/Shubham/Documents/Unreal Projects/ShooterSam/Content/StarterBundle/ModularScifiHallways/Textures/T_Hall_Doorway_LB_N_normals.uasset" 1993
"C:/Users/Shubham/Documents/Unreal Projects/ShooterSam/Content/StarterBundle/ModularScifiHallways/Textures/T_Hall_Doorway_LB_N_normals.uexp" 1994
"C:/Users/Shubham/Documents/Unreal Projects/ShooterSam/Content/StarterBundle/ModularScifiHallways/Materials/MI_Hall_Doorway_LB_M.uasset" 1995
"C:/Users/Shubham/Documents/Unreal Projects/ShooterSam/Content/StarterBundle/ModularScifiHallways/Materials/MI_Hall_Doorway_LB_M.uexp" 1996
"C:/Users/Shubham/Documents/Unreal Projects/ShooterSam/Content/StarterBundle/ModularScifiHallways/Meshes/SM_Hall_Doorway_L_B.ubulk" 1997
"C:/Users/Shubham/Documents/Unreal Projects/ShooterSam/Content/StarterBundle/ModularScifiHallways/Meshes/SM_Hall_Doorway_L_B.uasset" 1998
"C:/Users/Shubham/Documents/Unreal Projects/ShooterSam/Content/StarterBundle/ModularScifiHallways/Meshes/SM_Hall_Doorway_L_B.uexp" 1999
"C:/Users/Shubham/Documents/Unreal Projects/ShooterSam/Content/StarterBundle/ModularScifiHallways/Textures/T_Hall_Doorway_Panel_Diff.ubulk" 2000
"C:/Users/Shubham/Documents/Unreal Projects/ShooterSam/Content/StarterBundle/ModularScifiHallways/Textures/T_Hall_Doorway_Panel_Diff.uasset" 2001
"C:/Users/Shubham/Documents/Unreal Projects/ShooterSam/Content/StarterBundle/ModularScifiHallways/Textures/T_Hall_Doorway_Panel_Diff.uexp" 2002
"C:/Users/Shubham/Documents/Unreal Projects/ShooterSam/Content/StarterBundle/ModularScifiHallways/Textures/T_Hall_Doorway_Panel_M.ubulk" 2003
"C:/Users/Shubham/Documents/Unreal Projects/ShooterSam/Content/StarterBundle/ModularScifiHallways/Textures/T_Hall_Doorway_Panel_M.uasset" 2004
"C:/Users/Shubham/Documents/Unreal Projects/ShooterSam/Content/StarterBundle/ModularScifiHallways/Textures/T_Hall_Doorway_Panel_M.uexp" 2005
"C:/Users/Shubham/Documents/Unreal Projects/ShooterSam/Content/StarterBundle/ModularScifiHallways/Textures/T_Hall_Doorway_Panel_N_normals.ubulk" 2006
"C:/Users/Shubham/Documents/Unreal Projects/ShooterSam/Content/StarterBundle/ModularScifiHallways/Textures/T_Hall_Doorway_Panel_N_normals.uasset" 2007
"C:/Users/Shubham/Documents/Unreal Projects/ShooterSam/Content/StarterBundle/ModularScifiHallways/Textures/T_Hall_Doorway_Panel_N_normals.uexp" 2008
"C:/Users/Shubham/Documents/Unreal Projects/ShooterSam/Content/StarterBundle/ModularScifiHallways/Materials/MI_Hall_Doorway_Panel_M.uasset" 2009
"C:/Users/Shubham/Documents/Unreal Projects/ShooterSam/Content/StarterBundle/ModularScifiHallways/Materials/MI_Hall_Doorway_Panel_M.uexp" 2010
"C:/Users/Shubham/Documents/Unreal Projects/ShooterSam/Content/StarterBundle/ModularScifiHallways/Meshes/SM_Hall_Doorway_Panel.ubulk" 2011
"C:/Users/Shubham/Documents/Unreal Projects/ShooterSam/Content/StarterBundle/ModularScifiHallways/Meshes/SM_Hall_Doorway_Panel.uasset" 2012
"C:/Users/Shubham/Documents/Unreal Projects/ShooterSam/Content/StarterBundle/ModularScifiHallways/Meshes/SM_Hall_Doorway_Panel.uexp" 2013
"C:/Users/Shubham/Documents/Unreal Projects/ShooterSam/Content/StarterBundle/ModularScifiHallways/Textures/T_Hall_Door_Diff.ubulk" 2014
"C:/Users/Shubham/Documents/Unreal Projects/ShooterSam/Content/StarterBundle/ModularScifiHallways/Textures/T_Hall_Door_Diff.uasset" 2015
"C:/Users/Shubham/Documents/Unreal Projects/ShooterSam/Content/StarterBundle/ModularScifiHallways/Textures/T_Hall_Door_Diff.uexp" 2016
"C:/Users/Shubham/Documents/Unreal Projects/ShooterSam/Content/StarterBundle/ModularScifiHallways/Textures/T_Hall_Door_L_EM.ubulk" 2017
"C:/Users/Shubham/Documents/Unreal Projects/ShooterSam/Content/StarterBundle/ModularScifiHallways/Textures/T_Hall_Door_L_EM.uasset" 2018
"C:/Users/Shubham/Documents/Unreal Projects/ShooterSam/Content/StarterBundle/ModularScifiHallways/Textures/T_Hall_Door_L_EM.uexp" 2019
"C:/Users/Shubham/Documents/Unreal Projects/ShooterSam/Content/StarterBundle/ModularScifiHallways/Textures/T_Hall_Door_L_M.ubulk" 2020
"C:/Users/Shubham/Documents/Unreal Projects/ShooterSam/Content/StarterBundle/ModularScifiHallways/Textures/T_Hall_Door_L_M.uasset" 2021
"C:/Users/Shubham/Documents/Unreal Projects/ShooterSam/Content/StarterBundle/ModularScifiHallways/Textures/T_Hall_Door_L_M.uexp" 2022
"C:/Users/Shubham/Documents/Unreal Projects/ShooterSam/Content/StarterBundle/ModularScifiHallways/Textures/T_Hall_Door_L_N_normals.ubulk" 2023
"C:/Users/Shubham/Documents/Unreal Projects/ShooterSam/Content/StarterBundle/ModularScifiHallways/Textures/T_Hall_Door_L_N_normals.uasset" 2024
"C:/Users/Shubham/Documents/Unreal Projects/ShooterSam/Content/StarterBundle/ModularScifiHallways/Textures/T_Hall_Door_L_N_normals.uexp" 2025
"C:/Users/Shubham/Documents/Unreal Projects/ShooterSam/Content/StarterBundle/ModularScifiHallways/Materials/MI_Hall_Door_L_M.uasset" 2026
"C:/Users/Shubham/Documents/Unreal Projects/ShooterSam/Content/StarterBundle/ModularScifiHallways/Materials/MI_Hall_Door_L_M.uexp" 2027
"C:/Users/Shubham/Documents/Unreal Projects/ShooterSam/Content/StarterBundle/ModularScifiHallways/Meshes/SM_Hall_Door_L.ubulk" 2028
"C:/Users/Shubham/Documents/Unreal Projects/ShooterSam/Content/StarterBundle/ModularScifiHallways/Meshes/SM_Hall_Door_L.uasset" 2029
"C:/Users/Shubham/Documents/Unreal Projects/ShooterSam/Content/StarterBundle/ModularScifiHallways/Meshes/SM_Hall_Door_L.uexp" 2030
"C:/Users/Shubham/Documents/Unreal Projects/ShooterSam/Content/StarterBundle/ModularScifiHallways/Textures/T_Hall_FloorBuffer_M.ubulk" 2031
"C:/Users/Shubham/Documents/Unreal Projects/ShooterSam/Content/StarterBundle/ModularScifiHallways/Textures/T_Hall_FloorBuffer_M.uasset" 2032
"C:/Users/Shubham/Documents/Unreal Projects/ShooterSam/Content/StarterBundle/ModularScifiHallways/Textures/T_Hall_FloorBuffer_M.uexp" 2033
"C:/Users/Shubham/Documents/Unreal Projects/ShooterSam/Content/StarterBundle/ModularScifiHallways/Materials/M_Base_3C.uasset" 2034
"C:/Users/Shubham/Documents/Unreal Projects/ShooterSam/Content/StarterBundle/ModularScifiHallways/Materials/M_Base_3C.uexp" 2035
"C:/Users/Shubham/Documents/Unreal Projects/ShooterSam/Content/StarterBundle/ModularScifiHallways/Textures/T_Hall_FloorBuffer_Diff.ubulk" 2036
"C:/Users/Shubham/Documents/Unreal Projects/ShooterSam/Content/StarterBundle/ModularScifiHallways/Textures/T_Hall_FloorBuffer_Diff.uasset" 2037
"C:/Users/Shubham/Documents/Unreal Projects/ShooterSam/Content/StarterBundle/ModularScifiHallways/Textures/T_Hall_FloorBuffer_Diff.uexp" 2038
"C:/Users/Shubham/Documents/Unreal Projects/ShooterSam/Content/StarterBundle/ModularScifiHallways/Textures/T_Hall_FloorBuffer_N_normals.ubulk" 2039
"C:/Users/Shubham/Documents/Unreal Projects/ShooterSam/Content/StarterBundle/ModularScifiHallways/Textures/T_Hall_FloorBuffer_N_normals.uasset" 2040
"C:/Users/Shubham/Documents/Unreal Projects/ShooterSam/Content/StarterBundle/ModularScifiHallways/Textures/T_Hall_FloorBuffer_N_normals.uexp" 2041
"C:/Users/Shubham/Documents/Unreal Projects/ShooterSam/Content/StarterBundle/ModularScifiHallways/Materials/MI_Hall_FloorBuffer_M.uasset" 2042
"C:/Users/Shubham/Documents/Unreal Projects/ShooterSam/Content/StarterBundle/ModularScifiHallways/Materials/MI_Hall_FloorBuffer_M.uexp" 2043
"C:/Users/Shubham/Documents/Unreal Projects/ShooterSam/Content/StarterBundle/ModularScifiHallways/Materials/MI_Pipes_A_M.uasset" 2044
"C:/Users/Shubham/Documents/Unreal Projects/ShooterSam/Content/StarterBundle/ModularScifiHallways/Materials/MI_Pipes_A_M.uexp" 2045
"C:/Users/Shubham/Documents/Unreal Projects/ShooterSam/Content/StarterBundle/ModularScifiHallways/Meshes/SM_Hall_FloorBuffer.ubulk" 2046
"C:/Users/Shubham/Documents/Unreal Projects/ShooterSam/Content/StarterBundle/ModularScifiHallways/Meshes/SM_Hall_FloorBuffer.uasset" 2047
"C:/Users/Shubham/Documents/Unreal Projects/ShooterSam/Content/StarterBundle/ModularScifiHallways/Meshes/SM_Hall_FloorBuffer.uexp" 2048
"C:/Users/Shubham/Documents/Unreal Projects/ShooterSam/Content/StarterBundle/ModularScifiHallways/Meshes/SM_Hall_FloorBuffer_B.ubulk" 2049
"C:/Users/Shubham/Documents/Unreal Projects/ShooterSam/Content/StarterBundle/ModularScifiHallways/Meshes/SM_Hall_FloorBuffer_B.uasset" 2050
"C:/Users/Shubham/Documents/Unreal Projects/ShooterSam/Content/StarterBundle/ModularScifiHallways/Meshes/SM_Hall_FloorBuffer_B.uexp" 2051
"C:/Users/Shubham/Documents/Unreal Projects/ShooterSam/Content/StarterBundle/ModularScifiHallways/Textures/T_Hall_FloorEdge_Diff.ubulk" 2052
"C:/Users/Shubham/Documents/Unreal Projects/ShooterSam/Content/StarterBundle/ModularScifiHallways/Textures/T_Hall_FloorEdge_Diff.uasset" 2053
"C:/Users/Shubham/Documents/Unreal Projects/ShooterSam/Content/StarterBundle/ModularScifiHallways/Textures/T_Hall_FloorEdge_Diff.uexp" 2054
"C:/Users/Shubham/Documents/Unreal Projects/ShooterSam/Content/StarterBundle/ModularScifiHallways/Textures/T_Hall_FloorEdge_M.ubulk" 2055
"C:/Users/Shubham/Documents/Unreal Projects/ShooterSam/Content/StarterBundle/ModularScifiHallways/Textures/T_Hall_FloorEdge_M.uasset" 2056
"C:/Users/Shubham/Documents/Unreal Projects/ShooterSam/Content/StarterBundle/ModularScifiHallways/Textures/T_Hall_FloorEdge_M.uexp" 2057
"C:/Users/Shubham/Documents/Unreal Projects/ShooterSam/Content/StarterBundle/ModularScifiHallways/Textures/T_Hall_FloorEdge_N_normals.ubulk" 2058
"C:/Users/Shubham/Documents/Unreal Projects/ShooterSam/Content/StarterBundle/ModularScifiHallways/Textures/T_Hall_FloorEdge_N_normals.uasset" 2059
"C:/Users/Shubham/Documents/Unreal Projects/ShooterSam/Content/StarterBundle/ModularScifiHallways/Textures/T_Hall_FloorEdge_N_normals.uexp" 2060
"C:/Users/Shubham/Documents/Unreal Projects/ShooterSam/Content/StarterBundle/ModularScifiHallways/Materials/MI_Hall_FloorEdge_M.uasset" 2061
"C:/Users/Shubham/Documents/Unreal Projects/ShooterSam/Content/StarterBundle/ModularScifiHallways/Materials/MI_Hall_FloorEdge_M.uexp" 2062
"C:/Users/Shubham/Documents/Unreal Projects/ShooterSam/Content/StarterBundle/ModularScifiHallways/Meshes/SM_Hall_FloorEdge.ubulk" 2063
"C:/Users/Shubham/Documents/Unreal Projects/ShooterSam/Content/StarterBundle/ModularScifiHallways/Meshes/SM_Hall_FloorEdge.uasset" 2064
"C:/Users/Shubham/Documents/Unreal Projects/ShooterSam/Content/StarterBundle/ModularScifiHallways/Meshes/SM_Hall_FloorEdge.uexp" 2065
"C:/Users/Shubham/Documents/Unreal Projects/ShooterSam/Content/StarterBundle/ModularScifiHallways/Textures/T_Hall_Floor_Main_B_Diff.ubulk" 2066
"C:/Users/Shubham/Documents/Unreal Projects/ShooterSam/Content/StarterBundle/ModularScifiHallways/Textures/T_Hall_Floor_Main_B_Diff.uasset" 2067
"C:/Users/Shubham/Documents/Unreal Projects/ShooterSam/Content/StarterBundle/ModularScifiHallways/Textures/T_Hall_Floor_Main_B_Diff.uexp" 2068
"C:/Users/Shubham/Documents/Unreal Projects/ShooterSam/Content/StarterBundle/ModularScifiHallways/Textures/T_Hall_Floor_Main_B_M.ubulk" 2069
"C:/Users/Shubham/Documents/Unreal Projects/ShooterSam/Content/StarterBundle/ModularScifiHallways/Textures/T_Hall_Floor_Main_B_M.uasset" 2070
"C:/Users/Shubham/Documents/Unreal Projects/ShooterSam/Content/StarterBundle/ModularScifiHallways/Textures/T_Hall_Floor_Main_B_M.uexp" 2071
"C:/Users/Shubham/Documents/Unreal Projects/ShooterSam/Content/StarterBundle/ModularScifiHallways/Textures/T_Hall_Floor_Main_B_N_normals.ubulk" 2072
"C:/Users/Shubham/Documents/Unreal Projects/ShooterSam/Content/StarterBundle/ModularScifiHallways/Textures/T_Hall_Floor_Main_B_N_normals.uasset" 2073
"C:/Users/Shubham/Documents/Unreal Projects/ShooterSam/Content/StarterBundle/ModularScifiHallways/Textures/T_Hall_Floor_Main_B_N_normals.uexp" 2074
"C:/Users/Shubham/Documents/Unreal Projects/ShooterSam/Content/StarterBundle/ModularScifiHallways/Materials/MI_Hall_Floor_Main_B_M.uasset" 2075
"C:/Users/Shubham/Documents/Unreal Projects/ShooterSam/Content/StarterBundle/ModularScifiHallways/Materials/MI_Hall_Floor_Main_B_M.uexp" 2076
"C:/Users/Shubham/Documents/Unreal Projects/ShooterSam/Content/StarterBundle/ModularScifiHallways/Meshes/SM_Hall_Floor_Main_B.ubulk" 2077
"C:/Users/Shubham/Documents/Unreal Projects/ShooterSam/Content/StarterBundle/ModularScifiHallways/Meshes/SM_Hall_Floor_Main_B.uasset" 2078
"C:/Users/Shubham/Documents/Unreal Projects/ShooterSam/Content/StarterBundle/ModularScifiHallways/Meshes/SM_Hall_Floor_Main_B.uexp" 2079
"C:/Users/Shubham/Documents/Unreal Projects/ShooterSam/Content/StarterBundle/ModularScifiHallways/Textures/T_Hall_Floor_Sec_D_Diff.ubulk" 2080
"C:/Users/Shubham/Documents/Unreal Projects/ShooterSam/Content/StarterBundle/ModularScifiHallways/Textures/T_Hall_Floor_Sec_D_Diff.uasset" 2081
"C:/Users/Shubham/Documents/Unreal Projects/ShooterSam/Content/StarterBundle/ModularScifiHallways/Textures/T_Hall_Floor_Sec_D_Diff.uexp" 2082
"C:/Users/Shubham/Documents/Unreal Projects/ShooterSam/Content/StarterBundle/ModularScifiHallways/Textures/T_Hall_Floor_Sec_D_M.ubulk" 2083
"C:/Users/Shubham/Documents/Unreal Projects/ShooterSam/Content/StarterBundle/ModularScifiHallways/Textures/T_Hall_Floor_Sec_D_M.uasset" 2084
"C:/Users/Shubham/Documents/Unreal Projects/ShooterSam/Content/StarterBundle/ModularScifiHallways/Textures/T_Hall_Floor_Sec_D_M.uexp" 2085
"C:/Users/Shubham/Documents/Unreal Projects/ShooterSam/Content/StarterBundle/ModularScifiHallways/Textures/T_Hall_Floor_Sec_D_N_normals.ubulk" 2086
"C:/Users/Shubham/Documents/Unreal Projects/ShooterSam/Content/StarterBundle/ModularScifiHallways/Textures/T_Hall_Floor_Sec_D_N_normals.uasset" 2087
"C:/Users/Shubham/Documents/Unreal Projects/ShooterSam/Content/StarterBundle/ModularScifiHallways/Textures/T_Hall_Floor_Sec_D_N_normals.uexp" 2088
"C:/Users/Shubham/Documents/Unreal Projects/ShooterSam/Content/StarterBundle/ModularScifiHallways/Materials/MI_Hall_Floor_Sec_D_M.uasset" 2089
"C:/Users/Shubham/Documents/Unreal Projects/ShooterSam/Content/StarterBundle/ModularScifiHallways/Materials/MI_Hall_Floor_Sec_D_M.uexp" 2090
"C:/Users/Shubham/Documents/Unreal Projects/ShooterSam/Content/StarterBundle/ModularScifiHallways/Meshes/SM_Hall_Floor_Sec_D.ubulk" 2091
"C:/Users/Shubham/Documents/Unreal Projects/ShooterSam/Content/StarterBundle/ModularScifiHallways/Meshes/SM_Hall_Floor_Sec_D.uasset" 2092
"C:/Users/Shubham/Documents/Unreal Projects/ShooterSam/Content/StarterBundle/ModularScifiHallways/Meshes/SM_Hall_Floor_Sec_D.uexp" 2093
"C:/Users/Shubham/Documents/Unreal Projects/ShooterSam/Content/StarterBundle/ModularScifiHallways/Textures/T_Hall_Light_Square_Diff.ubulk" 2094
"C:/Users/Shubham/Documents/Unreal Projects/ShooterSam/Content/StarterBundle/ModularScifiHallways/Textures/T_Hall_Light_Square_Diff.uasset" 2095
"C:/Users/Shubham/Documents/Unreal Projects/ShooterSam/Content/StarterBundle/ModularScifiHallways/Textures/T_Hall_Light_Square_Diff.uexp" 2096
"C:/Users/Shubham/Documents/Unreal Projects/ShooterSam/Content/StarterBundle/ModularScifiHallways/Textures/T_Hall_Light_Square_EM.ubulk" 2097
"C:/Users/Shubham/Documents/Unreal Projects/ShooterSam/Content/StarterBundle/ModularScifiHallways/Textures/T_Hall_Light_Square_EM.uasset" 2098
"C:/Users/Shubham/Documents/Unreal Projects/ShooterSam/Content/StarterBundle/ModularScifiHallways/Textures/T_Hall_Light_Square_EM.uexp" 2099
"C:/Users/Shubham/Documents/Unreal Projects/ShooterSam/Content/StarterBundle/ModularScifiHallways/Textures/T_Hall_Light_Square_M.ubulk" 2100
"C:/Users/Shubham/Documents/Unreal Projects/ShooterSam/Content/StarterBundle/ModularScifiHallways/Textures/T_Hall_Light_Square_M.uasset" 2101
"C:/Users/Shubham/Documents/Unreal Projects/ShooterSam/Content/StarterBundle/ModularScifiHallways/Textures/T_Hall_Light_Square_M.uexp" 2102
"C:/Users/Shubham/Documents/Unreal Projects/ShooterSam/Content/StarterBundle/ModularScifiHallways/Textures/T_Hall_Light_Square_N_normals.ubulk" 2103
"C:/Users/Shubham/Documents/Unreal Projects/ShooterSam/Content/StarterBundle/ModularScifiHallways/Textures/T_Hall_Light_Square_N_normals.uasset" 2104
"C:/Users/Shubham/Documents/Unreal Projects/ShooterSam/Content/StarterBundle/ModularScifiHallways/Textures/T_Hall_Light_Square_N_normals.uexp" 2105
"C:/Users/Shubham/Documents/Unreal Projects/ShooterSam/Content/StarterBundle/ModularScifiHallways/Materials/MI_Hall_Light_Square_M.uasset" 2106
"C:/Users/Shubham/Documents/Unreal Projects/ShooterSam/Content/StarterBundle/ModularScifiHallways/Materials/MI_Hall_Light_Square_M.uexp" 2107
"C:/Users/Shubham/Documents/Unreal Projects/ShooterSam/Content/StarterBundle/ModularScifiHallways/Meshes/SM_Hall_Light_Square.ubulk" 2108
"C:/Users/Shubham/Documents/Unreal Projects/ShooterSam/Content/StarterBundle/ModularScifiHallways/Meshes/SM_Hall_Light_Square.uasset" 2109
"C:/Users/Shubham/Documents/Unreal Projects/ShooterSam/Content/StarterBundle/ModularScifiHallways/Meshes/SM_Hall_Light_Square.uexp" 2110
"C:/Users/Shubham/Documents/Unreal Projects/ShooterSam/Content/StarterBundle/ModularScifiHallways/Textures/T_Hall_Pipes_Ceiling_Diff.ubulk" 2111
"C:/Users/Shubham/Documents/Unreal Projects/ShooterSam/Content/StarterBundle/ModularScifiHallways/Textures/T_Hall_Pipes_Ceiling_Diff.uasset" 2112
"C:/Users/Shubham/Documents/Unreal Projects/ShooterSam/Content/StarterBundle/ModularScifiHallways/Textures/T_Hall_Pipes_Ceiling_Diff.uexp" 2113
"C:/Users/Shubham/Documents/Unreal Projects/ShooterSam/Content/StarterBundle/ModularScifiHallways/Textures/T_Hall_Pipes_Ceiling_M.ubulk" 2114
"C:/Users/Shubham/Documents/Unreal Projects/ShooterSam/Content/StarterBundle/ModularScifiHallways/Textures/T_Hall_Pipes_Ceiling_M.uasset" 2115
"C:/Users/Shubham/Documents/Unreal Projects/ShooterSam/Content/StarterBundle/ModularScifiHallways/Textures/T_Hall_Pipes_Ceiling_M.uexp" 2116
"C:/Users/Shubham/Documents/Unreal Projects/ShooterSam/Content/StarterBundle/ModularScifiHallways/Textures/T_Hall_Pipes_Ceiling_N_normals.ubulk" 2117
"C:/Users/Shubham/Documents/Unreal Projects/ShooterSam/Content/StarterBundle/ModularScifiHallways/Textures/T_Hall_Pipes_Ceiling_N_normals.uasset" 2118
"C:/Users/Shubham/Documents/Unreal Projects/ShooterSam/Content/StarterBundle/ModularScifiHallways/Textures/T_Hall_Pipes_Ceiling_N_normals.uexp" 2119
"C:/Users/Shubham/Documents/Unreal Projects/ShooterSam/Content/StarterBundle/ModularScifiHallways/Materials/MI_Hall_Pipes_Ceiling_M.uasset" 2120
"C:/Users/Shubham/Documents/Unreal Projects/ShooterSam/Content/StarterBundle/ModularScifiHallways/Materials/MI_Hall_Pipes_Ceiling_M.uexp" 2121
"C:/Users/Shubham/Documents/Unreal Projects/ShooterSam/Content/StarterBundle/ModularScifiHallways/Meshes/SM_Hall_Pipes_Ceiling.ubulk" 2122
"C:/Users/Shubham/Documents/Unreal Projects/ShooterSam/Content/StarterBundle/ModularScifiHallways/Meshes/SM_Hall_Pipes_Ceiling.uasset" 2123
"C:/Users/Shubham/Documents/Unreal Projects/ShooterSam/Content/StarterBundle/ModularScifiHallways/Meshes/SM_Hall_Pipes_Ceiling.uexp" 2124
"C:/Users/Shubham/Documents/Unreal Projects/ShooterSam/Content/StarterBundle/ModularScifiHallways/Textures/T_Hall_Pipes_Long_Diff.ubulk" 2125
"C:/Users/Shubham/Documents/Unreal Projects/ShooterSam/Content/StarterBundle/ModularScifiHallways/Textures/T_Hall_Pipes_Long_Diff.uasset" 2126
"C:/Users/Shubham/Documents/Unreal Projects/ShooterSam/Content/StarterBundle/ModularScifiHallways/Textures/T_Hall_Pipes_Long_Diff.uexp" 2127
"C:/Users/Shubham/Documents/Unreal Projects/ShooterSam/Content/StarterBundle/ModularScifiHallways/Textures/T_Hall_Pipes_Long_M.ubulk" 2128
"C:/Users/Shubham/Documents/Unreal Projects/ShooterSam/Content/StarterBundle/ModularScifiHallways/Textures/T_Hall_Pipes_Long_M.uasset" 2129
"C:/Users/Shubham/Documents/Unreal Projects/ShooterSam/Content/StarterBundle/ModularScifiHallways/Textures/T_Hall_Pipes_Long_M.uexp" 2130
"C:/Users/Shubham/Documents/Unreal Projects/ShooterSam/Content/StarterBundle/ModularScifiHallways/Textures/T_Hall_Pipes_Long_N_normals.ubulk" 2131
"C:/Users/Shubham/Documents/Unreal Projects/ShooterSam/Content/StarterBundle/ModularScifiHallways/Textures/T_Hall_Pipes_Long_N_normals.uasset" 2132
"C:/Users/Shubham/Documents/Unreal Projects/ShooterSam/Content/StarterBundle/ModularScifiHallways/Textures/T_Hall_Pipes_Long_N_normals.uexp" 2133
"C:/Users/Shubham/Documents/Unreal Projects/ShooterSam/Content/StarterBundle/ModularScifiHallways/Materials/MI_Hall_Pipes_Long_M.uasset" 2134
"C:/Users/Shubham/Documents/Unreal Projects/ShooterSam/Content/StarterBundle/ModularScifiHallways/Materials/MI_Hall_Pipes_Long_M.uexp" 2135
"C:/Users/Shubham/Documents/Unreal Projects/ShooterSam/Content/StarterBundle/ModularScifiHallways/Meshes/SM_Hall_Pipes_Long.ubulk" 2136
"C:/Users/Shubham/Documents/Unreal Projects/ShooterSam/Content/StarterBundle/ModularScifiHallways/Meshes/SM_Hall_Pipes_Long.uasset" 2137
"C:/Users/Shubham/Documents/Unreal Projects/ShooterSam/Content/StarterBundle/ModularScifiHallways/Meshes/SM_Hall_Pipes_Long.uexp" 2138
"C:/Users/Shubham/Documents/Unreal Projects/ShooterSam/Content/StarterBundle/ModularScifiHallways/Textures/T_Hall_Pipes_Thick_Diff.ubulk" 2139
"C:/Users/Shubham/Documents/Unreal Projects/ShooterSam/Content/StarterBundle/ModularScifiHallways/Textures/T_Hall_Pipes_Thick_Diff.uasset" 2140
"C:/Users/Shubham/Documents/Unreal Projects/ShooterSam/Content/StarterBundle/ModularScifiHallways/Textures/T_Hall_Pipes_Thick_Diff.uexp" 2141
"C:/Users/Shubham/Documents/Unreal Projects/ShooterSam/Content/StarterBundle/ModularScifiHallways/Textures/T_Hall_Pipes_Thick_M.ubulk" 2142
"C:/Users/Shubham/Documents/Unreal Projects/ShooterSam/Content/StarterBundle/ModularScifiHallways/Textures/T_Hall_Pipes_Thick_M.uasset" 2143
"C:/Users/Shubham/Documents/Unreal Projects/ShooterSam/Content/StarterBundle/ModularScifiHallways/Textures/T_Hall_Pipes_Thick_M.uexp" 2144
"C:/Users/Shubham/Documents/Unreal Projects/ShooterSam/Content/StarterBundle/ModularScifiHallways/Textures/T_Hall_Pipes_Thick_N_normals.ubulk" 2145
"C:/Users/Shubham/Documents/Unreal Projects/ShooterSam/Content/StarterBundle/ModularScifiHallways/Textures/T_Hall_Pipes_Thick_N_normals.uasset" 2146
"C:/Users/Shubham/Documents/Unreal Projects/ShooterSam/Content/StarterBundle/ModularScifiHallways/Textures/T_Hall_Pipes_Thick_N_normals.uexp" 2147
"C:/Users/Shubham/Documents/Unreal Projects/ShooterSam/Content/StarterBundle/ModularScifiHallways/Materials/MI_Hall_Pipes_Thick_M.uasset" 2148
"C:/Users/Shubham/Documents/Unreal Projects/ShooterSam/Content/StarterBundle/ModularScifiHallways/Materials/MI_Hall_Pipes_Thick_M.uexp" 2149
"C:/Users/Shubham/Documents/Unreal Projects/ShooterSam/Content/StarterBundle/ModularScifiHallways/Meshes/SM_Hall_Pipes_Thick.ubulk" 2150
"C:/Users/Shubham/Documents/Unreal Projects/ShooterSam/Content/StarterBundle/ModularScifiHallways/Meshes/SM_Hall_Pipes_Thick.uasset" 2151
"C:/Users/Shubham/Documents/Unreal Projects/ShooterSam/Content/StarterBundle/ModularScifiHallways/Meshes/SM_Hall_Pipes_Thick.uexp" 2152
"C:/Users/Shubham/Documents/Unreal Projects/ShooterSam/Content/StarterBundle/ModularScifiHallways/Textures/T_Hall_Pipe_Handle_Diff.ubulk" 2153
"C:/Users/Shubham/Documents/Unreal Projects/ShooterSam/Content/StarterBundle/ModularScifiHallways/Textures/T_Hall_Pipe_Handle_Diff.uasset" 2154
"C:/Users/Shubham/Documents/Unreal Projects/ShooterSam/Content/StarterBundle/ModularScifiHallways/Textures/T_Hall_Pipe_Handle_Diff.uexp" 2155
"C:/Users/Shubham/Documents/Unreal Projects/ShooterSam/Content/StarterBundle/ModularScifiHallways/Materials/MI_Hall_Pipes_Handle_M.uasset" 2156
"C:/Users/Shubham/Documents/Unreal Projects/ShooterSam/Content/StarterBundle/ModularScifiHallways/Materials/MI_Hall_Pipes_Handle_M.uexp" 2157
"C:/Users/Shubham/Documents/Unreal Projects/ShooterSam/Content/StarterBundle/ModularScifiHallways/Meshes/SM_Hall_Pipe_Handle.ubulk" 2158
"C:/Users/Shubham/Documents/Unreal Projects/ShooterSam/Content/StarterBundle/ModularScifiHallways/Meshes/SM_Hall_Pipe_Handle.uasset" 2159
"C:/Users/Shubham/Documents/Unreal Projects/ShooterSam/Content/StarterBundle/ModularScifiHallways/Meshes/SM_Hall_Pipe_Handle.uexp" 2160
"C:/Users/Shubham/Documents/Unreal Projects/ShooterSam/Content/StarterBundle/ModularScifiHallways/Textures/T_Hall_Vent_A_Diff.ubulk" 2161
"C:/Users/Shubham/Documents/Unreal Projects/ShooterSam/Content/StarterBundle/ModularScifiHallways/Textures/T_Hall_Vent_A_Diff.uasset" 2162
"C:/Users/Shubham/Documents/Unreal Projects/ShooterSam/Content/StarterBundle/ModularScifiHallways/Textures/T_Hall_Vent_A_Diff.uexp" 2163
"C:/Users/Shubham/Documents/Unreal Projects/ShooterSam/Content/StarterBundle/ModularScifiHallways/Textures/T_Hall_Vent_A_M.ubulk" 2164
"C:/Users/Shubham/Documents/Unreal Projects/ShooterSam/Content/StarterBundle/ModularScifiHallways/Textures/T_Hall_Vent_A_M.uasset" 2165
"C:/Users/Shubham/Documents/Unreal Projects/ShooterSam/Content/StarterBundle/ModularScifiHallways/Textures/T_Hall_Vent_A_M.uexp" 2166
"C:/Users/Shubham/Documents/Unreal Projects/ShooterSam/Content/StarterBundle/ModularScifiHallways/Textures/T_Hall_Vent_A_N_normals.ubulk" 2167
"C:/Users/Shubham/Documents/Unreal Projects/ShooterSam/Content/StarterBundle/ModularScifiHallways/Textures/T_Hall_Vent_A_N_normals.uasset" 2168
"C:/Users/Shubham/Documents/Unreal Projects/ShooterSam/Content/StarterBundle/ModularScifiHallways/Textures/T_Hall_Vent_A_N_normals.uexp" 2169
"C:/Users/Shubham/Documents/Unreal Projects/ShooterSam/Content/StarterBundle/ModularScifiHallways/Materials/MI_Hall_Vent_A_M.uasset" 2170
"C:/Users/Shubham/Documents/Unreal Projects/ShooterSam/Content/StarterBundle/ModularScifiHallways/Materials/MI_Hall_Vent_A_M.uexp" 2171
"C:/Users/Shubham/Documents/Unreal Projects/ShooterSam/Content/StarterBundle/ModularScifiHallways/Meshes/SM_Hall_Vent_A.ubulk" 2172
"C:/Users/Shubham/Documents/Unreal Projects/ShooterSam/Content/StarterBundle/ModularScifiHallways/Meshes/SM_Hall_Vent_A.uasset" 2173
"C:/Users/Shubham/Documents/Unreal Projects/ShooterSam/Content/StarterBundle/ModularScifiHallways/Meshes/SM_Hall_Vent_A.uexp" 2174
"C:/Users/Shubham/Documents/Unreal Projects/ShooterSam/Content/StarterBundle/ModularScifiHallways/Textures/T_Hall_Wall_Buffer_Diff.ubulk" 2175
"C:/Users/Shubham/Documents/Unreal Projects/ShooterSam/Content/StarterBundle/ModularScifiHallways/Textures/T_Hall_Wall_Buffer_Diff.uasset" 2176
"C:/Users/Shubham/Documents/Unreal Projects/ShooterSam/Content/StarterBundle/ModularScifiHallways/Textures/T_Hall_Wall_Buffer_Diff.uexp" 2177
"C:/Users/Shubham/Documents/Unreal Projects/ShooterSam/Content/StarterBundle/ModularScifiHallways/Textures/T_Hall_Wall_Buffer_M.ubulk" 2178
"C:/Users/Shubham/Documents/Unreal Projects/ShooterSam/Content/StarterBundle/ModularScifiHallways/Textures/T_Hall_Wall_Buffer_M.uasset" 2179
"C:/Users/Shubham/Documents/Unreal Projects/ShooterSam/Content/StarterBundle/ModularScifiHallways/Textures/T_Hall_Wall_Buffer_M.uexp" 2180
"C:/Users/Shubham/Documents/Unreal Projects/ShooterSam/Content/StarterBundle/ModularScifiHallways/Textures/T_Hall_Wall_Buffer_N_normals.ubulk" 2181
"C:/Users/Shubham/Documents/Unreal Projects/ShooterSam/Content/StarterBundle/ModularScifiHallways/Textures/T_Hall_Wall_Buffer_N_normals.uasset" 2182
"C:/Users/Shubham/Documents/Unreal Projects/ShooterSam/Content/StarterBundle/ModularScifiHallways/Textures/T_Hall_Wall_Buffer_N_normals.uexp" 2183
"C:/Users/Shubham/Documents/Unreal Projects/ShooterSam/Content/StarterBundle/ModularScifiHallways/Materials/MI_Hall_WallBuffer_M.uasset" 2184
"C:/Users/Shubham/Documents/Unreal Projects/ShooterSam/Content/StarterBundle/ModularScifiHallways/Materials/MI_Hall_WallBuffer_M.uexp" 2185
"C:/Users/Shubham/Documents/Unreal Projects/ShooterSam/Content/StarterBundle/ModularScifiHallways/Meshes/SM_Hall_WallBuffer.ubulk" 2186
"C:/Users/Shubham/Documents/Unreal Projects/ShooterSam/Content/StarterBundle/ModularScifiHallways/Meshes/SM_Hall_WallBuffer.uasset" 2187
"C:/Users/Shubham/Documents/Unreal Projects/ShooterSam/Content/StarterBundle/ModularScifiHallways/Meshes/SM_Hall_WallBuffer.uexp" 2188
"C:/Users/Shubham/Documents/Unreal Projects/ShooterSam/Content/StarterBundle/ModularScifiHallways/Textures/T_Hall_Wall_A_Diff.ubulk" 2189
"C:/Users/Shubham/Documents/Unreal Projects/ShooterSam/Content/StarterBundle/ModularScifiHallways/Textures/T_Hall_Wall_A_Diff.uasset" 2190
"C:/Users/Shubham/Documents/Unreal Projects/ShooterSam/Content/StarterBundle/ModularScifiHallways/Textures/T_Hall_Wall_A_Diff.uexp" 2191
"C:/Users/Shubham/Documents/Unreal Projects/ShooterSam/Content/StarterBundle/ModularScifiHallways/Textures/T_Hall_Wall_A_M.ubulk" 2192
"C:/Users/Shubham/Documents/Unreal Projects/ShooterSam/Content/StarterBundle/ModularScifiHallways/Textures/T_Hall_Wall_A_M.uasset" 2193
"C:/Users/Shubham/Documents/Unreal Projects/ShooterSam/Content/StarterBundle/ModularScifiHallways/Textures/T_Hall_Wall_A_M.uexp" 2194
"C:/Users/Shubham/Documents/Unreal Projects/ShooterSam/Content/StarterBundle/ModularScifiHallways/Textures/T_Hall_Wall_A_N_normals.ubulk" 2195
"C:/Users/Shubham/Documents/Unreal Projects/ShooterSam/Content/StarterBundle/ModularScifiHallways/Textures/T_Hall_Wall_A_N_normals.uasset" 2196
"C:/Users/Shubham/Documents/Unreal Projects/ShooterSam/Content/StarterBundle/ModularScifiHallways/Textures/T_Hall_Wall_A_N_normals.uexp" 2197
"C:/Users/Shubham/Documents/Unreal Projects/ShooterSam/Content/StarterBundle/ModularScifiHallways/Materials/MI_Hall_Wall_A_M.uasset" 2198
"C:/Users/Shubham/Documents/Unreal Projects/ShooterSam/Content/StarterBundle/ModularScifiHallways/Materials/MI_Hall_Wall_A_M.uexp" 2199
"C:/Users/Shubham/Documents/Unreal Projects/ShooterSam/Content/StarterBundle/ModularScifiHallways/Meshes/SM_Hall_Wall_A.ubulk" 2200
"C:/Users/Shubham/Documents/Unreal Projects/ShooterSam/Content/StarterBundle/ModularScifiHallways/Meshes/SM_Hall_Wall_A.uasset" 2201
"C:/Users/Shubham/Documents/Unreal Projects/ShooterSam/Content/StarterBundle/ModularScifiHallways/Meshes/SM_Hall_Wall_A.uexp" 2202
"C:/Users/Shubham/Documents/Unreal Projects/ShooterSam/Content/StarterBundle/ModularScifiHallways/Textures/T_Hall_Wall_B_Diff.ubulk" 2203
"C:/Users/Shubham/Documents/Unreal Projects/ShooterSam/Content/StarterBundle/ModularScifiHallways/Textures/T_Hall_Wall_B_Diff.uasset" 2204
"C:/Users/Shubham/Documents/Unreal Projects/ShooterSam/Content/StarterBundle/ModularScifiHallways/Textures/T_Hall_Wall_B_Diff.uexp" 2205
"C:/Users/Shubham/Documents/Unreal Projects/ShooterSam/Content/StarterBundle/ModularScifiHallways/Textures/T_Hall_Wall_B_M.ubulk" 2206
"C:/Users/Shubham/Documents/Unreal Projects/ShooterSam/Content/StarterBundle/ModularScifiHallways/Textures/T_Hall_Wall_B_M.uasset" 2207
"C:/Users/Shubham/Documents/Unreal Projects/ShooterSam/Content/StarterBundle/ModularScifiHallways/Textures/T_Hall_Wall_B_M.uexp" 2208
"C:/Users/Shubham/Documents/Unreal Projects/ShooterSam/Content/StarterBundle/ModularScifiHallways/Textures/T_Hall_Wall_B_N_normals.ubulk" 2209
"C:/Users/Shubham/Documents/Unreal Projects/ShooterSam/Content/StarterBundle/ModularScifiHallways/Textures/T_Hall_Wall_B_N_normals.uasset" 2210
"C:/Users/Shubham/Documents/Unreal Projects/ShooterSam/Content/StarterBundle/ModularScifiHallways/Textures/T_Hall_Wall_B_N_normals.uexp" 2211
"C:/Users/Shubham/Documents/Unreal Projects/ShooterSam/Content/StarterBundle/ModularScifiHallways/Materials/MI_Hall_Wall_B_M.uasset" 2212
"C:/Users/Shubham/Documents/Unreal Projects/ShooterSam/Content/StarterBundle/ModularScifiHallways/Materials/MI_Hall_Wall_B_M.uexp" 2213
"C:/Users/Shubham/Documents/Unreal Projects/ShooterSam/Content/StarterBundle/ModularScifiHallways/Meshes/SM_Hall_Wall_B.ubulk" 2214
"C:/Users/Shubham/Documents/Unreal Projects/ShooterSam/Content/StarterBundle/ModularScifiHallways/Meshes/SM_Hall_Wall_B.uasset" 2215
"C:/Users/Shubham/Documents/Unreal Projects/ShooterSam/Content/StarterBundle/ModularScifiHallways/Meshes/SM_Hall_Wall_B.uexp" 2216
"C:/Users/Shubham/Documents/Unreal Projects/ShooterSam/Content/StarterBundle/ModularScifiHallways/Textures/T_Hall_Wall_C_Diff.ubulk" 2217
"C:/Users/Shubham/Documents/Unreal Projects/ShooterSam/Content/StarterBundle/ModularScifiHallways/Textures/T_Hall_Wall_C_Diff.uasset" 2218
"C:/Users/Shubham/Documents/Unreal Projects/ShooterSam/Content/StarterBundle/ModularScifiHallways/Textures/T_Hall_Wall_C_Diff.uexp" 2219
"C:/Users/Shubham/Documents/Unreal Projects/ShooterSam/Content/StarterBundle/ModularScifiHallways/Textures/T_Hall_Wall_C_M.ubulk" 2220
"C:/Users/Shubham/Documents/Unreal Projects/ShooterSam/Content/StarterBundle/ModularScifiHallways/Textures/T_Hall_Wall_C_M.uasset" 2221
"C:/Users/Shubham/Documents/Unreal Projects/ShooterSam/Content/StarterBundle/ModularScifiHallways/Textures/T_Hall_Wall_C_M.uexp" 2222
"C:/Users/Shubham/Documents/Unreal Projects/ShooterSam/Content/StarterBundle/ModularScifiHallways/Textures/T_Hall_Wall_C_N_normals.ubulk" 2223
"C:/Users/Shubham/Documents/Unreal Projects/ShooterSam/Content/StarterBundle/ModularScifiHallways/Textures/T_Hall_Wall_C_N_normals.uasset" 2224
"C:/Users/Shubham/Documents/Unreal Projects/ShooterSam/Content/StarterBundle/ModularScifiHallways/Textures/T_Hall_Wall_C_N_normals.uexp" 2225
"C:/Users/Shubham/Documents/Unreal Projects/ShooterSam/Content/StarterBundle/ModularScifiHallways/Materials/MI_Hall_Wall_C_M.uasset" 2226
"C:/Users/Shubham/Documents/Unreal Projects/ShooterSam/Content/StarterBundle/ModularScifiHallways/Materials/MI_Hall_Wall_C_M.uexp" 2227
"C:/Users/Shubham/Documents/Unreal Projects/ShooterSam/Content/StarterBundle/ModularScifiHallways/Textures/T_Trims_B_Diff.ubulk" 2228
"C:/Users/Shubham/Documents/Unreal Projects/ShooterSam/Content/StarterBundle/ModularScifiHallways/Textures/T_Trims_B_Diff.uasset" 2229
"C:/Users/Shubham/Documents/Unreal Projects/ShooterSam/Content/StarterBundle/ModularScifiHallways/Textures/T_Trims_B_Diff.uexp" 2230
"C:/Users/Shubham/Documents/Unreal Projects/ShooterSam/Content/StarterBundle/ModularScifiHallways/Textures/T_Trims_B_M.ubulk" 2231
"C:/Users/Shubham/Documents/Unreal Projects/ShooterSam/Content/StarterBundle/ModularScifiHallways/Textures/T_Trims_B_M.uasset" 2232
"C:/Users/Shubham/Documents/Unreal Projects/ShooterSam/Content/StarterBundle/ModularScifiHallways/Textures/T_Trims_B_M.uexp" 2233
"C:/Users/Shubham/Documents/Unreal Projects/ShooterSam/Content/StarterBundle/ModularScifiHallways/Textures/T_Trims_B_N_normals.ubulk" 2234
"C:/Users/Shubham/Documents/Unreal Projects/ShooterSam/Content/StarterBundle/ModularScifiHallways/Textures/T_Trims_B_N_normals.uasset" 2235
"C:/Users/Shubham/Documents/Unreal Projects/ShooterSam/Content/StarterBundle/ModularScifiHallways/Textures/T_Trims_B_N_normals.uexp" 2236
"C:/Users/Shubham/Documents/Unreal Projects/ShooterSam/Content/StarterBundle/ModularScifiHallways/Materials/MI_Trims_B.uasset" 2237
"C:/Users/Shubham/Documents/Unreal Projects/ShooterSam/Content/StarterBundle/ModularScifiHallways/Materials/MI_Trims_B.uexp" 2238
"C:/Users/Shubham/Documents/Unreal Projects/ShooterSam/Content/StarterBundle/ModularScifiHallways/Textures/T_Trims_B_Diff_B.ubulk" 2239
"C:/Users/Shubham/Documents/Unreal Projects/ShooterSam/Content/StarterBundle/ModularScifiHallways/Textures/T_Trims_B_Diff_B.uasset" 2240
"C:/Users/Shubham/Documents/Unreal Projects/ShooterSam/Content/StarterBundle/ModularScifiHallways/Textures/T_Trims_B_Diff_B.uexp" 2241
"C:/Users/Shubham/Documents/Unreal Projects/ShooterSam/Content/StarterBundle/ModularScifiHallways/Textures/T_Trims_B_M_B.ubulk" 2242
"C:/Users/Shubham/Documents/Unreal Projects/ShooterSam/Content/StarterBundle/ModularScifiHallways/Textures/T_Trims_B_M_B.uasset" 2243
"C:/Users/Shubham/Documents/Unreal Projects/ShooterSam/Content/StarterBundle/ModularScifiHallways/Textures/T_Trims_B_M_B.uexp" 2244
"C:/Users/Shubham/Documents/Unreal Projects/ShooterSam/Content/StarterBundle/ModularScifiHallways/Materials/MI_Trims_B_2.uasset" 2245
"C:/Users/Shubham/Documents/Unreal Projects/ShooterSam/Content/StarterBundle/ModularScifiHallways/Materials/MI_Trims_B_2.uexp" 2246
"C:/Users/Shubham/Documents/Unreal Projects/ShooterSam/Content/StarterBundle/ModularScifiHallways/Meshes/SM_Hall_Wall_C.ubulk" 2247
"C:/Users/Shubham/Documents/Unreal Projects/ShooterSam/Content/StarterBundle/ModularScifiHallways/Meshes/SM_Hall_Wall_C.uasset" 2248
"C:/Users/Shubham/Documents/Unreal Projects/ShooterSam/Content/StarterBundle/ModularScifiHallways/Meshes/SM_Hall_Wall_C.uexp" 2249
"C:/Users/Shubham/Documents/Unreal Projects/ShooterSam/Content/StarterBundle/ModularScifiHallways/Textures/T_Hall_WDetails_A_Diff.ubulk" 2250
"C:/Users/Shubham/Documents/Unreal Projects/ShooterSam/Content/StarterBundle/ModularScifiHallways/Textures/T_Hall_WDetails_A_Diff.uasset" 2251
"C:/Users/Shubham/Documents/Unreal Projects/ShooterSam/Content/StarterBundle/ModularScifiHallways/Textures/T_Hall_WDetails_A_Diff.uexp" 2252
"C:/Users/Shubham/Documents/Unreal Projects/ShooterSam/Content/StarterBundle/ModularScifiHallways/Textures/T_Hall_WDetails_A_M.ubulk" 2253
"C:/Users/Shubham/Documents/Unreal Projects/ShooterSam/Content/StarterBundle/ModularScifiHallways/Textures/T_Hall_WDetails_A_M.uasset" 2254
"C:/Users/Shubham/Documents/Unreal Projects/ShooterSam/Content/StarterBundle/ModularScifiHallways/Textures/T_Hall_WDetails_A_M.uexp" 2255
"C:/Users/Shubham/Documents/Unreal Projects/ShooterSam/Content/StarterBundle/ModularScifiHallways/Textures/T_Hall_WDetails_A_N_normals.ubulk" 2256
"C:/Users/Shubham/Documents/Unreal Projects/ShooterSam/Content/StarterBundle/ModularScifiHallways/Textures/T_Hall_WDetails_A_N_normals.uasset" 2257
"C:/Users/Shubham/Documents/Unreal Projects/ShooterSam/Content/StarterBundle/ModularScifiHallways/Textures/T_Hall_WDetails_A_N_normals.uexp" 2258
"C:/Users/Shubham/Documents/Unreal Projects/ShooterSam/Content/StarterBundle/ModularScifiHallways/Materials/MI_Hall_WDetails_A_M.uasset" 2259
"C:/Users/Shubham/Documents/Unreal Projects/ShooterSam/Content/StarterBundle/ModularScifiHallways/Materials/MI_Hall_WDetails_A_M.uexp" 2260
"C:/Users/Shubham/Documents/Unreal Projects/ShooterSam/Content/StarterBundle/ModularScifiHallways/Meshes/SM_Hall_WDetails_A.ubulk" 2261
"C:/Users/Shubham/Documents/Unreal Projects/ShooterSam/Content/StarterBundle/ModularScifiHallways/Meshes/SM_Hall_WDetails_A.uasset" 2262
"C:/Users/Shubham/Documents/Unreal Projects/ShooterSam/Content/StarterBundle/ModularScifiHallways/Meshes/SM_Hall_WDetails_A.uexp" 2263
"C:/Users/Shubham/Documents/Unreal Projects/ShooterSam/Content/StarterBundle/ModularScifiHallways/Materials/M_Glass.uasset" 2264
"C:/Users/Shubham/Documents/Unreal Projects/ShooterSam/Content/StarterBundle/ModularScifiHallways/Materials/M_Glass.uexp" 2265
"C:/Users/Shubham/Documents/Unreal Projects/ShooterSam/Content/StarterBundle/ModularScifiHallways/Materials/MI_Hall_Window_A_M.uasset" 2266
"C:/Users/Shubham/Documents/Unreal Projects/ShooterSam/Content/StarterBundle/ModularScifiHallways/Materials/MI_Hall_Window_A_M.uexp" 2267
"C:/Users/Shubham/Documents/Unreal Projects/ShooterSam/Content/StarterBundle/ModularScifiHallways/Meshes/SM_Hall_Window_A.ubulk" 2268
"C:/Users/Shubham/Documents/Unreal Projects/ShooterSam/Content/StarterBundle/ModularScifiHallways/Meshes/SM_Hall_Window_A.uasset" 2269
"C:/Users/Shubham/Documents/Unreal Projects/ShooterSam/Content/StarterBundle/ModularScifiHallways/Meshes/SM_Hall_Window_A.uexp" 2270
"C:/Users/Shubham/Documents/Unreal Projects/ShooterSam/Content/StarterBundle/ModularScifiHallways/Textures/T_Hall_Win_Flr_A_Diff.ubulk" 2271
"C:/Users/Shubham/Documents/Unreal Projects/ShooterSam/Content/StarterBundle/ModularScifiHallways/Textures/T_Hall_Win_Flr_A_Diff.uasset" 2272
"C:/Users/Shubham/Documents/Unreal Projects/ShooterSam/Content/StarterBundle/ModularScifiHallways/Textures/T_Hall_Win_Flr_A_Diff.uexp" 2273
"C:/Users/Shubham/Documents/Unreal Projects/ShooterSam/Content/StarterBundle/ModularScifiHallways/Textures/T_Hall_Win_Flr_A_M.ubulk" 2274
"C:/Users/Shubham/Documents/Unreal Projects/ShooterSam/Content/StarterBundle/ModularScifiHallways/Textures/T_Hall_Win_Flr_A_M.uasset" 2275
"C:/Users/Shubham/Documents/Unreal Projects/ShooterSam/Content/StarterBundle/ModularScifiHallways/Textures/T_Hall_Win_Flr_A_M.uexp" 2276
"C:/Users/Shubham/Documents/Unreal Projects/ShooterSam/Content/StarterBundle/ModularScifiHallways/Textures/T_Hall_Win_Flr_A_N_normals.ubulk" 2277
"C:/Users/Shubham/Documents/Unreal Projects/ShooterSam/Content/StarterBundle/ModularScifiHallways/Textures/T_Hall_Win_Flr_A_N_normals.uasset" 2278
"C:/Users/Shubham/Documents/Unreal Projects/ShooterSam/Content/StarterBundle/ModularScifiHallways/Textures/T_Hall_Win_Flr_A_N_normals.uexp" 2279
"C:/Users/Shubham/Documents/Unreal Projects/ShooterSam/Content/StarterBundle/ModularScifiHallways/Materials/MI_Hall_Win_Flr_A_M.uasset" 2280
"C:/Users/Shubham/Documents/Unreal Projects/ShooterSam/Content/StarterBundle/ModularScifiHallways/Materials/MI_Hall_Win_Flr_A_M.uexp" 2281
"C:/Users/Shubham/Documents/Unreal Projects/ShooterSam/Content/StarterBundle/ModularScifiHallways/Meshes/SM_Hall_Win_Ceiling.ubulk" 2282
"C:/Users/Shubham/Documents/Unreal Projects/ShooterSam/Content/StarterBundle/ModularScifiHallways/Meshes/SM_Hall_Win_Ceiling.uasset" 2283
"C:/Users/Shubham/Documents/Unreal Projects/ShooterSam/Content/StarterBundle/ModularScifiHallways/Meshes/SM_Hall_Win_Ceiling.uexp" 2284
"C:/Users/Shubham/Documents/Unreal Projects/ShooterSam/Content/StarterBundle/ModularScifiHallways/Meshes/SM_Hall_Win_Floor_A.ubulk" 2285
"C:/Users/Shubham/Documents/Unreal Projects/ShooterSam/Content/StarterBundle/ModularScifiHallways/Meshes/SM_Hall_Win_Floor_A.uasset" 2286
"C:/Users/Shubham/Documents/Unreal Projects/ShooterSam/Content/StarterBundle/ModularScifiHallways/Meshes/SM_Hall_Win_Floor_A.uexp" 2287
"C:/Users/Shubham/Documents/Unreal Projects/ShooterSam/Content/StarterBundle/ModularScifiHallways/Meshes/SM_Hall_Win_Rails_A.ubulk" 2288
"C:/Users/Shubham/Documents/Unreal Projects/ShooterSam/Content/StarterBundle/ModularScifiHallways/Meshes/SM_Hall_Win_Rails_A.uasset" 2289
"C:/Users/Shubham/Documents/Unreal Projects/ShooterSam/Content/StarterBundle/ModularScifiHallways/Meshes/SM_Hall_Win_Rails_A.uexp" 2290
"C:/Users/Shubham/Documents/Unreal Projects/ShooterSam/Content/StarterBundle/ModularScifiHallways/Meshes/SM_Hall_Win_Rails_B.ubulk" 2291
"C:/Users/Shubham/Documents/Unreal Projects/ShooterSam/Content/StarterBundle/ModularScifiHallways/Meshes/SM_Hall_Win_Rails_B.uasset" 2292
"C:/Users/Shubham/Documents/Unreal Projects/ShooterSam/Content/StarterBundle/ModularScifiHallways/Meshes/SM_Hall_Win_Rails_B.uexp" 2293
"C:/Users/Shubham/Documents/Unreal Projects/ShooterSam/Content/StarterBundle/ModularScifiHallways/Textures/T_Hall_Wires_A_Diff.ubulk" 2294
"C:/Users/Shubham/Documents/Unreal Projects/ShooterSam/Content/StarterBundle/ModularScifiHallways/Textures/T_Hall_Wires_A_Diff.uasset" 2295
"C:/Users/Shubham/Documents/Unreal Projects/ShooterSam/Content/StarterBundle/ModularScifiHallways/Textures/T_Hall_Wires_A_Diff.uexp" 2296
"C:/Users/Shubham/Documents/Unreal Projects/ShooterSam/Content/StarterBundle/ModularScifiHallways/Textures/T_Hall_Wires_A_M.ubulk" 2297
"C:/Users/Shubham/Documents/Unreal Projects/ShooterSam/Content/StarterBundle/ModularScifiHallways/Textures/T_Hall_Wires_A_M.uasset" 2298
"C:/Users/Shubham/Documents/Unreal Projects/ShooterSam/Content/StarterBundle/ModularScifiHallways/Textures/T_Hall_Wires_A_M.uexp" 2299
"C:/Users/Shubham/Documents/Unreal Projects/ShooterSam/Content/StarterBundle/ModularScifiHallways/Textures/T_Hall_Wires_A_N_normals.ubulk" 2300
"C:/Users/Shubham/Documents/Unreal Projects/ShooterSam/Content/StarterBundle/ModularScifiHallways/Textures/T_Hall_Wires_A_N_normals.uasset" 2301
"C:/Users/Shubham/Documents/Unreal Projects/ShooterSam/Content/StarterBundle/ModularScifiHallways/Textures/T_Hall_Wires_A_N_normals.uexp" 2302
"C:/Users/Shubham/Documents/Unreal Projects/ShooterSam/Content/StarterBundle/ModularScifiHallways/Materials/MI_Hall_Wires_A_M.uasset" 2303
"C:/Users/Shubham/Documents/Unreal Projects/ShooterSam/Content/StarterBundle/ModularScifiHallways/Materials/MI_Hall_Wires_A_M.uexp" 2304
"C:/Users/Shubham/Documents/Unreal Projects/ShooterSam/Content/StarterBundle/ModularScifiHallways/Materials/M_Base_Wires.uasset" 2305
"C:/Users/Shubham/Documents/Unreal Projects/ShooterSam/Content/StarterBundle/ModularScifiHallways/Materials/M_Base_Wires.uexp" 2306
"C:/Users/Shubham/Documents/Unreal Projects/ShooterSam/Content/StarterBundle/ModularScifiHallways/Materials/MI_Wires_A.uasset" 2307
"C:/Users/Shubham/Documents/Unreal Projects/ShooterSam/Content/StarterBundle/ModularScifiHallways/Materials/MI_Wires_A.uexp" 2308
"C:/Users/Shubham/Documents/Unreal Projects/ShooterSam/Content/StarterBundle/ModularScifiHallways/Meshes/SM_Hall_Wires_A.ubulk" 2309
"C:/Users/Shubham/Documents/Unreal Projects/ShooterSam/Content/StarterBundle/ModularScifiHallways/Meshes/SM_Hall_Wires_A.uasset" 2310
"C:/Users/Shubham/Documents/Unreal Projects/ShooterSam/Content/StarterBundle/ModularScifiHallways/Meshes/SM_Hall_Wires_A.uexp" 2311
"C:/Users/Shubham/Documents/Unreal Projects/ShooterSam/Content/StarterBundle/ModularScifiHallways/Meshes/SM_Hall_Wires_B.ubulk" 2312
"C:/Users/Shubham/Documents/Unreal Projects/ShooterSam/Content/StarterBundle/ModularScifiHallways/Meshes/SM_Hall_Wires_B.uasset" 2313
"C:/Users/Shubham/Documents/Unreal Projects/ShooterSam/Content/StarterBundle/ModularScifiHallways/Meshes/SM_Hall_Wires_B.uexp" 2314
"C:/Users/Shubham/Documents/Unreal Projects/ShooterSam/Content/StarterBundle/ModularScifiHallways/Materials/MI_Lights_Blue.uasset" 2315
"C:/Users/Shubham/Documents/Unreal Projects/ShooterSam/Content/StarterBundle/ModularScifiHallways/Materials/MI_Lights_Blue.uexp" 2316
"C:/Users/Shubham/Documents/Unreal Projects/ShooterSam/Content/StarterBundle/ModularScifiHallways/Meshes/SM_Light_A.ubulk" 2317
"C:/Users/Shubham/Documents/Unreal Projects/ShooterSam/Content/StarterBundle/ModularScifiHallways/Meshes/SM_Light_A.uasset" 2318
"C:/Users/Shubham/Documents/Unreal Projects/ShooterSam/Content/StarterBundle/ModularScifiHallways/Meshes/SM_Light_A.uexp" 2319
"C:/Users/Shubham/Documents/Unreal Projects/ShooterSam/Content/StarterBundle/ModularScifiHallways/Meshes/SM_Light_B.ubulk" 2320
"C:/Users/Shubham/Documents/Unreal Projects/ShooterSam/Content/StarterBundle/ModularScifiHallways/Meshes/SM_Light_B.uasset" 2321
"C:/Users/Shubham/Documents/Unreal Projects/ShooterSam/Content/StarterBundle/ModularScifiHallways/Meshes/SM_Light_B.uexp" 2322
"C:/Users/Shubham/Documents/Unreal Projects/ShooterSam/Content/StarterBundle/ModularScifiHallways/Meshes/SM_Pipes_GRP_A.ubulk" 2323
"C:/Users/Shubham/Documents/Unreal Projects/ShooterSam/Content/StarterBundle/ModularScifiHallways/Meshes/SM_Pipes_GRP_A.uasset" 2324
"C:/Users/Shubham/Documents/Unreal Projects/ShooterSam/Content/StarterBundle/ModularScifiHallways/Meshes/SM_Pipes_GRP_A.uexp" 2325
"C:/Users/Shubham/Documents/Unreal Projects/ShooterSam/Content/StarterBundle/ModularScifiHallways/Meshes/SM_Pipes_GRP_B.ubulk" 2326
"C:/Users/Shubham/Documents/Unreal Projects/ShooterSam/Content/StarterBundle/ModularScifiHallways/Meshes/SM_Pipes_GRP_B.uasset" 2327
"C:/Users/Shubham/Documents/Unreal Projects/ShooterSam/Content/StarterBundle/ModularScifiHallways/Meshes/SM_Pipes_GRP_B.uexp" 2328
"C:/Users/Shubham/Documents/Unreal Projects/ShooterSam/Content/StarterBundle/ModularScifiHallways/Meshes/SM_Pipes_GRP_C.ubulk" 2329
"C:/Users/Shubham/Documents/Unreal Projects/ShooterSam/Content/StarterBundle/ModularScifiHallways/Meshes/SM_Pipes_GRP_C.uasset" 2330
"C:/Users/Shubham/Documents/Unreal Projects/ShooterSam/Content/StarterBundle/ModularScifiHallways/Meshes/SM_Pipes_GRP_C.uexp" 2331
"C:/Users/Shubham/Documents/Unreal Projects/ShooterSam/Content/StarterBundle/ModularScifiHallways/Textures/T_Smoke_SubUV.uasset" 2332
"C:/Users/Shubham/Documents/Unreal Projects/ShooterSam/Content/StarterBundle/ModularScifiHallways/Textures/T_Smoke_SubUV.uexp" 2333
"C:/Users/Shubham/Documents/Unreal Projects/ShooterSam/Content/StarterBundle/ModularScifiHallways/Textures/T_Smoke_Tiled_D.uasset" 2334
"C:/Users/Shubham/Documents/Unreal Projects/ShooterSam/Content/StarterBundle/ModularScifiHallways/Textures/T_Smoke_Tiled_D.uexp" 2335
"C:/Users/Shubham/Documents/Unreal Projects/ShooterSam/Content/StarterBundle/ModularScifiHallways/Particles/Materials/M_smoke_subUV.uasset" 2336
"C:/Users/Shubham/Documents/Unreal Projects/ShooterSam/Content/StarterBundle/ModularScifiHallways/Particles/Materials/M_smoke_subUV.uexp" 2337
"C:/Users/Shubham/Documents/Unreal Projects/ShooterSam/Content/StarterBundle/ModularScifiHallways/Particles/PS_Smoke_Promo.uasset" 2338
"C:/Users/Shubham/Documents/Unreal Projects/ShooterSam/Content/StarterBundle/ModularScifiHallways/Particles/PS_Smoke_Promo.uexp" 2339
"C:/Users/Shubham/Documents/Unreal Projects/ShooterSam/Content/StarterBundle/ModularScifiHallways/Particles/PS_Smoke_Promo2.uasset" 2340
"C:/Users/Shubham/Documents/Unreal Projects/ShooterSam/Content/StarterBundle/ModularScifiHallways/Particles/PS_Smoke_Promo2.uexp" 2341
"C:/Users/Shubham/Documents/Unreal Projects/ShooterSam/Content/StarterBundle/ModularScifiProps/Textures/T_CardReader_N_normals.ubulk" 2342
"C:/Users/Shubham/Documents/Unreal Projects/ShooterSam/Content/StarterBundle/ModularScifiProps/Textures/T_CardReader_N_normals.uasset" 2343
"C:/Users/Shubham/Documents/Unreal Projects/ShooterSam/Content/StarterBundle/ModularScifiProps/Textures/T_CardReader_N_normals.uexp" 2344
"C:/Users/Shubham/Documents/Unreal Projects/ShooterSam/Content/StarterBundle/ModularScifiProps/Textures/T_Metal_Brushed_M.uasset" 2345
"C:/Users/Shubham/Documents/Unreal Projects/ShooterSam/Content/StarterBundle/ModularScifiProps/Textures/T_Metal_Brushed_M.uexp" 2346
"C:/Users/Shubham/Documents/Unreal Projects/ShooterSam/Content/StarterBundle/ModularScifiProps/Textures/T_LampEmissive.ubulk" 2347
"C:/Users/Shubham/Documents/Unreal Projects/ShooterSam/Content/StarterBundle/ModularScifiProps/Textures/T_LampEmissive.uasset" 2348
"C:/Users/Shubham/Documents/Unreal Projects/ShooterSam/Content/StarterBundle/ModularScifiProps/Textures/T_LampEmissive.uexp" 2349
"C:/Users/Shubham/Documents/Unreal Projects/ShooterSam/Content/StarterBundle/ModularScifiProps/Textures/T_Metal_Brushed_N.ubulk" 2350
"C:/Users/Shubham/Documents/Unreal Projects/ShooterSam/Content/StarterBundle/ModularScifiProps/Textures/T_Metal_Brushed_N.uasset" 2351
"C:/Users/Shubham/Documents/Unreal Projects/ShooterSam/Content/StarterBundle/ModularScifiProps/Textures/T_Metal_Brushed_N.uexp" 2352
"C:/Users/Shubham/Documents/Unreal Projects/ShooterSam/Content/StarterBundle/ModularScifiProps/Textures/T_CardReader_Diff.ubulk" 2353
"C:/Users/Shubham/Documents/Unreal Projects/ShooterSam/Content/StarterBundle/ModularScifiProps/Textures/T_CardReader_Diff.uasset" 2354
"C:/Users/Shubham/Documents/Unreal Projects/ShooterSam/Content/StarterBundle/ModularScifiProps/Textures/T_CardReader_Diff.uexp" 2355
"C:/Users/Shubham/Documents/Unreal Projects/ShooterSam/Content/StarterBundle/ModularScifiProps/Textures/T_CardReader_M.ubulk" 2356
"C:/Users/Shubham/Documents/Unreal Projects/ShooterSam/Content/StarterBundle/ModularScifiProps/Textures/T_CardReader_M.uasset" 2357
"C:/Users/Shubham/Documents/Unreal Projects/ShooterSam/Content/StarterBundle/ModularScifiProps/Textures/T_CardReader_M.uexp" 2358
"C:/Users/Shubham/Documents/Unreal Projects/ShooterSam/Content/StarterBundle/ModularScifiProps/Materials/M_Base_3C.uasset" 2359
"C:/Users/Shubham/Documents/Unreal Projects/ShooterSam/Content/StarterBundle/ModularScifiProps/Materials/M_Base_3C.uexp" 2360
"C:/Users/Shubham/Documents/Unreal Projects/ShooterSam/Content/StarterBundle/ModularScifiProps/Textures/T_Base_Diff.ubulk" 2361
"C:/Users/Shubham/Documents/Unreal Projects/ShooterSam/Content/StarterBundle/ModularScifiProps/Textures/T_Base_Diff.uasset" 2362
"C:/Users/Shubham/Documents/Unreal Projects/ShooterSam/Content/StarterBundle/ModularScifiProps/Textures/T_Base_Diff.uexp" 2363
"C:/Users/Shubham/Documents/Unreal Projects/ShooterSam/Content/StarterBundle/ModularScifiProps/Textures/T_Base_M.ubulk" 2364
"C:/Users/Shubham/Documents/Unreal Projects/ShooterSam/Content/StarterBundle/ModularScifiProps/Textures/T_Base_M.uasset" 2365
"C:/Users/Shubham/Documents/Unreal Projects/ShooterSam/Content/StarterBundle/ModularScifiProps/Textures/T_Base_M.uexp" 2366
"C:/Users/Shubham/Documents/Unreal Projects/ShooterSam/Content/StarterBundle/ModularScifiProps/Textures/T_Base_N_normals.ubulk" 2367
"C:/Users/Shubham/Documents/Unreal Projects/ShooterSam/Content/StarterBundle/ModularScifiProps/Textures/T_Base_N_normals.uasset" 2368
"C:/Users/Shubham/Documents/Unreal Projects/ShooterSam/Content/StarterBundle/ModularScifiProps/Textures/T_Base_N_normals.uexp" 2369
"C:/Users/Shubham/Documents/Unreal Projects/ShooterSam/Content/StarterBundle/ModularScifiProps/Textures/T_Metal_Scratches_M.uasset" 2370
"C:/Users/Shubham/Documents/Unreal Projects/ShooterSam/Content/StarterBundle/ModularScifiProps/Textures/T_Metal_Scratches_M.uexp" 2371
"C:/Users/Shubham/Documents/Unreal Projects/ShooterSam/Content/StarterBundle/ModularScifiProps/Materials/MI_Base_Dark.uasset" 2372
"C:/Users/Shubham/Documents/Unreal Projects/ShooterSam/Content/StarterBundle/ModularScifiProps/Materials/MI_Base_Dark.uexp" 2373
"C:/Users/Shubham/Documents/Unreal Projects/ShooterSam/Content/StarterBundle/ModularScifiProps/Materials/MI_Base_Gray.uasset" 2374
"C:/Users/Shubham/Documents/Unreal Projects/ShooterSam/Content/StarterBundle/ModularScifiProps/Materials/MI_Base_Gray.uexp" 2375
"C:/Users/Shubham/Documents/Unreal Projects/ShooterSam/Content/StarterBundle/ModularScifiProps/Materials/MI_Base_Light.uasset" 2376
"C:/Users/Shubham/Documents/Unreal Projects/ShooterSam/Content/StarterBundle/ModularScifiProps/Materials/MI_Base_Light.uexp" 2377
"C:/Users/Shubham/Documents/Unreal Projects/ShooterSam/Content/StarterBundle/ModularScifiProps/Materials/MI_Base_Light2.uasset" 2378
"C:/Users/Shubham/Documents/Unreal Projects/ShooterSam/Content/StarterBundle/ModularScifiProps/Materials/MI_Base_Light2.uexp" 2379
"C:/Users/Shubham/Documents/Unreal Projects/ShooterSam/Content/StarterBundle/ModularScifiProps/Textures/T_Keypad_UI_Login.ubulk" 2380
"C:/Users/Shubham/Documents/Unreal Projects/ShooterSam/Content/StarterBundle/ModularScifiProps/Textures/T_Keypad_UI_Login.uasset" 2381
"C:/Users/Shubham/Documents/Unreal Projects/ShooterSam/Content/StarterBundle/ModularScifiProps/Textures/T_Keypad_UI_Login.uexp" 2382
"C:/Users/Shubham/Documents/Unreal Projects/ShooterSam/Content/StarterBundle/ModularScifiProps/Textures/T_UI_Details_a.ubulk" 2383
"C:/Users/Shubham/Documents/Unreal Projects/ShooterSam/Content/StarterBundle/ModularScifiProps/Textures/T_UI_Details_a.uasset" 2384
"C:/Users/Shubham/Documents/Unreal Projects/ShooterSam/Content/StarterBundle/ModularScifiProps/Textures/T_UI_Details_a.uexp" 2385
"C:/Users/Shubham/Documents/Unreal Projects/ShooterSam/Content/StarterBundle/ModularScifiProps/Textures/T_UI_HandScanner.ubulk" 2386
"C:/Users/Shubham/Documents/Unreal Projects/ShooterSam/Content/StarterBundle/ModularScifiProps/Textures/T_UI_HandScanner.uasset" 2387
"C:/Users/Shubham/Documents/Unreal Projects/ShooterSam/Content/StarterBundle/ModularScifiProps/Textures/T_UI_HandScanner.uexp" 2388
"C:/Users/Shubham/Documents/Unreal Projects/ShooterSam/Content/StarterBundle/ModularScifiProps/Materials/M_UIScreen_Parent.uasset" 2389
"C:/Users/Shubham/Documents/Unreal Projects/ShooterSam/Content/StarterBundle/ModularScifiProps/Materials/M_UIScreen_Parent.uexp" 2390
"C:/Users/Shubham/Documents/Unreal Projects/ShooterSam/Content/StarterBundle/ModularScifiProps/Textures/T_HandScanner_UI.uasset" 2391
"C:/Users/Shubham/Documents/Unreal Projects/ShooterSam/Content/StarterBundle/ModularScifiProps/Textures/T_HandScanner_UI.uexp" 2392
"C:/Users/Shubham/Documents/Unreal Projects/ShooterSam/Content/StarterBundle/ModularScifiProps/Materials/MI_HandScanner_Screen2.uasset" 2393
"C:/Users/Shubham/Documents/Unreal Projects/ShooterSam/Content/StarterBundle/ModularScifiProps/Materials/MI_HandScanner_Screen2.uexp" 2394
"C:/Users/Shubham/Documents/Unreal Projects/ShooterSam/Content/StarterBundle/ModularScifiProps/Textures/T_Laptop_Mail.uasset" 2395
"C:/Users/Shubham/Documents/Unreal Projects/ShooterSam/Content/StarterBundle/ModularScifiProps/Textures/T_Laptop_Mail.uexp" 2396
"C:/Users/Shubham/Documents/Unreal Projects/ShooterSam/Content/StarterBundle/ModularScifiProps/Materials/MI_Laptop_Mail.uasset" 2397
"C:/Users/Shubham/Documents/Unreal Projects/ShooterSam/Content/StarterBundle/ModularScifiProps/Materials/MI_Laptop_Mail.uexp" 2398
"C:/Users/Shubham/Documents/Unreal Projects/ShooterSam/Content/StarterBundle/ModularScifiProps/Textures/T_ExternalStorage_Diff.ubulk" 2399
"C:/Users/Shubham/Documents/Unreal Projects/ShooterSam/Content/StarterBundle/ModularScifiProps/Textures/T_ExternalStorage_Diff.uasset" 2400
"C:/Users/Shubham/Documents/Unreal Projects/ShooterSam/Content/StarterBundle/ModularScifiProps/Textures/T_ExternalStorage_Diff.uexp" 2401
"C:/Users/Shubham/Documents/Unreal Projects/ShooterSam/Content/StarterBundle/ModularScifiProps/Textures/T_ExternalStorage_M.ubulk" 2402
"C:/Users/Shubham/Documents/Unreal Projects/ShooterSam/Content/StarterBundle/ModularScifiProps/Textures/T_ExternalStorage_M.uasset" 2403
"C:/Users/Shubham/Documents/Unreal Projects/ShooterSam/Content/StarterBundle/ModularScifiProps/Textures/T_ExternalStorage_M.uexp" 2404
"C:/Users/Shubham/Documents/Unreal Projects/ShooterSam/Content/StarterBundle/ModularScifiProps/Textures/T_ExternalStorage_N_normals.ubulk" 2405
"C:/Users/Shubham/Documents/Unreal Projects/ShooterSam/Content/StarterBundle/ModularScifiProps/Textures/T_ExternalStorage_N_normals.uasset" 2406
"C:/Users/Shubham/Documents/Unreal Projects/ShooterSam/Content/StarterBundle/ModularScifiProps/Textures/T_ExternalStorage_N_normals.uexp" 2407
"C:/Users/Shubham/Documents/Unreal Projects/ShooterSam/Content/StarterBundle/ModularScifiProps/Materials/MI_MobileStorage2.uasset" 2408
"C:/Users/Shubham/Documents/Unreal Projects/ShooterSam/Content/StarterBundle/ModularScifiProps/Materials/MI_MobileStorage2.uexp" 2409
"C:/Users/Shubham/Documents/Unreal Projects/ShooterSam/Content/StarterBundle/ModularScifiProps/Materials/M_Reg_Glass.uasset" 2410
"C:/Users/Shubham/Documents/Unreal Projects/ShooterSam/Content/StarterBundle/ModularScifiProps/Materials/M_Reg_Glass.uexp" 2411
"C:/Users/Shubham/Documents/Unreal Projects/ShooterSam/Content/StarterBundle/ModularScifiProps/Materials/MI_Reg_Glass_Dark2.uasset" 2412
"C:/Users/Shubham/Documents/Unreal Projects/ShooterSam/Content/StarterBundle/ModularScifiProps/Materials/MI_Reg_Glass_Dark2.uexp" 2413
"C:/Users/Shubham/Documents/Unreal Projects/ShooterSam/Content/StarterBundle/ModularScifiProps/Textures/T_TempDisplay.ubulk" 2414
"C:/Users/Shubham/Documents/Unreal Projects/ShooterSam/Content/StarterBundle/ModularScifiProps/Textures/T_TempDisplay.uasset" 2415
"C:/Users/Shubham/Documents/Unreal Projects/ShooterSam/Content/StarterBundle/ModularScifiProps/Textures/T_TempDisplay.uexp" 2416
"C:/Users/Shubham/Documents/Unreal Projects/ShooterSam/Content/StarterBundle/ModularScifiProps/Materials/MI_TempControl_Screen2.uasset" 2417
"C:/Users/Shubham/Documents/Unreal Projects/ShooterSam/Content/StarterBundle/ModularScifiProps/Materials/MI_TempControl_Screen2.uexp" 2418
"C:/Users/Shubham/Documents/Unreal Projects/ShooterSam/Content/StarterBundle/ModularScifiProps/Textures/T_WallCabinet_Diff.ubulk" 2419
"C:/Users/Shubham/Documents/Unreal Projects/ShooterSam/Content/StarterBundle/ModularScifiProps/Textures/T_WallCabinet_Diff.uasset" 2420
"C:/Users/Shubham/Documents/Unreal Projects/ShooterSam/Content/StarterBundle/ModularScifiProps/Textures/T_WallCabinet_Diff.uexp" 2421
"C:/Users/Shubham/Documents/Unreal Projects/ShooterSam/Content/StarterBundle/ModularScifiProps/Textures/T_WallCabinet_M.ubulk" 2422
"C:/Users/Shubham/Documents/Unreal Projects/ShooterSam/Content/StarterBundle/ModularScifiProps/Textures/T_WallCabinet_M.uasset" 2423
"C:/Users/Shubham/Documents/Unreal Projects/ShooterSam/Content/StarterBundle/ModularScifiProps/Textures/T_WallCabinet_M.uexp" 2424
"C:/Users/Shubham/Documents/Unreal Projects/ShooterSam/Content/StarterBundle/ModularScifiProps/Textures/T_WallCabinet_N_normals.ubulk" 2425
"C:/Users/Shubham/Documents/Unreal Projects/ShooterSam/Content/StarterBundle/ModularScifiProps/Textures/T_WallCabinet_N_normals.uasset" 2426
"C:/Users/Shubham/Documents/Unreal Projects/ShooterSam/Content/StarterBundle/ModularScifiProps/Textures/T_WallCabinet_N_normals.uexp" 2427
"C:/Users/Shubham/Documents/Unreal Projects/ShooterSam/Content/StarterBundle/ModularScifiProps/Materials/MI_WallCabinet.uasset" 2428
"C:/Users/Shubham/Documents/Unreal Projects/ShooterSam/Content/StarterBundle/ModularScifiProps/Materials/MI_WallCabinet.uexp" 2429
"C:/Users/Shubham/Documents/Unreal Projects/ShooterSam/Content/StarterBundle/ModularScifiProps/Textures/T_WallCabinet_B_Diff.uasset" 2430
"C:/Users/Shubham/Documents/Unreal Projects/ShooterSam/Content/StarterBundle/ModularScifiProps/Textures/T_WallCabinet_B_Diff.uexp" 2431
"C:/Users/Shubham/Documents/Unreal Projects/ShooterSam/Content/StarterBundle/ModularScifiProps/Textures/T_WallCabinet_B_M.ubulk" 2432
"C:/Users/Shubham/Documents/Unreal Projects/ShooterSam/Content/StarterBundle/ModularScifiProps/Textures/T_WallCabinet_B_M.uasset" 2433
"C:/Users/Shubham/Documents/Unreal Projects/ShooterSam/Content/StarterBundle/ModularScifiProps/Textures/T_WallCabinet_B_M.uexp" 2434
"C:/Users/Shubham/Documents/Unreal Projects/ShooterSam/Content/StarterBundle/ModularScifiProps/Materials/MI_WallCabinet_b.uasset" 2435
"C:/Users/Shubham/Documents/Unreal Projects/ShooterSam/Content/StarterBundle/ModularScifiProps/Materials/MI_WallCabinet_b.uexp" 2436
"C:/Users/Shubham/Documents/Unreal Projects/ShooterSam/Content/StarterBundle/ModularScifiProps/Textures/T_WirelessBooster_Diff.ubulk" 2437
"C:/Users/Shubham/Documents/Unreal Projects/ShooterSam/Content/StarterBundle/ModularScifiProps/Textures/T_WirelessBooster_Diff.uasset" 2438
"C:/Users/Shubham/Documents/Unreal Projects/ShooterSam/Content/StarterBundle/ModularScifiProps/Textures/T_WirelessBooster_Diff.uexp" 2439
"C:/Users/Shubham/Documents/Unreal Projects/ShooterSam/Content/StarterBundle/ModularScifiProps/Textures/T_WirelessBooster_M.ubulk" 2440
"C:/Users/Shubham/Documents/Unreal Projects/ShooterSam/Content/StarterBundle/ModularScifiProps/Textures/T_WirelessBooster_M.uasset" 2441
"C:/Users/Shubham/Documents/Unreal Projects/ShooterSam/Content/StarterBundle/ModularScifiProps/Textures/T_WirelessBooster_M.uexp" 2442
"C:/Users/Shubham/Documents/Unreal Projects/ShooterSam/Content/StarterBundle/ModularScifiProps/Textures/T_WirelessBooster_N_normals.ubulk" 2443
"C:/Users/Shubham/Documents/Unreal Projects/ShooterSam/Content/StarterBundle/ModularScifiProps/Textures/T_WirelessBooster_N_normals.uasset" 2444
"C:/Users/Shubham/Documents/Unreal Projects/ShooterSam/Content/StarterBundle/ModularScifiProps/Textures/T_WirelessBooster_N_normals.uexp" 2445
"C:/Users/Shubham/Documents/Unreal Projects/ShooterSam/Content/StarterBundle/ModularScifiProps/Materials/MI_WirelessBooster2.uasset" 2446
"C:/Users/Shubham/Documents/Unreal Projects/ShooterSam/Content/StarterBundle/ModularScifiProps/Materials/MI_WirelessBooster2.uexp" 2447
"C:/Users/Shubham/Documents/Unreal Projects/ShooterSam/Content/StarterBundle/ModularScifiProps/Textures/T_AccessCard.ubulk" 2448
"C:/Users/Shubham/Documents/Unreal Projects/ShooterSam/Content/StarterBundle/ModularScifiProps/Textures/T_AccessCard.uasset" 2449
"C:/Users/Shubham/Documents/Unreal Projects/ShooterSam/Content/StarterBundle/ModularScifiProps/Textures/T_AccessCard.uexp" 2450
"C:/Users/Shubham/Documents/Unreal Projects/ShooterSam/Content/StarterBundle/ModularScifiProps/Textures/T_AccessCard_M.ubulk" 2451
"C:/Users/Shubham/Documents/Unreal Projects/ShooterSam/Content/StarterBundle/ModularScifiProps/Textures/T_AccessCard_M.uasset" 2452
"C:/Users/Shubham/Documents/Unreal Projects/ShooterSam/Content/StarterBundle/ModularScifiProps/Textures/T_AccessCard_M.uexp" 2453
"C:/Users/Shubham/Documents/Unreal Projects/ShooterSam/Content/StarterBundle/ModularScifiProps/Materials/MI_AccessCard.uasset" 2454
"C:/Users/Shubham/Documents/Unreal Projects/ShooterSam/Content/StarterBundle/ModularScifiProps/Materials/MI_AccessCard.uexp" 2455
"C:/Users/Shubham/Documents/Unreal Projects/ShooterSam/Content/StarterBundle/ModularScifiProps/Meshes/SM_AccessCard.ubulk" 2456
"C:/Users/Shubham/Documents/Unreal Projects/ShooterSam/Content/StarterBundle/ModularScifiProps/Meshes/SM_AccessCard.uasset" 2457
"C:/Users/Shubham/Documents/Unreal Projects/ShooterSam/Content/StarterBundle/ModularScifiProps/Meshes/SM_AccessCard.uexp" 2458
"C:/Users/Shubham/Documents/Unreal Projects/ShooterSam/Content/StarterBundle/ModularScifiProps/Textures/T_Desk_A_Diff_a.ubulk" 2459
"C:/Users/Shubham/Documents/Unreal Projects/ShooterSam/Content/StarterBundle/ModularScifiProps/Textures/T_Desk_A_Diff_a.uasset" 2460
"C:/Users/Shubham/Documents/Unreal Projects/ShooterSam/Content/StarterBundle/ModularScifiProps/Textures/T_Desk_A_Diff_a.uexp" 2461
"C:/Users/Shubham/Documents/Unreal Projects/ShooterSam/Content/StarterBundle/ModularScifiProps/Textures/T_Desk_A_Diff_a_M.ubulk" 2462
"C:/Users/Shubham/Documents/Unreal Projects/ShooterSam/Content/StarterBundle/ModularScifiProps/Textures/T_Desk_A_Diff_a_M.uasset" 2463
"C:/Users/Shubham/Documents/Unreal Projects/ShooterSam/Content/StarterBundle/ModularScifiProps/Textures/T_Desk_A_Diff_a_M.uexp" 2464
"C:/Users/Shubham/Documents/Unreal Projects/ShooterSam/Content/StarterBundle/ModularScifiProps/Textures/T_Desk_A_N_a_normals.ubulk" 2465
"C:/Users/Shubham/Documents/Unreal Projects/ShooterSam/Content/StarterBundle/ModularScifiProps/Textures/T_Desk_A_N_a_normals.uasset" 2466
"C:/Users/Shubham/Documents/Unreal Projects/ShooterSam/Content/StarterBundle/ModularScifiProps/Textures/T_Desk_A_N_a_normals.uexp" 2467
"C:/Users/Shubham/Documents/Unreal Projects/ShooterSam/Content/StarterBundle/ModularScifiProps/Materials/MI_Desk_A_a.uasset" 2468
"C:/Users/Shubham/Documents/Unreal Projects/ShooterSam/Content/StarterBundle/ModularScifiProps/Materials/MI_Desk_A_a.uexp" 2469
"C:/Users/Shubham/Documents/Unreal Projects/ShooterSam/Content/StarterBundle/ModularScifiProps/Textures/T_Desk_A_Diff_b.ubulk" 2470
"C:/Users/Shubham/Documents/Unreal Projects/ShooterSam/Content/StarterBundle/ModularScifiProps/Textures/T_Desk_A_Diff_b.uasset" 2471
"C:/Users/Shubham/Documents/Unreal Projects/ShooterSam/Content/StarterBundle/ModularScifiProps/Textures/T_Desk_A_Diff_b.uexp" 2472
"C:/Users/Shubham/Documents/Unreal Projects/ShooterSam/Content/StarterBundle/ModularScifiProps/Textures/T_Desk_A_Diff_b_M.ubulk" 2473
"C:/Users/Shubham/Documents/Unreal Projects/ShooterSam/Content/StarterBundle/ModularScifiProps/Textures/T_Desk_A_Diff_b_M.uasset" 2474
"C:/Users/Shubham/Documents/Unreal Projects/ShooterSam/Content/StarterBundle/ModularScifiProps/Textures/T_Desk_A_Diff_b_M.uexp" 2475
"C:/Users/Shubham/Documents/Unreal Projects/ShooterSam/Content/StarterBundle/ModularScifiProps/Textures/T_Desk_A_N_b_normals.ubulk" 2476
"C:/Users/Shubham/Documents/Unreal Projects/ShooterSam/Content/StarterBundle/ModularScifiProps/Textures/T_Desk_A_N_b_normals.uasset" 2477
"C:/Users/Shubham/Documents/Unreal Projects/ShooterSam/Content/StarterBundle/ModularScifiProps/Textures/T_Desk_A_N_b_normals.uexp" 2478
"C:/Users/Shubham/Documents/Unreal Projects/ShooterSam/Content/StarterBundle/ModularScifiProps/Materials/MI_Desk_A_b.uasset" 2479
"C:/Users/Shubham/Documents/Unreal Projects/ShooterSam/Content/StarterBundle/ModularScifiProps/Materials/MI_Desk_A_b.uexp" 2480
"C:/Users/Shubham/Documents/Unreal Projects/ShooterSam/Content/StarterBundle/ModularScifiProps/Meshes/SM_Cabinet_B.ubulk" 2481
"C:/Users/Shubham/Documents/Unreal Projects/ShooterSam/Content/StarterBundle/ModularScifiProps/Meshes/SM_Cabinet_B.uasset" 2482
"C:/Users/Shubham/Documents/Unreal Projects/ShooterSam/Content/StarterBundle/ModularScifiProps/Meshes/SM_Cabinet_B.uexp" 2483
"C:/Users/Shubham/Documents/Unreal Projects/ShooterSam/Content/StarterBundle/ModularScifiProps/Materials/MI_CardReader.uasset" 2484
"C:/Users/Shubham/Documents/Unreal Projects/ShooterSam/Content/StarterBundle/ModularScifiProps/Materials/MI_CardReader.uexp" 2485
"C:/Users/Shubham/Documents/Unreal Projects/ShooterSam/Content/StarterBundle/ModularScifiProps/Materials/M_SolidLight_Parent.uasset" 2486
"C:/Users/Shubham/Documents/Unreal Projects/ShooterSam/Content/StarterBundle/ModularScifiProps/Materials/M_SolidLight_Parent.uexp" 2487
"C:/Users/Shubham/Documents/Unreal Projects/ShooterSam/Content/StarterBundle/ModularScifiProps/Materials/MI_Light_Green_Unlit.uasset" 2488
"C:/Users/Shubham/Documents/Unreal Projects/ShooterSam/Content/StarterBundle/ModularScifiProps/Materials/MI_Light_Green_Unlit.uexp" 2489
"C:/Users/Shubham/Documents/Unreal Projects/ShooterSam/Content/StarterBundle/ModularScifiProps/Materials/MI_Light_Red.uasset" 2490
"C:/Users/Shubham/Documents/Unreal Projects/ShooterSam/Content/StarterBundle/ModularScifiProps/Materials/MI_Light_Red.uexp" 2491
"C:/Users/Shubham/Documents/Unreal Projects/ShooterSam/Content/StarterBundle/ModularScifiProps/Meshes/SM_CardReader.ubulk" 2492
"C:/Users/Shubham/Documents/Unreal Projects/ShooterSam/Content/StarterBundle/ModularScifiProps/Meshes/SM_CardReader.uasset" 2493
"C:/Users/Shubham/Documents/Unreal Projects/ShooterSam/Content/StarterBundle/ModularScifiProps/Meshes/SM_CardReader.uexp" 2494
"C:/Users/Shubham/Documents/Unreal Projects/ShooterSam/Content/StarterBundle/ModularScifiProps/Textures/T_CeilingLight_Diff.ubulk" 2495
"C:/Users/Shubham/Documents/Unreal Projects/ShooterSam/Content/StarterBundle/ModularScifiProps/Textures/T_CeilingLight_Diff.uasset" 2496
"C:/Users/Shubham/Documents/Unreal Projects/ShooterSam/Content/StarterBundle/ModularScifiProps/Textures/T_CeilingLight_Diff.uexp" 2497
"C:/Users/Shubham/Documents/Unreal Projects/ShooterSam/Content/StarterBundle/ModularScifiProps/Textures/T_CeilingLight_M.ubulk" 2498
"C:/Users/Shubham/Documents/Unreal Projects/ShooterSam/Content/StarterBundle/ModularScifiProps/Textures/T_CeilingLight_M.uasset" 2499
"C:/Users/Shubham/Documents/Unreal Projects/ShooterSam/Content/StarterBundle/ModularScifiProps/Textures/T_CeilingLight_M.uexp" 2500
"C:/Users/Shubham/Documents/Unreal Projects/ShooterSam/Content/StarterBundle/ModularScifiProps/Textures/T_CeilingLight_N_normals.ubulk" 2501
"C:/Users/Shubham/Documents/Unreal Projects/ShooterSam/Content/StarterBundle/ModularScifiProps/Textures/T_CeilingLight_N_normals.uasset" 2502
"C:/Users/Shubham/Documents/Unreal Projects/ShooterSam/Content/StarterBundle/ModularScifiProps/Textures/T_CeilingLight_N_normals.uexp" 2503
"C:/Users/Shubham/Documents/Unreal Projects/ShooterSam/Content/StarterBundle/ModularScifiProps/Materials/MI_CeilingLight.uasset" 2504
"C:/Users/Shubham/Documents/Unreal Projects/ShooterSam/Content/StarterBundle/ModularScifiProps/Materials/MI_CeilingLight.uexp" 2505
"C:/Users/Shubham/Documents/Unreal Projects/ShooterSam/Content/StarterBundle/ModularScifiProps/Materials/MI_Light_White.uasset" 2506
"C:/Users/Shubham/Documents/Unreal Projects/ShooterSam/Content/StarterBundle/ModularScifiProps/Materials/MI_Light_White.uexp" 2507
"C:/Users/Shubham/Documents/Unreal Projects/ShooterSam/Content/StarterBundle/ModularScifiProps/Materials/MI_Reg_Glass_Dark.uasset" 2508
"C:/Users/Shubham/Documents/Unreal Projects/ShooterSam/Content/StarterBundle/ModularScifiProps/Materials/MI_Reg_Glass_Dark.uexp" 2509
"C:/Users/Shubham/Documents/Unreal Projects/ShooterSam/Content/StarterBundle/ModularScifiProps/Meshes/SM_CeilingLight.ubulk" 2510
"C:/Users/Shubham/Documents/Unreal Projects/ShooterSam/Content/StarterBundle/ModularScifiProps/Meshes/SM_CeilingLight.uasset" 2511
"C:/Users/Shubham/Documents/Unreal Projects/ShooterSam/Content/StarterBundle/ModularScifiProps/Meshes/SM_CeilingLight.uexp" 2512
"C:/Users/Shubham/Documents/Unreal Projects/ShooterSam/Content/StarterBundle/ModularScifiProps/Textures/T_Screw_Diff.ubulk" 2513
"C:/Users/Shubham/Documents/Unreal Projects/ShooterSam/Content/StarterBundle/ModularScifiProps/Textures/T_Screw_Diff.uasset" 2514
"C:/Users/Shubham/Documents/Unreal Projects/ShooterSam/Content/StarterBundle/ModularScifiProps/Textures/T_Screw_Diff.uexp" 2515
"C:/Users/Shubham/Documents/Unreal Projects/ShooterSam/Content/StarterBundle/ModularScifiProps/Textures/T_Screw_N_normals.ubulk" 2516
"C:/Users/Shubham/Documents/Unreal Projects/ShooterSam/Content/StarterBundle/ModularScifiProps/Textures/T_Screw_N_normals.uasset" 2517
"C:/Users/Shubham/Documents/Unreal Projects/ShooterSam/Content/StarterBundle/ModularScifiProps/Textures/T_Screw_N_normals.uexp" 2518
"C:/Users/Shubham/Documents/Unreal Projects/ShooterSam/Content/StarterBundle/ModularScifiProps/Materials/MI_Screw.uasset" 2519
"C:/Users/Shubham/Documents/Unreal Projects/ShooterSam/Content/StarterBundle/ModularScifiProps/Materials/MI_Screw.uexp" 2520
"C:/Users/Shubham/Documents/Unreal Projects/ShooterSam/Content/StarterBundle/ModularScifiProps/Meshes/SM_Ceiling_A.ubulk" 2521
"C:/Users/Shubham/Documents/Unreal Projects/ShooterSam/Content/StarterBundle/ModularScifiProps/Meshes/SM_Ceiling_A.uasset" 2522
"C:/Users/Shubham/Documents/Unreal Projects/ShooterSam/Content/StarterBundle/ModularScifiProps/Meshes/SM_Ceiling_A.uexp" 2523
"C:/Users/Shubham/Documents/Unreal Projects/ShooterSam/Content/StarterBundle/ModularScifiProps/Meshes/SM_Ceiling_B.ubulk" 2524
"C:/Users/Shubham/Documents/Unreal Projects/ShooterSam/Content/StarterBundle/ModularScifiProps/Meshes/SM_Ceiling_B.uasset" 2525
"C:/Users/Shubham/Documents/Unreal Projects/ShooterSam/Content/StarterBundle/ModularScifiProps/Meshes/SM_Ceiling_B.uexp" 2526
"C:/Users/Shubham/Documents/Unreal Projects/ShooterSam/Content/StarterBundle/ModularScifiProps/Meshes/SM_Ceiling_Div_A.ubulk" 2527
"C:/Users/Shubham/Documents/Unreal Projects/ShooterSam/Content/StarterBundle/ModularScifiProps/Meshes/SM_Ceiling_Div_A.uasset" 2528
"C:/Users/Shubham/Documents/Unreal Projects/ShooterSam/Content/StarterBundle/ModularScifiProps/Meshes/SM_Ceiling_Div_A.uexp" 2529
"C:/Users/Shubham/Documents/Unreal Projects/ShooterSam/Content/StarterBundle/ModularScifiProps/Meshes/SM_Ceiling_Div_B.ubulk" 2530
"C:/Users/Shubham/Documents/Unreal Projects/ShooterSam/Content/StarterBundle/ModularScifiProps/Meshes/SM_Ceiling_Div_B.uasset" 2531
"C:/Users/Shubham/Documents/Unreal Projects/ShooterSam/Content/StarterBundle/ModularScifiProps/Meshes/SM_Ceiling_Div_B.uexp" 2532
"C:/Users/Shubham/Documents/Unreal Projects/ShooterSam/Content/StarterBundle/ModularScifiProps/Materials/M_SolidColor_Base.uasset" 2533
"C:/Users/Shubham/Documents/Unreal Projects/ShooterSam/Content/StarterBundle/ModularScifiProps/Materials/M_SolidColor_Base.uexp" 2534
"C:/Users/Shubham/Documents/Unreal Projects/ShooterSam/Content/StarterBundle/ModularScifiProps/Materials/MI_Coaster.uasset" 2535
"C:/Users/Shubham/Documents/Unreal Projects/ShooterSam/Content/StarterBundle/ModularScifiProps/Materials/MI_Coaster.uexp" 2536
"C:/Users/Shubham/Documents/Unreal Projects/ShooterSam/Content/StarterBundle/ModularScifiProps/Meshes/SM_Coaster.ubulk" 2537
"C:/Users/Shubham/Documents/Unreal Projects/ShooterSam/Content/StarterBundle/ModularScifiProps/Meshes/SM_Coaster.uasset" 2538
"C:/Users/Shubham/Documents/Unreal Projects/ShooterSam/Content/StarterBundle/ModularScifiProps/Meshes/SM_Coaster.uexp" 2539
"C:/Users/Shubham/Documents/Unreal Projects/ShooterSam/Content/StarterBundle/ModularScifiProps/Textures/T_CommDevice_Diff.ubulk" 2540
"C:/Users/Shubham/Documents/Unreal Projects/ShooterSam/Content/StarterBundle/ModularScifiProps/Textures/T_CommDevice_Diff.uasset" 2541
"C:/Users/Shubham/Documents/Unreal Projects/ShooterSam/Content/StarterBundle/ModularScifiProps/Textures/T_CommDevice_Diff.uexp" 2542
"C:/Users/Shubham/Documents/Unreal Projects/ShooterSam/Content/StarterBundle/ModularScifiProps/Textures/T_CommDevice_EM.ubulk" 2543
"C:/Users/Shubham/Documents/Unreal Projects/ShooterSam/Content/StarterBundle/ModularScifiProps/Textures/T_CommDevice_EM.uasset" 2544
"C:/Users/Shubham/Documents/Unreal Projects/ShooterSam/Content/StarterBundle/ModularScifiProps/Textures/T_CommDevice_EM.uexp" 2545
"C:/Users/Shubham/Documents/Unreal Projects/ShooterSam/Content/StarterBundle/ModularScifiProps/Textures/T_CommDevice_M.ubulk" 2546
"C:/Users/Shubham/Documents/Unreal Projects/ShooterSam/Content/StarterBundle/ModularScifiProps/Textures/T_CommDevice_M.uasset" 2547
"C:/Users/Shubham/Documents/Unreal Projects/ShooterSam/Content/StarterBundle/ModularScifiProps/Textures/T_CommDevice_M.uexp" 2548
"C:/Users/Shubham/Documents/Unreal Projects/ShooterSam/Content/StarterBundle/ModularScifiProps/Textures/T_CommDevice_N_normals.ubulk" 2549
"C:/Users/Shubham/Documents/Unreal Projects/ShooterSam/Content/StarterBundle/ModularScifiProps/Textures/T_CommDevice_N_normals.uasset" 2550
"C:/Users/Shubham/Documents/Unreal Projects/ShooterSam/Content/StarterBundle/ModularScifiProps/Textures/T_CommDevice_N_normals.uexp" 2551
"C:/Users/Shubham/Documents/Unreal Projects/ShooterSam/Content/StarterBundle/ModularScifiProps/Materials/MI_CommDevice.uasset" 2552
"C:/Users/Shubham/Documents/Unreal Projects/ShooterSam/Content/StarterBundle/ModularScifiProps/Materials/MI_CommDevice.uexp" 2553
"C:/Users/Shubham/Documents/Unreal Projects/ShooterSam/Content/StarterBundle/ModularScifiProps/Textures/T_LoginScreen_EM.ubulk" 2554
"C:/Users/Shubham/Documents/Unreal Projects/ShooterSam/Content/StarterBundle/ModularScifiProps/Textures/T_LoginScreen_EM.uasset" 2555
"C:/Users/Shubham/Documents/Unreal Projects/ShooterSam/Content/StarterBundle/ModularScifiProps/Textures/T_LoginScreen_EM.uexp" 2556
"C:/Users/Shubham/Documents/Unreal Projects/ShooterSam/Content/StarterBundle/ModularScifiProps/Materials/M_Screen_Parent.uasset" 2557
"C:/Users/Shubham/Documents/Unreal Projects/ShooterSam/Content/StarterBundle/ModularScifiProps/Materials/M_Screen_Parent.uexp" 2558
"C:/Users/Shubham/Documents/Unreal Projects/ShooterSam/Content/StarterBundle/ModularScifiProps/Materials/MI_CommDevice_Scre.uasset" 2559
"C:/Users/Shubham/Documents/Unreal Projects/ShooterSam/Content/StarterBundle/ModularScifiProps/Materials/MI_CommDevice_Scre.uexp" 2560
"C:/Users/Shubham/Documents/Unreal Projects/ShooterSam/Content/StarterBundle/ModularScifiProps/Meshes/SM_CommDevice.ubulk" 2561
"C:/Users/Shubham/Documents/Unreal Projects/ShooterSam/Content/StarterBundle/ModularScifiProps/Meshes/SM_CommDevice.uasset" 2562
"C:/Users/Shubham/Documents/Unreal Projects/ShooterSam/Content/StarterBundle/ModularScifiProps/Meshes/SM_CommDevice.uexp" 2563
"C:/Users/Shubham/Documents/Unreal Projects/ShooterSam/Content/StarterBundle/ModularScifiProps/Textures/T_FireSprinkler_Diff.ubulk" 2564
"C:/Users/Shubham/Documents/Unreal Projects/ShooterSam/Content/StarterBundle/ModularScifiProps/Textures/T_FireSprinkler_Diff.uasset" 2565
"C:/Users/Shubham/Documents/Unreal Projects/ShooterSam/Content/StarterBundle/ModularScifiProps/Textures/T_FireSprinkler_Diff.uexp" 2566
"C:/Users/Shubham/Documents/Unreal Projects/ShooterSam/Content/StarterBundle/ModularScifiProps/Textures/T_FireSprinkler_M.ubulk" 2567
"C:/Users/Shubham/Documents/Unreal Projects/ShooterSam/Content/StarterBundle/ModularScifiProps/Textures/T_FireSprinkler_M.uasset" 2568
"C:/Users/Shubham/Documents/Unreal Projects/ShooterSam/Content/StarterBundle/ModularScifiProps/Textures/T_FireSprinkler_M.uexp" 2569
"C:/Users/Shubham/Documents/Unreal Projects/ShooterSam/Content/StarterBundle/ModularScifiProps/Textures/T_FireSprinkler_N_normals.ubulk" 2570
"C:/Users/Shubham/Documents/Unreal Projects/ShooterSam/Content/StarterBundle/ModularScifiProps/Textures/T_FireSprinkler_N_normals.uasset" 2571
"C:/Users/Shubham/Documents/Unreal Projects/ShooterSam/Content/StarterBundle/ModularScifiProps/Textures/T_FireSprinkler_N_normals.uexp" 2572
"C:/Users/Shubham/Documents/Unreal Projects/ShooterSam/Content/StarterBundle/ModularScifiProps/Materials/MI_FireSprinkler.uasset" 2573
"C:/Users/Shubham/Documents/Unreal Projects/ShooterSam/Content/StarterBundle/ModularScifiProps/Materials/MI_FireSprinkler.uexp" 2574
"C:/Users/Shubham/Documents/Unreal Projects/ShooterSam/Content/StarterBundle/ModularScifiProps/Meshes/SM_FireSprinkler.ubulk" 2575
"C:/Users/Shubham/Documents/Unreal Projects/ShooterSam/Content/StarterBundle/ModularScifiProps/Meshes/SM_FireSprinkler.uasset" 2576
"C:/Users/Shubham/Documents/Unreal Projects/ShooterSam/Content/StarterBundle/ModularScifiProps/Meshes/SM_FireSprinkler.uexp" 2577
"C:/Users/Shubham/Documents/Unreal Projects/ShooterSam/Content/StarterBundle/ModularScifiProps/Meshes/SM_FloorDiv_A.ubulk" 2578
"C:/Users/Shubham/Documents/Unreal Projects/ShooterSam/Content/StarterBundle/ModularScifiProps/Meshes/SM_FloorDiv_A.uasset" 2579
"C:/Users/Shubham/Documents/Unreal Projects/ShooterSam/Content/StarterBundle/ModularScifiProps/Meshes/SM_FloorDiv_A.uexp" 2580
"C:/Users/Shubham/Documents/Unreal Projects/ShooterSam/Content/StarterBundle/ModularScifiProps/Meshes/SM_Floor_A.ubulk" 2581
"C:/Users/Shubham/Documents/Unreal Projects/ShooterSam/Content/StarterBundle/ModularScifiProps/Meshes/SM_Floor_A.uasset" 2582
"C:/Users/Shubham/Documents/Unreal Projects/ShooterSam/Content/StarterBundle/ModularScifiProps/Meshes/SM_Floor_A.uexp" 2583
"../../../Engine/Content/Functions/Engine_MaterialFunctions02/Fresnel_Function.uasset" 2584
"../../../Engine/Content/Functions/Engine_MaterialFunctions02/Fresnel_Function.uexp" 2585
"C:/Users/Shubham/Documents/Unreal Projects/ShooterSam/Content/StarterBundle/ModularScifiProps/Materials/M_Glass_Base.uasset" 2586
"C:/Users/Shubham/Documents/Unreal Projects/ShooterSam/Content/StarterBundle/ModularScifiProps/Materials/M_Glass_Base.uexp" 2587
"C:/Users/Shubham/Documents/Unreal Projects/ShooterSam/Content/StarterBundle/ModularScifiProps/Materials/MI_GlassCup.uasset" 2588
"C:/Users/Shubham/Documents/Unreal Projects/ShooterSam/Content/StarterBundle/ModularScifiProps/Materials/MI_GlassCup.uexp" 2589
"C:/Users/Shubham/Documents/Unreal Projects/ShooterSam/Content/StarterBundle/ModularScifiProps/Meshes/SM_GlassCup.ubulk" 2590
"C:/Users/Shubham/Documents/Unreal Projects/ShooterSam/Content/StarterBundle/ModularScifiProps/Meshes/SM_GlassCup.uasset" 2591
"C:/Users/Shubham/Documents/Unreal Projects/ShooterSam/Content/StarterBundle/ModularScifiProps/Meshes/SM_GlassCup.uexp" 2592
"C:/Users/Shubham/Documents/Unreal Projects/ShooterSam/Content/StarterBundle/ModularScifiProps/Textures/T_Trims_C_Diff.ubulk" 2593
"C:/Users/Shubham/Documents/Unreal Projects/ShooterSam/Content/StarterBundle/ModularScifiProps/Textures/T_Trims_C_Diff.uasset" 2594
"C:/Users/Shubham/Documents/Unreal Projects/ShooterSam/Content/StarterBundle/ModularScifiProps/Textures/T_Trims_C_Diff.uexp" 2595
"C:/Users/Shubham/Documents/Unreal Projects/ShooterSam/Content/StarterBundle/ModularScifiProps/Textures/T_Trims_C_N_normals.ubulk" 2596
"C:/Users/Shubham/Documents/Unreal Projects/ShooterSam/Content/StarterBundle/ModularScifiProps/Textures/T_Trims_C_N_normals.uasset" 2597
"C:/Users/Shubham/Documents/Unreal Projects/ShooterSam/Content/StarterBundle/ModularScifiProps/Textures/T_Trims_C_N_normals.uexp" 2598
"C:/Users/Shubham/Documents/Unreal Projects/ShooterSam/Content/StarterBundle/ModularScifiProps/Materials/MI_Trims_C_Dark.uasset" 2599
"C:/Users/Shubham/Documents/Unreal Projects/ShooterSam/Content/StarterBundle/ModularScifiProps/Materials/MI_Trims_C_Dark.uexp" 2600
"C:/Users/Shubham/Documents/Unreal Projects/ShooterSam/Content/StarterBundle/ModularScifiProps/Meshes/SM_GlassDoorway.ubulk" 2601
"C:/Users/Shubham/Documents/Unreal Projects/ShooterSam/Content/StarterBundle/ModularScifiProps/Meshes/SM_GlassDoorway.uasset" 2602
"C:/Users/Shubham/Documents/Unreal Projects/ShooterSam/Content/StarterBundle/ModularScifiProps/Meshes/SM_GlassDoorway.uexp" 2603
"C:/Users/Shubham/Documents/Unreal Projects/ShooterSam/Content/StarterBundle/ModularScifiProps/Meshes/SM_GlassDoor_A.ubulk" 2604
"C:/Users/Shubham/Documents/Unreal Projects/ShooterSam/Content/StarterBundle/ModularScifiProps/Meshes/SM_GlassDoor_A.uasset" 2605
"C:/Users/Shubham/Documents/Unreal Projects/ShooterSam/Content/StarterBundle/ModularScifiProps/Meshes/SM_GlassDoor_A.uexp" 2606
"C:/Users/Shubham/Documents/Unreal Projects/ShooterSam/Content/StarterBundle/ModularScifiProps/Meshes/SM_GlassDoor_B.ubulk" 2607
"C:/Users/Shubham/Documents/Unreal Projects/ShooterSam/Content/StarterBundle/ModularScifiProps/Meshes/SM_GlassDoor_B.uasset" 2608
"C:/Users/Shubham/Documents/Unreal Projects/ShooterSam/Content/StarterBundle/ModularScifiProps/Meshes/SM_GlassDoor_B.uexp" 2609
"C:/Users/Shubham/Documents/Unreal Projects/ShooterSam/Content/StarterBundle/ModularScifiProps/Materials/MI_Screen_Lapt_Off.uasset" 2610
"C:/Users/Shubham/Documents/Unreal Projects/ShooterSam/Content/StarterBundle/ModularScifiProps/Materials/MI_Screen_Lapt_Off.uexp" 2611
"C:/Users/Shubham/Documents/Unreal Projects/ShooterSam/Content/StarterBundle/ModularScifiProps/Textures/T_HandScanner_Diff.ubulk" 2612
"C:/Users/Shubham/Documents/Unreal Projects/ShooterSam/Content/StarterBundle/ModularScifiProps/Textures/T_HandScanner_Diff.uasset" 2613
"C:/Users/Shubham/Documents/Unreal Projects/ShooterSam/Content/StarterBundle/ModularScifiProps/Textures/T_HandScanner_Diff.uexp" 2614
"C:/Users/Shubham/Documents/Unreal Projects/ShooterSam/Content/StarterBundle/ModularScifiProps/Textures/T_HandScanner_M.ubulk" 2615
"C:/Users/Shubham/Documents/Unreal Projects/ShooterSam/Content/StarterBundle/ModularScifiProps/Textures/T_HandScanner_M.uasset" 2616
"C:/Users/Shubham/Documents/Unreal Projects/ShooterSam/Content/StarterBundle/ModularScifiProps/Textures/T_HandScanner_M.uexp" 2617
"C:/Users/Shubham/Documents/Unreal Projects/ShooterSam/Content/StarterBundle/ModularScifiProps/Textures/T_HandScanner_N_normals.ubulk" 2618
"C:/Users/Shubham/Documents/Unreal Projects/ShooterSam/Content/StarterBundle/ModularScifiProps/Textures/T_HandScanner_N_normals.uasset" 2619
"C:/Users/Shubham/Documents/Unreal Projects/ShooterSam/Content/StarterBundle/ModularScifiProps/Textures/T_HandScanner_N_normals.uexp" 2620
"C:/Users/Shubham/Documents/Unreal Projects/ShooterSam/Content/StarterBundle/ModularScifiProps/Materials/MI_HandScanner.uasset" 2621
"C:/Users/Shubham/Documents/Unreal Projects/ShooterSam/Content/StarterBundle/ModularScifiProps/Materials/MI_HandScanner.uexp" 2622
"C:/Users/Shubham/Documents/Unreal Projects/ShooterSam/Content/StarterBundle/ModularScifiProps/Meshes/SM_HScanner_Closed.ubulk" 2623
"C:/Users/Shubham/Documents/Unreal Projects/ShooterSam/Content/StarterBundle/ModularScifiProps/Meshes/SM_HScanner_Closed.uasset" 2624
"C:/Users/Shubham/Documents/Unreal Projects/ShooterSam/Content/StarterBundle/ModularScifiProps/Meshes/SM_HScanner_Closed.uexp" 2625
"C:/Users/Shubham/Documents/Unreal Projects/ShooterSam/Content/StarterBundle/ModularScifiProps/Textures/T_Keypad_Diff.ubulk" 2626
"C:/Users/Shubham/Documents/Unreal Projects/ShooterSam/Content/StarterBundle/ModularScifiProps/Textures/T_Keypad_Diff.uasset" 2627
"C:/Users/Shubham/Documents/Unreal Projects/ShooterSam/Content/StarterBundle/ModularScifiProps/Textures/T_Keypad_Diff.uexp" 2628
"C:/Users/Shubham/Documents/Unreal Projects/ShooterSam/Content/StarterBundle/ModularScifiProps/Textures/T_Keypad_M.ubulk" 2629
"C:/Users/Shubham/Documents/Unreal Projects/ShooterSam/Content/StarterBundle/ModularScifiProps/Textures/T_Keypad_M.uasset" 2630
"C:/Users/Shubham/Documents/Unreal Projects/ShooterSam/Content/StarterBundle/ModularScifiProps/Textures/T_Keypad_M.uexp" 2631
"C:/Users/Shubham/Documents/Unreal Projects/ShooterSam/Content/StarterBundle/ModularScifiProps/Textures/T_Keypad_N_normals.ubulk" 2632
"C:/Users/Shubham/Documents/Unreal Projects/ShooterSam/Content/StarterBundle/ModularScifiProps/Textures/T_Keypad_N_normals.uasset" 2633
"C:/Users/Shubham/Documents/Unreal Projects/ShooterSam/Content/StarterBundle/ModularScifiProps/Textures/T_Keypad_N_normals.uexp" 2634
"C:/Users/Shubham/Documents/Unreal Projects/ShooterSam/Content/StarterBundle/ModularScifiProps/Materials/MI_Keypad.uasset" 2635
"C:/Users/Shubham/Documents/Unreal Projects/ShooterSam/Content/StarterBundle/ModularScifiProps/Materials/MI_Keypad.uexp" 2636
"C:/Users/Shubham/Documents/Unreal Projects/ShooterSam/Content/StarterBundle/ModularScifiProps/Textures/T_UI_Details.ubulk" 2637
"C:/Users/Shubham/Documents/Unreal Projects/ShooterSam/Content/StarterBundle/ModularScifiProps/Textures/T_UI_Details.uasset" 2638
"C:/Users/Shubham/Documents/Unreal Projects/ShooterSam/Content/StarterBundle/ModularScifiProps/Textures/T_UI_Details.uexp" 2639
"C:/Users/Shubham/Documents/Unreal Projects/ShooterSam/Content/StarterBundle/ModularScifiProps/Materials/M_UI_Parent.uasset" 2640
"C:/Users/Shubham/Documents/Unreal Projects/ShooterSam/Content/StarterBundle/ModularScifiProps/Materials/M_UI_Parent.uexp" 2641
"C:/Users/Shubham/Documents/Unreal Projects/ShooterSam/Content/StarterBundle/ModularScifiProps/Materials/MI_Keypad_Login.uasset" 2642
"C:/Users/Shubham/Documents/Unreal Projects/ShooterSam/Content/StarterBundle/ModularScifiProps/Materials/MI_Keypad_Login.uexp" 2643
"C:/Users/Shubham/Documents/Unreal Projects/ShooterSam/Content/StarterBundle/ModularScifiProps/Materials/MI_Light_Green.uasset" 2644
"C:/Users/Shubham/Documents/Unreal Projects/ShooterSam/Content/StarterBundle/ModularScifiProps/Materials/MI_Light_Green.uexp" 2645
"C:/Users/Shubham/Documents/Unreal Projects/ShooterSam/Content/StarterBundle/ModularScifiProps/Meshes/SM_Keypad.ubulk" 2646
"C:/Users/Shubham/Documents/Unreal Projects/ShooterSam/Content/StarterBundle/ModularScifiProps/Meshes/SM_Keypad.uasset" 2647
"C:/Users/Shubham/Documents/Unreal Projects/ShooterSam/Content/StarterBundle/ModularScifiProps/Meshes/SM_Keypad.uexp" 2648
"C:/Users/Shubham/Documents/Unreal Projects/ShooterSam/Content/StarterBundle/ModularScifiProps/Textures/T_Keyboard_UI_EM.ubulk" 2649
"C:/Users/Shubham/Documents/Unreal Projects/ShooterSam/Content/StarterBundle/ModularScifiProps/Textures/T_Keyboard_UI_EM.uasset" 2650
"C:/Users/Shubham/Documents/Unreal Projects/ShooterSam/Content/StarterBundle/ModularScifiProps/Textures/T_Keyboard_UI_EM.uexp" 2651
"C:/Users/Shubham/Documents/Unreal Projects/ShooterSam/Content/StarterBundle/ModularScifiProps/Materials/MI_Keyboard_Scre.uasset" 2652
"C:/Users/Shubham/Documents/Unreal Projects/ShooterSam/Content/StarterBundle/ModularScifiProps/Materials/MI_Keyboard_Scre.uexp" 2653
"C:/Users/Shubham/Documents/Unreal Projects/ShooterSam/Content/StarterBundle/ModularScifiProps/Textures/T_Lapt_Keyb_Diff.ubulk" 2654
"C:/Users/Shubham/Documents/Unreal Projects/ShooterSam/Content/StarterBundle/ModularScifiProps/Textures/T_Lapt_Keyb_Diff.uasset" 2655
"C:/Users/Shubham/Documents/Unreal Projects/ShooterSam/Content/StarterBundle/ModularScifiProps/Textures/T_Lapt_Keyb_Diff.uexp" 2656
"C:/Users/Shubham/Documents/Unreal Projects/ShooterSam/Content/StarterBundle/ModularScifiProps/Textures/T_Lapt_Keyb_M.ubulk" 2657
"C:/Users/Shubham/Documents/Unreal Projects/ShooterSam/Content/StarterBundle/ModularScifiProps/Textures/T_Lapt_Keyb_M.uasset" 2658
"C:/Users/Shubham/Documents/Unreal Projects/ShooterSam/Content/StarterBundle/ModularScifiProps/Textures/T_Lapt_Keyb_M.uexp" 2659
"C:/Users/Shubham/Documents/Unreal Projects/ShooterSam/Content/StarterBundle/ModularScifiProps/Textures/T_Lapt_Keyb_N_normals.ubulk" 2660
"C:/Users/Shubham/Documents/Unreal Projects/ShooterSam/Content/StarterBundle/ModularScifiProps/Textures/T_Lapt_Keyb_N_normals.uasset" 2661
"C:/Users/Shubham/Documents/Unreal Projects/ShooterSam/Content/StarterBundle/ModularScifiProps/Textures/T_Lapt_Keyb_N_normals.uexp" 2662
"C:/Users/Shubham/Documents/Unreal Projects/ShooterSam/Content/StarterBundle/ModularScifiProps/Materials/MI_Laptop_Keyb.uasset" 2663
"C:/Users/Shubham/Documents/Unreal Projects/ShooterSam/Content/StarterBundle/ModularScifiProps/Materials/MI_Laptop_Keyb.uexp" 2664
"C:/Users/Shubham/Documents/Unreal Projects/ShooterSam/Content/StarterBundle/ModularScifiProps/Textures/T_Lapt_Scre_Diff.ubulk" 2665
"C:/Users/Shubham/Documents/Unreal Projects/ShooterSam/Content/StarterBundle/ModularScifiProps/Textures/T_Lapt_Scre_Diff.uasset" 2666
"C:/Users/Shubham/Documents/Unreal Projects/ShooterSam/Content/StarterBundle/ModularScifiProps/Textures/T_Lapt_Scre_Diff.uexp" 2667
"C:/Users/Shubham/Documents/Unreal Projects/ShooterSam/Content/StarterBundle/ModularScifiProps/Textures/T_Lapt_Scre_M.ubulk" 2668
"C:/Users/Shubham/Documents/Unreal Projects/ShooterSam/Content/StarterBundle/ModularScifiProps/Textures/T_Lapt_Scre_M.uasset" 2669
"C:/Users/Shubham/Documents/Unreal Projects/ShooterSam/Content/StarterBundle/ModularScifiProps/Textures/T_Lapt_Scre_M.uexp" 2670
"C:/Users/Shubham/Documents/Unreal Projects/ShooterSam/Content/StarterBundle/ModularScifiProps/Textures/T_Lapt_Scre_N_normals.ubulk" 2671
"C:/Users/Shubham/Documents/Unreal Projects/ShooterSam/Content/StarterBundle/ModularScifiProps/Textures/T_Lapt_Scre_N_normals.uasset" 2672
"C:/Users/Shubham/Documents/Unreal Projects/ShooterSam/Content/StarterBundle/ModularScifiProps/Textures/T_Lapt_Scre_N_normals.uexp" 2673
"C:/Users/Shubham/Documents/Unreal Projects/ShooterSam/Content/StarterBundle/ModularScifiProps/Materials/MI_Laptop_Scre.uasset" 2674
"C:/Users/Shubham/Documents/Unreal Projects/ShooterSam/Content/StarterBundle/ModularScifiProps/Materials/MI_Laptop_Scre.uexp" 2675
"C:/Users/Shubham/Documents/Unreal Projects/ShooterSam/Content/StarterBundle/ModularScifiProps/Meshes/SM_Laptop.ubulk" 2676
"C:/Users/Shubham/Documents/Unreal Projects/ShooterSam/Content/StarterBundle/ModularScifiProps/Meshes/SM_Laptop.uasset" 2677
"C:/Users/Shubham/Documents/Unreal Projects/ShooterSam/Content/StarterBundle/ModularScifiProps/Meshes/SM_Laptop.uexp" 2678
"C:/Users/Shubham/Documents/Unreal Projects/ShooterSam/Content/StarterBundle/ModularScifiProps/Meshes/SM_Laptop_Closed.ubulk" 2679
"C:/Users/Shubham/Documents/Unreal Projects/ShooterSam/Content/StarterBundle/ModularScifiProps/Meshes/SM_Laptop_Closed.uasset" 2680
"C:/Users/Shubham/Documents/Unreal Projects/ShooterSam/Content/StarterBundle/ModularScifiProps/Meshes/SM_Laptop_Closed.uexp" 2681
"C:/Users/Shubham/Documents/Unreal Projects/ShooterSam/Content/StarterBundle/ModularScifiProps/Materials/MI_Light_Green_Brighter.uasset" 2682
"C:/Users/Shubham/Documents/Unreal Projects/ShooterSam/Content/StarterBundle/ModularScifiProps/Materials/MI_Light_Green_Brighter.uexp" 2683
"C:/Users/Shubham/Documents/Unreal Projects/ShooterSam/Content/StarterBundle/ModularScifiProps/Materials/MI_MobileStorage.uasset" 2684
"C:/Users/Shubham/Documents/Unreal Projects/ShooterSam/Content/StarterBundle/ModularScifiProps/Materials/MI_MobileStorage.uexp" 2685
"C:/Users/Shubham/Documents/Unreal Projects/ShooterSam/Content/StarterBundle/ModularScifiProps/Meshes/SM_MobileStorage.ubulk" 2686
"C:/Users/Shubham/Documents/Unreal Projects/ShooterSam/Content/StarterBundle/ModularScifiProps/Meshes/SM_MobileStorage.uasset" 2687
"C:/Users/Shubham/Documents/Unreal Projects/ShooterSam/Content/StarterBundle/ModularScifiProps/Meshes/SM_MobileStorage.uexp" 2688
"C:/Users/Shubham/Documents/Unreal Projects/ShooterSam/Content/StarterBundle/ModularScifiProps/Textures/T_Shelf_A_Diff.ubulk" 2689
"C:/Users/Shubham/Documents/Unreal Projects/ShooterSam/Content/StarterBundle/ModularScifiProps/Textures/T_Shelf_A_Diff.uasset" 2690
"C:/Users/Shubham/Documents/Unreal Projects/ShooterSam/Content/StarterBundle/ModularScifiProps/Textures/T_Shelf_A_Diff.uexp" 2691
"C:/Users/Shubham/Documents/Unreal Projects/ShooterSam/Content/StarterBundle/ModularScifiProps/Textures/T_Shelf_A_M.ubulk" 2692
"C:/Users/Shubham/Documents/Unreal Projects/ShooterSam/Content/StarterBundle/ModularScifiProps/Textures/T_Shelf_A_M.uasset" 2693
"C:/Users/Shubham/Documents/Unreal Projects/ShooterSam/Content/StarterBundle/ModularScifiProps/Textures/T_Shelf_A_M.uexp" 2694
"C:/Users/Shubham/Documents/Unreal Projects/ShooterSam/Content/StarterBundle/ModularScifiProps/Textures/T_Shelf_A_N_normals.ubulk" 2695
"C:/Users/Shubham/Documents/Unreal Projects/ShooterSam/Content/StarterBundle/ModularScifiProps/Textures/T_Shelf_A_N_normals.uasset" 2696
"C:/Users/Shubham/Documents/Unreal Projects/ShooterSam/Content/StarterBundle/ModularScifiProps/Textures/T_Shelf_A_N_normals.uexp" 2697
"C:/Users/Shubham/Documents/Unreal Projects/ShooterSam/Content/StarterBundle/ModularScifiProps/Materials/MI_Shelf_A.uasset" 2698
"C:/Users/Shubham/Documents/Unreal Projects/ShooterSam/Content/StarterBundle/ModularScifiProps/Materials/MI_Shelf_A.uexp" 2699
"C:/Users/Shubham/Documents/Unreal Projects/ShooterSam/Content/StarterBundle/ModularScifiProps/Meshes/SM_Shelf_A_v3.ubulk" 2700
"C:/Users/Shubham/Documents/Unreal Projects/ShooterSam/Content/StarterBundle/ModularScifiProps/Meshes/SM_Shelf_A_v3.uasset" 2701
"C:/Users/Shubham/Documents/Unreal Projects/ShooterSam/Content/StarterBundle/ModularScifiProps/Meshes/SM_Shelf_A_v3.uexp" 2702
"C:/Users/Shubham/Documents/Unreal Projects/ShooterSam/Content/StarterBundle/ModularScifiProps/Textures/T_SmokeDetector_Diff.ubulk" 2703
"C:/Users/Shubham/Documents/Unreal Projects/ShooterSam/Content/StarterBundle/ModularScifiProps/Textures/T_SmokeDetector_Diff.uasset" 2704
"C:/Users/Shubham/Documents/Unreal Projects/ShooterSam/Content/StarterBundle/ModularScifiProps/Textures/T_SmokeDetector_Diff.uexp" 2705
"C:/Users/Shubham/Documents/Unreal Projects/ShooterSam/Content/StarterBundle/ModularScifiProps/Textures/T_SmokeDetector_M.ubulk" 2706
"C:/Users/Shubham/Documents/Unreal Projects/ShooterSam/Content/StarterBundle/ModularScifiProps/Textures/T_SmokeDetector_M.uasset" 2707
"C:/Users/Shubham/Documents/Unreal Projects/ShooterSam/Content/StarterBundle/ModularScifiProps/Textures/T_SmokeDetector_M.uexp" 2708
"C:/Users/Shubham/Documents/Unreal Projects/ShooterSam/Content/StarterBundle/ModularScifiProps/Textures/T_SmokeDetector_N_normals.ubulk" 2709
"C:/Users/Shubham/Documents/Unreal Projects/ShooterSam/Content/StarterBundle/ModularScifiProps/Textures/T_SmokeDetector_N_normals.uasset" 2710
"C:/Users/Shubham/Documents/Unreal Projects/ShooterSam/Content/StarterBundle/ModularScifiProps/Textures/T_SmokeDetector_N_normals.uexp" 2711
"C:/Users/Shubham/Documents/Unreal Projects/ShooterSam/Content/StarterBundle/ModularScifiProps/Materials/MI_SmokeDetector.uasset" 2712
"C:/Users/Shubham/Documents/Unreal Projects/ShooterSam/Content/StarterBundle/ModularScifiProps/Materials/MI_SmokeDetector.uexp" 2713
"C:/Users/Shubham/Documents/Unreal Projects/ShooterSam/Content/StarterBundle/ModularScifiProps/Meshes/SM_SmkDetector.ubulk" 2714
"C:/Users/Shubham/Documents/Unreal Projects/ShooterSam/Content/StarterBundle/ModularScifiProps/Meshes/SM_SmkDetector.uasset" 2715
"C:/Users/Shubham/Documents/Unreal Projects/ShooterSam/Content/StarterBundle/ModularScifiProps/Meshes/SM_SmkDetector.uexp" 2716
"C:/Users/Shubham/Documents/Unreal Projects/ShooterSam/Content/StarterBundle/ModularScifiProps/Textures/T_Stool_Diff.ubulk" 2717
"C:/Users/Shubham/Documents/Unreal Projects/ShooterSam/Content/StarterBundle/ModularScifiProps/Textures/T_Stool_Diff.uasset" 2718
"C:/Users/Shubham/Documents/Unreal Projects/ShooterSam/Content/StarterBundle/ModularScifiProps/Textures/T_Stool_Diff.uexp" 2719
"C:/Users/Shubham/Documents/Unreal Projects/ShooterSam/Content/StarterBundle/ModularScifiProps/Textures/T_Stool_M.ubulk" 2720
"C:/Users/Shubham/Documents/Unreal Projects/ShooterSam/Content/StarterBundle/ModularScifiProps/Textures/T_Stool_M.uasset" 2721
"C:/Users/Shubham/Documents/Unreal Projects/ShooterSam/Content/StarterBundle/ModularScifiProps/Textures/T_Stool_M.uexp" 2722
"C:/Users/Shubham/Documents/Unreal Projects/ShooterSam/Content/StarterBundle/ModularScifiProps/Textures/T_Stool_N_normals.ubulk" 2723
"C:/Users/Shubham/Documents/Unreal Projects/ShooterSam/Content/StarterBundle/ModularScifiProps/Textures/T_Stool_N_normals.uasset" 2724
"C:/Users/Shubham/Documents/Unreal Projects/ShooterSam/Content/StarterBundle/ModularScifiProps/Textures/T_Stool_N_normals.uexp" 2725
"C:/Users/Shubham/Documents/Unreal Projects/ShooterSam/Content/StarterBundle/ModularScifiProps/Materials/MI_Stool.uasset" 2726
"C:/Users/Shubham/Documents/Unreal Projects/ShooterSam/Content/StarterBundle/ModularScifiProps/Materials/MI_Stool.uexp" 2727
"C:/Users/Shubham/Documents/Unreal Projects/ShooterSam/Content/StarterBundle/ModularScifiProps/Meshes/SM_Stool.ubulk" 2728
"C:/Users/Shubham/Documents/Unreal Projects/ShooterSam/Content/StarterBundle/ModularScifiProps/Meshes/SM_Stool.uasset" 2729
"C:/Users/Shubham/Documents/Unreal Projects/ShooterSam/Content/StarterBundle/ModularScifiProps/Meshes/SM_Stool.uexp" 2730
"C:/Users/Shubham/Documents/Unreal Projects/ShooterSam/Content/StarterBundle/ModularScifiProps/Textures/T_TempControl_Diff.ubulk" 2731
"C:/Users/Shubham/Documents/Unreal Projects/ShooterSam/Content/StarterBundle/ModularScifiProps/Textures/T_TempControl_Diff.uasset" 2732
"C:/Users/Shubham/Documents/Unreal Projects/ShooterSam/Content/StarterBundle/ModularScifiProps/Textures/T_TempControl_Diff.uexp" 2733
"C:/Users/Shubham/Documents/Unreal Projects/ShooterSam/Content/StarterBundle/ModularScifiProps/Textures/T_TempControl_M.ubulk" 2734
"C:/Users/Shubham/Documents/Unreal Projects/ShooterSam/Content/StarterBundle/ModularScifiProps/Textures/T_TempControl_M.uasset" 2735
"C:/Users/Shubham/Documents/Unreal Projects/ShooterSam/Content/StarterBundle/ModularScifiProps/Textures/T_TempControl_M.uexp" 2736
"C:/Users/Shubham/Documents/Unreal Projects/ShooterSam/Content/StarterBundle/ModularScifiProps/Textures/T_TempControl_N_normals.ubulk" 2737
"C:/Users/Shubham/Documents/Unreal Projects/ShooterSam/Content/StarterBundle/ModularScifiProps/Textures/T_TempControl_N_normals.uasset" 2738
"C:/Users/Shubham/Documents/Unreal Projects/ShooterSam/Content/StarterBundle/ModularScifiProps/Textures/T_TempControl_N_normals.uexp" 2739
"C:/Users/Shubham/Documents/Unreal Projects/ShooterSam/Content/StarterBundle/ModularScifiProps/Materials/MI_TempControl.uasset" 2740
"C:/Users/Shubham/Documents/Unreal Projects/ShooterSam/Content/StarterBundle/ModularScifiProps/Materials/MI_TempControl.uexp" 2741
"C:/Users/Shubham/Documents/Unreal Projects/ShooterSam/Content/StarterBundle/ModularScifiProps/Materials/MI_TempControl_Screen.uasset" 2742
"C:/Users/Shubham/Documents/Unreal Projects/ShooterSam/Content/StarterBundle/ModularScifiProps/Materials/MI_TempControl_Screen.uexp" 2743
"C:/Users/Shubham/Documents/Unreal Projects/ShooterSam/Content/StarterBundle/ModularScifiProps/Meshes/SM_TempControl.ubulk" 2744
"C:/Users/Shubham/Documents/Unreal Projects/ShooterSam/Content/StarterBundle/ModularScifiProps/Meshes/SM_TempControl.uasset" 2745
"C:/Users/Shubham/Documents/Unreal Projects/ShooterSam/Content/StarterBundle/ModularScifiProps/Meshes/SM_TempControl.uexp" 2746
"C:/Users/Shubham/Documents/Unreal Projects/ShooterSam/Content/StarterBundle/ModularScifiProps/Textures/T_Vent_A_Diff.ubulk" 2747
"C:/Users/Shubham/Documents/Unreal Projects/ShooterSam/Content/StarterBundle/ModularScifiProps/Textures/T_Vent_A_Diff.uasset" 2748
"C:/Users/Shubham/Documents/Unreal Projects/ShooterSam/Content/StarterBundle/ModularScifiProps/Textures/T_Vent_A_Diff.uexp" 2749
"C:/Users/Shubham/Documents/Unreal Projects/ShooterSam/Content/StarterBundle/ModularScifiProps/Textures/T_Vent_A_M.ubulk" 2750
"C:/Users/Shubham/Documents/Unreal Projects/ShooterSam/Content/StarterBundle/ModularScifiProps/Textures/T_Vent_A_M.uasset" 2751
"C:/Users/Shubham/Documents/Unreal Projects/ShooterSam/Content/StarterBundle/ModularScifiProps/Textures/T_Vent_A_M.uexp" 2752
"C:/Users/Shubham/Documents/Unreal Projects/ShooterSam/Content/StarterBundle/ModularScifiProps/Textures/T_Vent_A_N_normals.ubulk" 2753
"C:/Users/Shubham/Documents/Unreal Projects/ShooterSam/Content/StarterBundle/ModularScifiProps/Textures/T_Vent_A_N_normals.uasset" 2754
"C:/Users/Shubham/Documents/Unreal Projects/ShooterSam/Content/StarterBundle/ModularScifiProps/Textures/T_Vent_A_N_normals.uexp" 2755
"C:/Users/Shubham/Documents/Unreal Projects/ShooterSam/Content/StarterBundle/ModularScifiProps/Materials/MI_Vent_A.uasset" 2756
"C:/Users/Shubham/Documents/Unreal Projects/ShooterSam/Content/StarterBundle/ModularScifiProps/Materials/MI_Vent_A.uexp" 2757
"C:/Users/Shubham/Documents/Unreal Projects/ShooterSam/Content/StarterBundle/ModularScifiProps/Meshes/SM_Vent_A.ubulk" 2758
"C:/Users/Shubham/Documents/Unreal Projects/ShooterSam/Content/StarterBundle/ModularScifiProps/Meshes/SM_Vent_A.uasset" 2759
"C:/Users/Shubham/Documents/Unreal Projects/ShooterSam/Content/StarterBundle/ModularScifiProps/Meshes/SM_Vent_A.uexp" 2760
"C:/Users/Shubham/Documents/Unreal Projects/ShooterSam/Content/StarterBundle/ModularScifiProps/Meshes/SM_Vent_A2.ubulk" 2761
"C:/Users/Shubham/Documents/Unreal Projects/ShooterSam/Content/StarterBundle/ModularScifiProps/Meshes/SM_Vent_A2.uasset" 2762
"C:/Users/Shubham/Documents/Unreal Projects/ShooterSam/Content/StarterBundle/ModularScifiProps/Meshes/SM_Vent_A2.uexp" 2763
"C:/Users/Shubham/Documents/Unreal Projects/ShooterSam/Content/StarterBundle/ModularScifiProps/Textures/T_Vent_B_Diff.ubulk" 2764
"C:/Users/Shubham/Documents/Unreal Projects/ShooterSam/Content/StarterBundle/ModularScifiProps/Textures/T_Vent_B_Diff.uasset" 2765
"C:/Users/Shubham/Documents/Unreal Projects/ShooterSam/Content/StarterBundle/ModularScifiProps/Textures/T_Vent_B_Diff.uexp" 2766
"C:/Users/Shubham/Documents/Unreal Projects/ShooterSam/Content/StarterBundle/ModularScifiProps/Textures/T_Vent_B_M.ubulk" 2767
"C:/Users/Shubham/Documents/Unreal Projects/ShooterSam/Content/StarterBundle/ModularScifiProps/Textures/T_Vent_B_M.uasset" 2768
"C:/Users/Shubham/Documents/Unreal Projects/ShooterSam/Content/StarterBundle/ModularScifiProps/Textures/T_Vent_B_M.uexp" 2769
"C:/Users/Shubham/Documents/Unreal Projects/ShooterSam/Content/StarterBundle/ModularScifiProps/Textures/T_Vent_B_N_normals.ubulk" 2770
"C:/Users/Shubham/Documents/Unreal Projects/ShooterSam/Content/StarterBundle/ModularScifiProps/Textures/T_Vent_B_N_normals.uasset" 2771
"C:/Users/Shubham/Documents/Unreal Projects/ShooterSam/Content/StarterBundle/ModularScifiProps/Textures/T_Vent_B_N_normals.uexp" 2772
"C:/Users/Shubham/Documents/Unreal Projects/ShooterSam/Content/StarterBundle/ModularScifiProps/Materials/MI_Vent_B.uasset" 2773
"C:/Users/Shubham/Documents/Unreal Projects/ShooterSam/Content/StarterBundle/ModularScifiProps/Materials/MI_Vent_B.uexp" 2774
"C:/Users/Shubham/Documents/Unreal Projects/ShooterSam/Content/StarterBundle/ModularScifiProps/Meshes/SM_Vent_B.ubulk" 2775
"C:/Users/Shubham/Documents/Unreal Projects/ShooterSam/Content/StarterBundle/ModularScifiProps/Meshes/SM_Vent_B.uasset" 2776
"C:/Users/Shubham/Documents/Unreal Projects/ShooterSam/Content/StarterBundle/ModularScifiProps/Meshes/SM_Vent_B.uexp" 2777
"C:/Users/Shubham/Documents/Unreal Projects/ShooterSam/Content/StarterBundle/ModularScifiProps/Meshes/SM_WallCab_1D.ubulk" 2778
"C:/Users/Shubham/Documents/Unreal Projects/ShooterSam/Content/StarterBundle/ModularScifiProps/Meshes/SM_WallCab_1D.uasset" 2779
"C:/Users/Shubham/Documents/Unreal Projects/ShooterSam/Content/StarterBundle/ModularScifiProps/Meshes/SM_WallCab_1D.uexp" 2780
"C:/Users/Shubham/Documents/Unreal Projects/ShooterSam/Content/StarterBundle/ModularScifiProps/Meshes/SM_WallCab_2D.ubulk" 2781
"C:/Users/Shubham/Documents/Unreal Projects/ShooterSam/Content/StarterBundle/ModularScifiProps/Meshes/SM_WallCab_2D.uasset" 2782
"C:/Users/Shubham/Documents/Unreal Projects/ShooterSam/Content/StarterBundle/ModularScifiProps/Meshes/SM_WallCab_2D.uexp" 2783
"C:/Users/Shubham/Documents/Unreal Projects/ShooterSam/Content/StarterBundle/ModularScifiProps/Meshes/SM_WallDiv_A.ubulk" 2784
"C:/Users/Shubham/Documents/Unreal Projects/ShooterSam/Content/StarterBundle/ModularScifiProps/Meshes/SM_WallDiv_A.uasset" 2785
"C:/Users/Shubham/Documents/Unreal Projects/ShooterSam/Content/StarterBundle/ModularScifiProps/Meshes/SM_WallDiv_A.uexp" 2786
"C:/Users/Shubham/Documents/Unreal Projects/ShooterSam/Content/StarterBundle/ModularScifiProps/Materials/MI_Trims_C.uasset" 2787
"C:/Users/Shubham/Documents/Unreal Projects/ShooterSam/Content/StarterBundle/ModularScifiProps/Materials/MI_Trims_C.uexp" 2788
"C:/Users/Shubham/Documents/Unreal Projects/ShooterSam/Content/StarterBundle/ModularScifiProps/Meshes/SM_Wall_A.ubulk" 2789
"C:/Users/Shubham/Documents/Unreal Projects/ShooterSam/Content/StarterBundle/ModularScifiProps/Meshes/SM_Wall_A.uasset" 2790
"C:/Users/Shubham/Documents/Unreal Projects/ShooterSam/Content/StarterBundle/ModularScifiProps/Meshes/SM_Wall_A.uexp" 2791
"C:/Users/Shubham/Documents/Unreal Projects/ShooterSam/Content/StarterBundle/ModularScifiProps/Materials/MI_Reg_Glass_Light.uasset" 2792
"C:/Users/Shubham/Documents/Unreal Projects/ShooterSam/Content/StarterBundle/ModularScifiProps/Materials/MI_Reg_Glass_Light.uexp" 2793
"C:/Users/Shubham/Documents/Unreal Projects/ShooterSam/Content/StarterBundle/ModularScifiProps/Meshes/SM_Wall_A_Glass.ubulk" 2794
"C:/Users/Shubham/Documents/Unreal Projects/ShooterSam/Content/StarterBundle/ModularScifiProps/Meshes/SM_Wall_A_Glass.uasset" 2795
"C:/Users/Shubham/Documents/Unreal Projects/ShooterSam/Content/StarterBundle/ModularScifiProps/Meshes/SM_Wall_A_Glass.uexp" 2796
"C:/Users/Shubham/Documents/Unreal Projects/ShooterSam/Content/StarterBundle/ModularScifiProps/Meshes/SM_Wall_B.ubulk" 2797
"C:/Users/Shubham/Documents/Unreal Projects/ShooterSam/Content/StarterBundle/ModularScifiProps/Meshes/SM_Wall_B.uasset" 2798
"C:/Users/Shubham/Documents/Unreal Projects/ShooterSam/Content/StarterBundle/ModularScifiProps/Meshes/SM_Wall_B.uexp" 2799
"C:/Users/Shubham/Documents/Unreal Projects/ShooterSam/Content/StarterBundle/ModularScifiProps/Meshes/SM_Wall_B_Glass.ubulk" 2800
"C:/Users/Shubham/Documents/Unreal Projects/ShooterSam/Content/StarterBundle/ModularScifiProps/Meshes/SM_Wall_B_Glass.uasset" 2801
"C:/Users/Shubham/Documents/Unreal Projects/ShooterSam/Content/StarterBundle/ModularScifiProps/Meshes/SM_Wall_B_Glass.uexp" 2802
"C:/Users/Shubham/Documents/Unreal Projects/ShooterSam/Content/StarterBundle/ModularScifiProps/Textures/T_WasteBin_Diff.ubulk" 2803
"C:/Users/Shubham/Documents/Unreal Projects/ShooterSam/Content/StarterBundle/ModularScifiProps/Textures/T_WasteBin_Diff.uasset" 2804
"C:/Users/Shubham/Documents/Unreal Projects/ShooterSam/Content/StarterBundle/ModularScifiProps/Textures/T_WasteBin_Diff.uexp" 2805
"C:/Users/Shubham/Documents/Unreal Projects/ShooterSam/Content/StarterBundle/ModularScifiProps/Textures/T_WasteBin_M.ubulk" 2806
"C:/Users/Shubham/Documents/Unreal Projects/ShooterSam/Content/StarterBundle/ModularScifiProps/Textures/T_WasteBin_M.uasset" 2807
"C:/Users/Shubham/Documents/Unreal Projects/ShooterSam/Content/StarterBundle/ModularScifiProps/Textures/T_WasteBin_M.uexp" 2808
"C:/Users/Shubham/Documents/Unreal Projects/ShooterSam/Content/StarterBundle/ModularScifiProps/Textures/T_WasteBin_N_normals.ubulk" 2809
"C:/Users/Shubham/Documents/Unreal Projects/ShooterSam/Content/StarterBundle/ModularScifiProps/Textures/T_WasteBin_N_normals.uasset" 2810
"C:/Users/Shubham/Documents/Unreal Projects/ShooterSam/Content/StarterBundle/ModularScifiProps/Textures/T_WasteBin_N_normals.uexp" 2811
"C:/Users/Shubham/Documents/Unreal Projects/ShooterSam/Content/StarterBundle/ModularScifiProps/Materials/MI_WasteBin.uasset" 2812
"C:/Users/Shubham/Documents/Unreal Projects/ShooterSam/Content/StarterBundle/ModularScifiProps/Materials/MI_WasteBin.uexp" 2813
"C:/Users/Shubham/Documents/Unreal Projects/ShooterSam/Content/StarterBundle/ModularScifiProps/Meshes/SM_WasteBin.ubulk" 2814
"C:/Users/Shubham/Documents/Unreal Projects/ShooterSam/Content/StarterBundle/ModularScifiProps/Meshes/SM_WasteBin.uasset" 2815
"C:/Users/Shubham/Documents/Unreal Projects/ShooterSam/Content/StarterBundle/ModularScifiProps/Meshes/SM_WasteBin.uexp" 2816
"C:/Users/Shubham/Documents/Unreal Projects/ShooterSam/Content/StarterBundle/ModularScifiProps/Materials/MI_Light_Wireless_Off.uasset" 2817
"C:/Users/Shubham/Documents/Unreal Projects/ShooterSam/Content/StarterBundle/ModularScifiProps/Materials/MI_Light_Wireless_Off.uexp" 2818
"C:/Users/Shubham/Documents/Unreal Projects/ShooterSam/Content/StarterBundle/ModularScifiProps/Materials/MI_WirelessBooster.uasset" 2819
"C:/Users/Shubham/Documents/Unreal Projects/ShooterSam/Content/StarterBundle/ModularScifiProps/Materials/MI_WirelessBooster.uexp" 2820
"C:/Users/Shubham/Documents/Unreal Projects/ShooterSam/Content/StarterBundle/ModularScifiProps/Meshes/SM_WirelessB_Off.ubulk" 2821
"C:/Users/Shubham/Documents/Unreal Projects/ShooterSam/Content/StarterBundle/ModularScifiProps/Meshes/SM_WirelessB_Off.uasset" 2822
"C:/Users/Shubham/Documents/Unreal Projects/ShooterSam/Content/StarterBundle/ModularScifiProps/Meshes/SM_WirelessB_Off.uexp" 2823
"C:/Users/Shubham/Documents/Unreal Projects/ShooterSam/Content/StarterBundle/ModularScifiProps/Materials/MI_Light_Wireless_On.uasset" 2824
"C:/Users/Shubham/Documents/Unreal Projects/ShooterSam/Content/StarterBundle/ModularScifiProps/Materials/MI_Light_Wireless_On.uexp" 2825
"C:/Users/Shubham/Documents/Unreal Projects/ShooterSam/Content/StarterBundle/ModularScifiProps/Meshes/SM_WirelessB_On.ubulk" 2826
"C:/Users/Shubham/Documents/Unreal Projects/ShooterSam/Content/StarterBundle/ModularScifiProps/Meshes/SM_WirelessB_On.uasset" 2827
"C:/Users/Shubham/Documents/Unreal Projects/ShooterSam/Content/StarterBundle/ModularScifiProps/Meshes/SM_WirelessB_On.uexp" 2828
"C:/Users/Shubham/Documents/Unreal Projects/ShooterSam/Content/StarterBundle/ModularSci_Comm/Textures/T_Metal_Scratches_M.uasset" 2829
"C:/Users/Shubham/Documents/Unreal Projects/ShooterSam/Content/StarterBundle/ModularSci_Comm/Textures/T_Metal_Scratches_M.uexp" 2830
"C:/Users/Shubham/Documents/Unreal Projects/ShooterSam/Content/StarterBundle/ModularSci_Comm/Textures/Base/T_Base_Dirt_2.ubulk" 2831
"C:/Users/Shubham/Documents/Unreal Projects/ShooterSam/Content/StarterBundle/ModularSci_Comm/Textures/Base/T_Base_Dirt_2.uasset" 2832
"C:/Users/Shubham/Documents/Unreal Projects/ShooterSam/Content/StarterBundle/ModularSci_Comm/Textures/Base/T_Base_Dirt_2.uexp" 2833
"C:/Users/Shubham/Documents/Unreal Projects/ShooterSam/Content/StarterBundle/ModularSci_Comm/Textures/T_Metal_Brushed_N.ubulk" 2834
"C:/Users/Shubham/Documents/Unreal Projects/ShooterSam/Content/StarterBundle/ModularSci_Comm/Textures/T_Metal_Brushed_N.uasset" 2835
"C:/Users/Shubham/Documents/Unreal Projects/ShooterSam/Content/StarterBundle/ModularSci_Comm/Textures/T_Metal_Brushed_N.uexp" 2836
"C:/Users/Shubham/Documents/Unreal Projects/ShooterSam/Content/StarterBundle/ModularSci_Comm/Textures/T_Hexagon.ubulk" 2837
"C:/Users/Shubham/Documents/Unreal Projects/ShooterSam/Content/StarterBundle/ModularSci_Comm/Textures/T_Hexagon.uasset" 2838
"C:/Users/Shubham/Documents/Unreal Projects/ShooterSam/Content/StarterBundle/ModularSci_Comm/Textures/T_Hexagon.uexp" 2839
"C:/Users/Shubham/Documents/Unreal Projects/ShooterSam/Content/StarterBundle/ModularSci_Comm/Materials/M_SolidColor_Base.uasset" 2840
"C:/Users/Shubham/Documents/Unreal Projects/ShooterSam/Content/StarterBundle/ModularSci_Comm/Materials/M_SolidColor_Base.uexp" 2841
"C:/Users/Shubham/Documents/Unreal Projects/ShooterSam/Content/StarterBundle/ModularSci_Comm/Materials/MI_Floor_Black2.uasset" 2842
"C:/Users/Shubham/Documents/Unreal Projects/ShooterSam/Content/StarterBundle/ModularSci_Comm/Materials/MI_Floor_Black2.uexp" 2843
"C:/Users/Shubham/Documents/Unreal Projects/ShooterSam/Content/StarterBundle/ModularSci_Comm/Textures/T_Hexagon_Norm.ubulk" 2844
"C:/Users/Shubham/Documents/Unreal Projects/ShooterSam/Content/StarterBundle/ModularSci_Comm/Textures/T_Hexagon_Norm.uasset" 2845
"C:/Users/Shubham/Documents/Unreal Projects/ShooterSam/Content/StarterBundle/ModularSci_Comm/Textures/T_Hexagon_Norm.uexp" 2846
"C:/Users/Shubham/Documents/Unreal Projects/ShooterSam/Content/StarterBundle/ModularSci_Comm/Textures/T_Hexagon_M.ubulk" 2847
"C:/Users/Shubham/Documents/Unreal Projects/ShooterSam/Content/StarterBundle/ModularSci_Comm/Textures/T_Hexagon_M.uasset" 2848
"C:/Users/Shubham/Documents/Unreal Projects/ShooterSam/Content/StarterBundle/ModularSci_Comm/Textures/T_Hexagon_M.uexp" 2849
"C:/Users/Shubham/Documents/Unreal Projects/ShooterSam/Content/StarterBundle/ModularSci_Comm/Materials/M_Reg_Glass.uasset" 2850
"C:/Users/Shubham/Documents/Unreal Projects/ShooterSam/Content/StarterBundle/ModularSci_Comm/Materials/M_Reg_Glass.uexp" 2851
"C:/Users/Shubham/Documents/Unreal Projects/ShooterSam/Content/StarterBundle/ModularSci_Comm/Materials/MI_Glass_Light.uasset" 2852
"C:/Users/Shubham/Documents/Unreal Projects/ShooterSam/Content/StarterBundle/ModularSci_Comm/Materials/MI_Glass_Light.uexp" 2853
"C:/Users/Shubham/Documents/Unreal Projects/ShooterSam/Content/StarterBundle/ModularSci_Comm/Materials/MI_Glass_ObservationWindow.uasset" 2854
"C:/Users/Shubham/Documents/Unreal Projects/ShooterSam/Content/StarterBundle/ModularSci_Comm/Materials/MI_Glass_ObservationWindow.uexp" 2855
"C:/Users/Shubham/Documents/Unreal Projects/ShooterSam/Content/StarterBundle/ModularSci_Comm/Textures/T_Metal_Brushed_M.uasset" 2856
"C:/Users/Shubham/Documents/Unreal Projects/ShooterSam/Content/StarterBundle/ModularSci_Comm/Textures/T_Metal_Brushed_M.uexp" 2857
"C:/Users/Shubham/Documents/Unreal Projects/ShooterSam/Content/StarterBundle/ModularSci_Comm/Textures/T_Pipes_A_Diff.ubulk" 2858
"C:/Users/Shubham/Documents/Unreal Projects/ShooterSam/Content/StarterBundle/ModularSci_Comm/Textures/T_Pipes_A_Diff.uasset" 2859
"C:/Users/Shubham/Documents/Unreal Projects/ShooterSam/Content/StarterBundle/ModularSci_Comm/Textures/T_Pipes_A_Diff.uexp" 2860
"C:/Users/Shubham/Documents/Unreal Projects/ShooterSam/Content/StarterBundle/ModularSci_Comm/Textures/T_Pipes_A_N_normals.ubulk" 2861
"C:/Users/Shubham/Documents/Unreal Projects/ShooterSam/Content/StarterBundle/ModularSci_Comm/Textures/T_Pipes_A_N_normals.uasset" 2862
"C:/Users/Shubham/Documents/Unreal Projects/ShooterSam/Content/StarterBundle/ModularSci_Comm/Textures/T_Pipes_A_N_normals.uexp" 2863
"C:/Users/Shubham/Documents/Unreal Projects/ShooterSam/Content/StarterBundle/ModularSci_Comm/Materials/M_Base_Pipes.uasset" 2864
"C:/Users/Shubham/Documents/Unreal Projects/ShooterSam/Content/StarterBundle/ModularSci_Comm/Materials/M_Base_Pipes.uexp" 2865
"C:/Users/Shubham/Documents/Unreal Projects/ShooterSam/Content/StarterBundle/ModularSci_Comm/Materials/MI_Pipes_A_Dark.uasset" 2866
"C:/Users/Shubham/Documents/Unreal Projects/ShooterSam/Content/StarterBundle/ModularSci_Comm/Materials/MI_Pipes_A_Dark.uexp" 2867
"C:/Users/Shubham/Documents/Unreal Projects/ShooterSam/Content/StarterBundle/ModularSci_Comm/Textures/T_Pipes_B_normals.ubulk" 2868
"C:/Users/Shubham/Documents/Unreal Projects/ShooterSam/Content/StarterBundle/ModularSci_Comm/Textures/T_Pipes_B_normals.uasset" 2869
"C:/Users/Shubham/Documents/Unreal Projects/ShooterSam/Content/StarterBundle/ModularSci_Comm/Textures/T_Pipes_B_normals.uexp" 2870
"C:/Users/Shubham/Documents/Unreal Projects/ShooterSam/Content/StarterBundle/ModularSci_Comm/Textures/T_Pipe_B_Diff.ubulk" 2871
"C:/Users/Shubham/Documents/Unreal Projects/ShooterSam/Content/StarterBundle/ModularSci_Comm/Textures/T_Pipe_B_Diff.uasset" 2872
"C:/Users/Shubham/Documents/Unreal Projects/ShooterSam/Content/StarterBundle/ModularSci_Comm/Textures/T_Pipe_B_Diff.uexp" 2873
"C:/Users/Shubham/Documents/Unreal Projects/ShooterSam/Content/StarterBundle/ModularSci_Comm/Materials/MI_Pipes_B_Light.uasset" 2874
"C:/Users/Shubham/Documents/Unreal Projects/ShooterSam/Content/StarterBundle/ModularSci_Comm/Materials/MI_Pipes_B_Light.uexp" 2875
"C:/Users/Shubham/Documents/Unreal Projects/ShooterSam/Content/StarterBundle/ModularSci_Comm/Materials/MI_Pipes_B_Light_Shiny.uasset" 2876
"C:/Users/Shubham/Documents/Unreal Projects/ShooterSam/Content/StarterBundle/ModularSci_Comm/Materials/MI_Pipes_B_Light_Shiny.uexp" 2877
"C:/Users/Shubham/Documents/Unreal Projects/ShooterSam/Content/StarterBundle/ModularSci_Comm/Textures/Base/T_Base_Dirt.ubulk" 2878
"C:/Users/Shubham/Documents/Unreal Projects/ShooterSam/Content/StarterBundle/ModularSci_Comm/Textures/Base/T_Base_Dirt.uasset" 2879
"C:/Users/Shubham/Documents/Unreal Projects/ShooterSam/Content/StarterBundle/ModularSci_Comm/Textures/Base/T_Base_Dirt.uexp" 2880
"C:/Users/Shubham/Documents/Unreal Projects/ShooterSam/Content/StarterBundle/ModularSci_Comm/Materials/MI_Red_Dirt.uasset" 2881
"C:/Users/Shubham/Documents/Unreal Projects/ShooterSam/Content/StarterBundle/ModularSci_Comm/Materials/MI_Red_Dirt.uexp" 2882
"C:/Users/Shubham/Documents/Unreal Projects/ShooterSam/Content/StarterBundle/ModularSci_Comm/Materials/MI_Solid_Black.uasset" 2883
"C:/Users/Shubham/Documents/Unreal Projects/ShooterSam/Content/StarterBundle/ModularSci_Comm/Materials/MI_Solid_Black.uexp" 2884
"C:/Users/Shubham/Documents/Unreal Projects/ShooterSam/Content/StarterBundle/ModularSci_Comm/Materials/MI_Solid_Black2.uasset" 2885
"C:/Users/Shubham/Documents/Unreal Projects/ShooterSam/Content/StarterBundle/ModularSci_Comm/Materials/MI_Solid_Black2.uexp" 2886
"C:/Users/Shubham/Documents/Unreal Projects/ShooterSam/Content/StarterBundle/ModularSci_Comm/Materials/MI_Solid_DarkGray.uasset" 2887
"C:/Users/Shubham/Documents/Unreal Projects/ShooterSam/Content/StarterBundle/ModularSci_Comm/Materials/MI_Solid_DarkGray.uexp" 2888
"C:/Users/Shubham/Documents/Unreal Projects/ShooterSam/Content/StarterBundle/ModularSci_Comm/Materials/MI_Solid_White.uasset" 2889
"C:/Users/Shubham/Documents/Unreal Projects/ShooterSam/Content/StarterBundle/ModularSci_Comm/Materials/MI_Solid_White.uexp" 2890
"C:/Users/Shubham/Documents/Unreal Projects/ShooterSam/Content/StarterBundle/ModularSci_Comm/Textures/T_Carbon.ubulk" 2891
"C:/Users/Shubham/Documents/Unreal Projects/ShooterSam/Content/StarterBundle/ModularSci_Comm/Textures/T_Carbon.uasset" 2892
"C:/Users/Shubham/Documents/Unreal Projects/ShooterSam/Content/StarterBundle/ModularSci_Comm/Textures/T_Carbon.uexp" 2893
"C:/Users/Shubham/Documents/Unreal Projects/ShooterSam/Content/StarterBundle/ModularSci_Comm/Materials/MI_Solid_White_3.uasset" 2894
"C:/Users/Shubham/Documents/Unreal Projects/ShooterSam/Content/StarterBundle/ModularSci_Comm/Materials/MI_Solid_White_3.uexp" 2895
"C:/Users/Shubham/Documents/Unreal Projects/ShooterSam/Content/StarterBundle/ModularSci_Comm/Textures/T_Trims_A_diff.ubulk" 2896
"C:/Users/Shubham/Documents/Unreal Projects/ShooterSam/Content/StarterBundle/ModularSci_Comm/Textures/T_Trims_A_diff.uasset" 2897
"C:/Users/Shubham/Documents/Unreal Projects/ShooterSam/Content/StarterBundle/ModularSci_Comm/Textures/T_Trims_A_diff.uexp" 2898
"C:/Users/Shubham/Documents/Unreal Projects/ShooterSam/Content/StarterBundle/ModularSci_Comm/Textures/T_Trims_A_normals.ubulk" 2899
"C:/Users/Shubham/Documents/Unreal Projects/ShooterSam/Content/StarterBundle/ModularSci_Comm/Textures/T_Trims_A_normals.uasset" 2900
"C:/Users/Shubham/Documents/Unreal Projects/ShooterSam/Content/StarterBundle/ModularSci_Comm/Textures/T_Trims_A_normals.uexp" 2901
"C:/Users/Shubham/Documents/Unreal Projects/ShooterSam/Content/StarterBundle/ModularSci_Comm/Textures/T_Trims_A_M.ubulk" 2902
"C:/Users/Shubham/Documents/Unreal Projects/ShooterSam/Content/StarterBundle/ModularSci_Comm/Textures/T_Trims_A_M.uasset" 2903
"C:/Users/Shubham/Documents/Unreal Projects/ShooterSam/Content/StarterBundle/ModularSci_Comm/Textures/T_Trims_A_M.uexp" 2904
"C:/Users/Shubham/Documents/Unreal Projects/ShooterSam/Content/StarterBundle/ModularSci_Comm/Materials/M_Base_3C.uasset" 2905
"C:/Users/Shubham/Documents/Unreal Projects/ShooterSam/Content/StarterBundle/ModularSci_Comm/Materials/M_Base_3C.uexp" 2906
"C:/Users/Shubham/Documents/Unreal Projects/ShooterSam/Content/StarterBundle/ModularSci_Comm/Textures/T_Trims_A_ML.ubulk" 2907
"C:/Users/Shubham/Documents/Unreal Projects/ShooterSam/Content/StarterBundle/ModularSci_Comm/Textures/T_Trims_A_ML.uasset" 2908
"C:/Users/Shubham/Documents/Unreal Projects/ShooterSam/Content/StarterBundle/ModularSci_Comm/Textures/T_Trims_A_ML.uexp" 2909
"C:/Users/Shubham/Documents/Unreal Projects/ShooterSam/Content/StarterBundle/ModularSci_Comm/Materials/MI_Trims_A_Black.uasset" 2910
"C:/Users/Shubham/Documents/Unreal Projects/ShooterSam/Content/StarterBundle/ModularSci_Comm/Materials/MI_Trims_A_Black.uexp" 2911
"C:/Users/Shubham/Documents/Unreal Projects/ShooterSam/Content/StarterBundle/ModularSci_Comm/Materials/MI_Trims_A_Black2.uasset" 2912
"C:/Users/Shubham/Documents/Unreal Projects/ShooterSam/Content/StarterBundle/ModularSci_Comm/Materials/MI_Trims_A_Black2.uexp" 2913
"C:/Users/Shubham/Documents/Unreal Projects/ShooterSam/Content/StarterBundle/ModularSci_Comm/Materials/MI_Trims_A_Gray.uasset" 2914
"C:/Users/Shubham/Documents/Unreal Projects/ShooterSam/Content/StarterBundle/ModularSci_Comm/Materials/MI_Trims_A_Gray.uexp" 2915
"C:/Users/Shubham/Documents/Unreal Projects/ShooterSam/Content/StarterBundle/ModularSci_Comm/Textures/T_Trims_C_normals.ubulk" 2916
"C:/Users/Shubham/Documents/Unreal Projects/ShooterSam/Content/StarterBundle/ModularSci_Comm/Textures/T_Trims_C_normals.uasset" 2917
"C:/Users/Shubham/Documents/Unreal Projects/ShooterSam/Content/StarterBundle/ModularSci_Comm/Textures/T_Trims_C_normals.uexp" 2918
"C:/Users/Shubham/Documents/Unreal Projects/ShooterSam/Content/StarterBundle/ModularSci_Comm/Textures/T_Trim_C_diffuse.ubulk" 2919
"C:/Users/Shubham/Documents/Unreal Projects/ShooterSam/Content/StarterBundle/ModularSci_Comm/Textures/T_Trim_C_diffuse.uasset" 2920
"C:/Users/Shubham/Documents/Unreal Projects/ShooterSam/Content/StarterBundle/ModularSci_Comm/Textures/T_Trim_C_diffuse.uexp" 2921
"C:/Users/Shubham/Documents/Unreal Projects/ShooterSam/Content/StarterBundle/ModularSci_Comm/Textures/T_Trim_EdgeMask.ubulk" 2922
"C:/Users/Shubham/Documents/Unreal Projects/ShooterSam/Content/StarterBundle/ModularSci_Comm/Textures/T_Trim_EdgeMask.uasset" 2923
"C:/Users/Shubham/Documents/Unreal Projects/ShooterSam/Content/StarterBundle/ModularSci_Comm/Textures/T_Trim_EdgeMask.uexp" 2924
"C:/Users/Shubham/Documents/Unreal Projects/ShooterSam/Content/StarterBundle/ModularSci_Comm/Textures/Base/T_Base.ubulk" 2925
"C:/Users/Shubham/Documents/Unreal Projects/ShooterSam/Content/StarterBundle/ModularSci_Comm/Textures/Base/T_Base.uasset" 2926
"C:/Users/Shubham/Documents/Unreal Projects/ShooterSam/Content/StarterBundle/ModularSci_Comm/Textures/Base/T_Base.uexp" 2927
"C:/Users/Shubham/Documents/Unreal Projects/ShooterSam/Content/StarterBundle/ModularSci_Comm/Materials/M_Base_Trim.uasset" 2928
"C:/Users/Shubham/Documents/Unreal Projects/ShooterSam/Content/StarterBundle/ModularSci_Comm/Materials/M_Base_Trim.uexp" 2929
"C:/Users/Shubham/Documents/Unreal Projects/ShooterSam/Content/StarterBundle/ModularSci_Comm/Materials/MI_Trims_C_Black.uasset" 2930
"C:/Users/Shubham/Documents/Unreal Projects/ShooterSam/Content/StarterBundle/ModularSci_Comm/Materials/MI_Trims_C_Black.uexp" 2931
"C:/Users/Shubham/Documents/Unreal Projects/ShooterSam/Content/StarterBundle/ModularSci_Comm/Materials/MI_Trims_C_Dark.uasset" 2932
"C:/Users/Shubham/Documents/Unreal Projects/ShooterSam/Content/StarterBundle/ModularSci_Comm/Materials/MI_Trims_C_Dark.uexp" 2933
"C:/Users/Shubham/Documents/Unreal Projects/ShooterSam/Content/StarterBundle/ModularSci_Comm/Materials/MI_Trims_C_Dark2.uasset" 2934
"C:/Users/Shubham/Documents/Unreal Projects/ShooterSam/Content/StarterBundle/ModularSci_Comm/Materials/MI_Trims_C_Dark2.uexp" 2935
"C:/Users/Shubham/Documents/Unreal Projects/ShooterSam/Content/StarterBundle/ModularSci_Comm/Materials/MI_Trims_C_Dark3.uasset" 2936
"C:/Users/Shubham/Documents/Unreal Projects/ShooterSam/Content/StarterBundle/ModularSci_Comm/Materials/MI_Trims_C_Dark3.uexp" 2937
"C:/Users/Shubham/Documents/Unreal Projects/ShooterSam/Content/StarterBundle/ModularSci_Comm/Materials/MI_Trims_C_DarkGray.uasset" 2938
"C:/Users/Shubham/Documents/Unreal Projects/ShooterSam/Content/StarterBundle/ModularSci_Comm/Materials/MI_Trims_C_DarkGray.uexp" 2939
"C:/Users/Shubham/Documents/Unreal Projects/ShooterSam/Content/StarterBundle/ModularSci_Comm/Materials/MI_Trims_C_Dark_Dirt.uasset" 2940
"C:/Users/Shubham/Documents/Unreal Projects/ShooterSam/Content/StarterBundle/ModularSci_Comm/Materials/MI_Trims_C_Dark_Dirt.uexp" 2941
"C:/Users/Shubham/Documents/Unreal Projects/ShooterSam/Content/StarterBundle/ModularSci_Comm/Materials/MI_Trims_C_FloorBlack.uasset" 2942
"C:/Users/Shubham/Documents/Unreal Projects/ShooterSam/Content/StarterBundle/ModularSci_Comm/Materials/MI_Trims_C_FloorBlack.uexp" 2943
"C:/Users/Shubham/Documents/Unreal Projects/ShooterSam/Content/StarterBundle/ModularSci_Comm/Materials/MI_Trims_C_FloorBlack2.uasset" 2944
"C:/Users/Shubham/Documents/Unreal Projects/ShooterSam/Content/StarterBundle/ModularSci_Comm/Materials/MI_Trims_C_FloorBlack2.uexp" 2945
"C:/Users/Shubham/Documents/Unreal Projects/ShooterSam/Content/StarterBundle/ModularSci_Comm/Textures/Decals/Normals/T_Indent_G_normals.ubulk" 2946
"C:/Users/Shubham/Documents/Unreal Projects/ShooterSam/Content/StarterBundle/ModularSci_Comm/Textures/Decals/Normals/T_Indent_G_normals.uasset" 2947
"C:/Users/Shubham/Documents/Unreal Projects/ShooterSam/Content/StarterBundle/ModularSci_Comm/Textures/Decals/Normals/T_Indent_G_normals.uexp" 2948
"C:/Users/Shubham/Documents/Unreal Projects/ShooterSam/Content/StarterBundle/ModularSci_Comm/Materials/MI_Trims_C_FloorBlack_Det2.uasset" 2949
"C:/Users/Shubham/Documents/Unreal Projects/ShooterSam/Content/StarterBundle/ModularSci_Comm/Materials/MI_Trims_C_FloorBlack_Det2.uexp" 2950
"C:/Users/Shubham/Documents/Unreal Projects/ShooterSam/Content/StarterBundle/ModularSci_Comm/Materials/MI_Trims_C_LightGray.uasset" 2951
"C:/Users/Shubham/Documents/Unreal Projects/ShooterSam/Content/StarterBundle/ModularSci_Comm/Materials/MI_Trims_C_LightGray.uexp" 2952
"C:/Users/Shubham/Documents/Unreal Projects/ShooterSam/Content/StarterBundle/ModularSci_Comm/Materials/MI_Trims_C_LightGray_M.uasset" 2953
"C:/Users/Shubham/Documents/Unreal Projects/ShooterSam/Content/StarterBundle/ModularSci_Comm/Materials/MI_Trims_C_LightGray_M.uexp" 2954
"C:/Users/Shubham/Documents/Unreal Projects/ShooterSam/Content/StarterBundle/ModularSci_Comm/Materials/MI_Trims_C_Red.uasset" 2955
"C:/Users/Shubham/Documents/Unreal Projects/ShooterSam/Content/StarterBundle/ModularSci_Comm/Materials/MI_Trims_C_Red.uexp" 2956
"C:/Users/Shubham/Documents/Unreal Projects/ShooterSam/Content/StarterBundle/ModularSci_Comm/Materials/MI_Trims_C_Yellow.uasset" 2957
"C:/Users/Shubham/Documents/Unreal Projects/ShooterSam/Content/StarterBundle/ModularSci_Comm/Materials/MI_Trims_C_Yellow.uexp" 2958
"C:/Users/Shubham/Documents/Unreal Projects/ShooterSam/Content/StarterBundle/ModularSci_Comm/Materials/MI_Trims_C_Yellow2.uasset" 2959
"C:/Users/Shubham/Documents/Unreal Projects/ShooterSam/Content/StarterBundle/ModularSci_Comm/Materials/MI_Trims_C_Yellow2.uexp" 2960
"C:/Users/Shubham/Documents/Unreal Projects/ShooterSam/Content/StarterBundle/ModularSci_Comm/Textures/T_Wall_Detail_A_Diff.ubulk" 2961
"C:/Users/Shubham/Documents/Unreal Projects/ShooterSam/Content/StarterBundle/ModularSci_Comm/Textures/T_Wall_Detail_A_Diff.uasset" 2962
"C:/Users/Shubham/Documents/Unreal Projects/ShooterSam/Content/StarterBundle/ModularSci_Comm/Textures/T_Wall_Detail_A_Diff.uexp" 2963
"C:/Users/Shubham/Documents/Unreal Projects/ShooterSam/Content/StarterBundle/ModularSci_Comm/Textures/T_Wall_Detail_A_ML.ubulk" 2964
"C:/Users/Shubham/Documents/Unreal Projects/ShooterSam/Content/StarterBundle/ModularSci_Comm/Textures/T_Wall_Detail_A_ML.uasset" 2965
"C:/Users/Shubham/Documents/Unreal Projects/ShooterSam/Content/StarterBundle/ModularSci_Comm/Textures/T_Wall_Detail_A_ML.uexp" 2966
"C:/Users/Shubham/Documents/Unreal Projects/ShooterSam/Content/StarterBundle/ModularSci_Comm/Textures/T_Wall_Detail_A_normals.ubulk" 2967
"C:/Users/Shubham/Documents/Unreal Projects/ShooterSam/Content/StarterBundle/ModularSci_Comm/Textures/T_Wall_Detail_A_normals.uasset" 2968
"C:/Users/Shubham/Documents/Unreal Projects/ShooterSam/Content/StarterBundle/ModularSci_Comm/Textures/T_Wall_Detail_A_normals.uexp" 2969
"C:/Users/Shubham/Documents/Unreal Projects/ShooterSam/Content/StarterBundle/ModularSci_Comm/Materials/MI_Wall_Detail_A.uasset" 2970
"C:/Users/Shubham/Documents/Unreal Projects/ShooterSam/Content/StarterBundle/ModularSci_Comm/Materials/MI_Wall_Detail_A.uexp" 2971
"C:/Users/Shubham/Documents/Unreal Projects/ShooterSam/Content/StarterBundle/ModularSci_Comm/Materials/MI_Wall_Detail_A3.uasset" 2972
"C:/Users/Shubham/Documents/Unreal Projects/ShooterSam/Content/StarterBundle/ModularSci_Comm/Materials/MI_Wall_Detail_A3.uexp" 2973
"C:/Users/Shubham/Documents/Unreal Projects/ShooterSam/Content/StarterBundle/ModularSci_Comm/Textures/T_Trims_B_Diff.ubulk" 2974
"C:/Users/Shubham/Documents/Unreal Projects/ShooterSam/Content/StarterBundle/ModularSci_Comm/Textures/T_Trims_B_Diff.uasset" 2975
"C:/Users/Shubham/Documents/Unreal Projects/ShooterSam/Content/StarterBundle/ModularSci_Comm/Textures/T_Trims_B_Diff.uexp" 2976
"C:/Users/Shubham/Documents/Unreal Projects/ShooterSam/Content/StarterBundle/ModularSci_Comm/Textures/T_Trims_B_ML.ubulk" 2977
"C:/Users/Shubham/Documents/Unreal Projects/ShooterSam/Content/StarterBundle/ModularSci_Comm/Textures/T_Trims_B_ML.uasset" 2978
"C:/Users/Shubham/Documents/Unreal Projects/ShooterSam/Content/StarterBundle/ModularSci_Comm/Textures/T_Trims_B_ML.uexp" 2979
"C:/Users/Shubham/Documents/Unreal Projects/ShooterSam/Content/StarterBundle/ModularSci_Comm/Textures/T_Trims_B_normals.ubulk" 2980
"C:/Users/Shubham/Documents/Unreal Projects/ShooterSam/Content/StarterBundle/ModularSci_Comm/Textures/T_Trims_B_normals.uasset" 2981
"C:/Users/Shubham/Documents/Unreal Projects/ShooterSam/Content/StarterBundle/ModularSci_Comm/Textures/T_Trims_B_normals.uexp" 2982
"C:/Users/Shubham/Documents/Unreal Projects/ShooterSam/Content/StarterBundle/ModularSci_Comm/Materials/MI_Trims_B.uasset" 2983
"C:/Users/Shubham/Documents/Unreal Projects/ShooterSam/Content/StarterBundle/ModularSci_Comm/Materials/MI_Trims_B.uexp" 2984
"C:/Users/Shubham/Documents/Unreal Projects/ShooterSam/Content/StarterBundle/ModularSci_Comm/Materials/MI_Trims_B_Gray.uasset" 2985
"C:/Users/Shubham/Documents/Unreal Projects/ShooterSam/Content/StarterBundle/ModularSci_Comm/Materials/MI_Trims_B_Gray.uexp" 2986
"C:/Users/Shubham/Documents/Unreal Projects/ShooterSam/Content/StarterBundle/ModularSci_Comm/Meshes/SM_Ceiling_Det_A.ubulk" 2987
"C:/Users/Shubham/Documents/Unreal Projects/ShooterSam/Content/StarterBundle/ModularSci_Comm/Meshes/SM_Ceiling_Det_A.uasset" 2988
"C:/Users/Shubham/Documents/Unreal Projects/ShooterSam/Content/StarterBundle/ModularSci_Comm/Meshes/SM_Ceiling_Det_A.uexp" 2989
"C:/Users/Shubham/Documents/Unreal Projects/ShooterSam/Content/StarterBundle/ModularSci_Comm/Meshes/SM_Ceiling_Det_B.ubulk" 2990
"C:/Users/Shubham/Documents/Unreal Projects/ShooterSam/Content/StarterBundle/ModularSci_Comm/Meshes/SM_Ceiling_Det_B.uasset" 2991
"C:/Users/Shubham/Documents/Unreal Projects/ShooterSam/Content/StarterBundle/ModularSci_Comm/Meshes/SM_Ceiling_Det_B.uexp" 2992
"C:/Users/Shubham/Documents/Unreal Projects/ShooterSam/Content/StarterBundle/ModularSci_Comm/Materials/MI_Trims_A.uasset" 2993
"C:/Users/Shubham/Documents/Unreal Projects/ShooterSam/Content/StarterBundle/ModularSci_Comm/Materials/MI_Trims_A.uexp" 2994
"C:/Users/Shubham/Documents/Unreal Projects/ShooterSam/Content/StarterBundle/ModularSci_Comm/Meshes/SM_Ceiling_Main_A.ubulk" 2995
"C:/Users/Shubham/Documents/Unreal Projects/ShooterSam/Content/StarterBundle/ModularSci_Comm/Meshes/SM_Ceiling_Main_A.uasset" 2996
"C:/Users/Shubham/Documents/Unreal Projects/ShooterSam/Content/StarterBundle/ModularSci_Comm/Meshes/SM_Ceiling_Main_A.uexp" 2997
"C:/Users/Shubham/Documents/Unreal Projects/ShooterSam/Content/StarterBundle/ModularSci_Comm/Meshes/SM_Ceiling_Main_B.ubulk" 2998
"C:/Users/Shubham/Documents/Unreal Projects/ShooterSam/Content/StarterBundle/ModularSci_Comm/Meshes/SM_Ceiling_Main_B.uasset" 2999
"C:/Users/Shubham/Documents/Unreal Projects/ShooterSam/Content/StarterBundle/ModularSci_Comm/Meshes/SM_Ceiling_Main_B.uexp" 3000
"C:/Users/Shubham/Documents/Unreal Projects/ShooterSam/Content/StarterBundle/ModularSci_Comm/Materials/MI_Solid_White_2.uasset" 3001
"C:/Users/Shubham/Documents/Unreal Projects/ShooterSam/Content/StarterBundle/ModularSci_Comm/Materials/MI_Solid_White_2.uexp" 3002
"C:/Users/Shubham/Documents/Unreal Projects/ShooterSam/Content/StarterBundle/ModularSci_Comm/Meshes/SM_Ceiling_Main_C.ubulk" 3003
"C:/Users/Shubham/Documents/Unreal Projects/ShooterSam/Content/StarterBundle/ModularSci_Comm/Meshes/SM_Ceiling_Main_C.uasset" 3004
"C:/Users/Shubham/Documents/Unreal Projects/ShooterSam/Content/StarterBundle/ModularSci_Comm/Meshes/SM_Ceiling_Main_C.uexp" 3005
"C:/Users/Shubham/Documents/Unreal Projects/ShooterSam/Content/StarterBundle/ModularSci_Comm/Meshes/SM_Ceiling_Main_D.ubulk" 3006
"C:/Users/Shubham/Documents/Unreal Projects/ShooterSam/Content/StarterBundle/ModularSci_Comm/Meshes/SM_Ceiling_Main_D.uasset" 3007
"C:/Users/Shubham/Documents/Unreal Projects/ShooterSam/Content/StarterBundle/ModularSci_Comm/Meshes/SM_Ceiling_Main_D.uexp" 3008
"C:/Users/Shubham/Documents/Unreal Projects/ShooterSam/Content/StarterBundle/ModularSci_Comm/Materials/MI_Trims_C_Light.uasset" 3009
"C:/Users/Shubham/Documents/Unreal Projects/ShooterSam/Content/StarterBundle/ModularSci_Comm/Materials/MI_Trims_C_Light.uexp" 3010
"C:/Users/Shubham/Documents/Unreal Projects/ShooterSam/Content/StarterBundle/ModularSci_Comm/Meshes/SM_Ceiling_OuterRing_A.ubulk" 3011
"C:/Users/Shubham/Documents/Unreal Projects/ShooterSam/Content/StarterBundle/ModularSci_Comm/Meshes/SM_Ceiling_OuterRing_A.uasset" 3012
"C:/Users/Shubham/Documents/Unreal Projects/ShooterSam/Content/StarterBundle/ModularSci_Comm/Meshes/SM_Ceiling_OuterRing_A.uexp" 3013
"C:/Users/Shubham/Documents/Unreal Projects/ShooterSam/Content/StarterBundle/ModularSci_Comm/Materials/MI_Solid_Gray.uasset" 3014
"C:/Users/Shubham/Documents/Unreal Projects/ShooterSam/Content/StarterBundle/ModularSci_Comm/Materials/MI_Solid_Gray.uexp" 3015
"C:/Users/Shubham/Documents/Unreal Projects/ShooterSam/Content/StarterBundle/ModularSci_Comm/Materials/MI_Trims_C_Light_Dirt2.uasset" 3016
"C:/Users/Shubham/Documents/Unreal Projects/ShooterSam/Content/StarterBundle/ModularSci_Comm/Materials/MI_Trims_C_Light_Dirt2.uexp" 3017
"C:/Users/Shubham/Documents/Unreal Projects/ShooterSam/Content/StarterBundle/ModularSci_Comm/Meshes/SM_Ceiling_OuterRing_B.ubulk" 3018
"C:/Users/Shubham/Documents/Unreal Projects/ShooterSam/Content/StarterBundle/ModularSci_Comm/Meshes/SM_Ceiling_OuterRing_B.uasset" 3019
"C:/Users/Shubham/Documents/Unreal Projects/ShooterSam/Content/StarterBundle/ModularSci_Comm/Meshes/SM_Ceiling_OuterRing_B.uexp" 3020
"C:/Users/Shubham/Documents/Unreal Projects/ShooterSam/Content/StarterBundle/ModularSci_Comm/Meshes/SM_Ceiling_OuterRing_C.ubulk" 3021
"C:/Users/Shubham/Documents/Unreal Projects/ShooterSam/Content/StarterBundle/ModularSci_Comm/Meshes/SM_Ceiling_OuterRing_C.uasset" 3022
"C:/Users/Shubham/Documents/Unreal Projects/ShooterSam/Content/StarterBundle/ModularSci_Comm/Meshes/SM_Ceiling_OuterRing_C.uexp" 3023
"C:/Users/Shubham/Documents/Unreal Projects/ShooterSam/Content/StarterBundle/ModularSci_Comm/Meshes/SM_Ceiling_OuterRing_D.ubulk" 3024
"C:/Users/Shubham/Documents/Unreal Projects/ShooterSam/Content/StarterBundle/ModularSci_Comm/Meshes/SM_Ceiling_OuterRing_D.uasset" 3025
"C:/Users/Shubham/Documents/Unreal Projects/ShooterSam/Content/StarterBundle/ModularSci_Comm/Meshes/SM_Ceiling_OuterRing_D.uexp" 3026
"C:/Users/Shubham/Documents/Unreal Projects/ShooterSam/Content/StarterBundle/ModularSci_Comm/Meshes/SM_Ceiling_Panel_A.ubulk" 3027
"C:/Users/Shubham/Documents/Unreal Projects/ShooterSam/Content/StarterBundle/ModularSci_Comm/Meshes/SM_Ceiling_Panel_A.uasset" 3028
"C:/Users/Shubham/Documents/Unreal Projects/ShooterSam/Content/StarterBundle/ModularSci_Comm/Meshes/SM_Ceiling_Panel_A.uexp" 3029
"C:/Users/Shubham/Documents/Unreal Projects/ShooterSam/Content/StarterBundle/ModularSci_Comm/Materials/MI_Trims_B_Black.uasset" 3030
"C:/Users/Shubham/Documents/Unreal Projects/ShooterSam/Content/StarterBundle/ModularSci_Comm/Materials/MI_Trims_B_Black.uexp" 3031
"C:/Users/Shubham/Documents/Unreal Projects/ShooterSam/Content/StarterBundle/ModularSci_Comm/Meshes/SM_Ceiling_Pipe_Large.ubulk" 3032
"C:/Users/Shubham/Documents/Unreal Projects/ShooterSam/Content/StarterBundle/ModularSci_Comm/Meshes/SM_Ceiling_Pipe_Large.uasset" 3033
"C:/Users/Shubham/Documents/Unreal Projects/ShooterSam/Content/StarterBundle/ModularSci_Comm/Meshes/SM_Ceiling_Pipe_Large.uexp" 3034
"C:/Users/Shubham/Documents/Unreal Projects/ShooterSam/Content/StarterBundle/ModularSci_Comm/Materials/MI_Pipes_A_Light_Shiny.uasset" 3035
"C:/Users/Shubham/Documents/Unreal Projects/ShooterSam/Content/StarterBundle/ModularSci_Comm/Materials/MI_Pipes_A_Light_Shiny.uexp" 3036
"C:/Users/Shubham/Documents/Unreal Projects/ShooterSam/Content/StarterBundle/ModularSci_Comm/Meshes/SM_Ceiling_Pipe_Small.ubulk" 3037
"C:/Users/Shubham/Documents/Unreal Projects/ShooterSam/Content/StarterBundle/ModularSci_Comm/Meshes/SM_Ceiling_Pipe_Small.uasset" 3038
"C:/Users/Shubham/Documents/Unreal Projects/ShooterSam/Content/StarterBundle/ModularSci_Comm/Meshes/SM_Ceiling_Pipe_Small.uexp" 3039
"C:/Users/Shubham/Documents/Unreal Projects/ShooterSam/Content/StarterBundle/ModularSci_Comm/Meshes/SM_Ceiling_Ring_A1.ubulk" 3040
"C:/Users/Shubham/Documents/Unreal Projects/ShooterSam/Content/StarterBundle/ModularSci_Comm/Meshes/SM_Ceiling_Ring_A1.uasset" 3041
"C:/Users/Shubham/Documents/Unreal Projects/ShooterSam/Content/StarterBundle/ModularSci_Comm/Meshes/SM_Ceiling_Ring_A1.uexp" 3042
"C:/Users/Shubham/Documents/Unreal Projects/ShooterSam/Content/StarterBundle/ModularSci_Comm/Meshes/SM_Ceiling_Ring_A2.ubulk" 3043
"C:/Users/Shubham/Documents/Unreal Projects/ShooterSam/Content/StarterBundle/ModularSci_Comm/Meshes/SM_Ceiling_Ring_A2.uasset" 3044
"C:/Users/Shubham/Documents/Unreal Projects/ShooterSam/Content/StarterBundle/ModularSci_Comm/Meshes/SM_Ceiling_Ring_A2.uexp" 3045
"C:/Users/Shubham/Documents/Unreal Projects/ShooterSam/Content/StarterBundle/ModularSci_Comm/Meshes/SM_Ceiling_Sides_A.ubulk" 3046
"C:/Users/Shubham/Documents/Unreal Projects/ShooterSam/Content/StarterBundle/ModularSci_Comm/Meshes/SM_Ceiling_Sides_A.uasset" 3047
"C:/Users/Shubham/Documents/Unreal Projects/ShooterSam/Content/StarterBundle/ModularSci_Comm/Meshes/SM_Ceiling_Sides_A.uexp" 3048
"C:/Users/Shubham/Documents/Unreal Projects/ShooterSam/Content/StarterBundle/ModularSci_Comm/Meshes/SM_Ceiling_Window_A.ubulk" 3049
"C:/Users/Shubham/Documents/Unreal Projects/ShooterSam/Content/StarterBundle/ModularSci_Comm/Meshes/SM_Ceiling_Window_A.uasset" 3050
"C:/Users/Shubham/Documents/Unreal Projects/ShooterSam/Content/StarterBundle/ModularSci_Comm/Meshes/SM_Ceiling_Window_A.uexp" 3051
"C:/Users/Shubham/Documents/Unreal Projects/ShooterSam/Content/StarterBundle/ModularSci_Comm/Materials/MI_Glass_Ceiling.uasset" 3052
"C:/Users/Shubham/Documents/Unreal Projects/ShooterSam/Content/StarterBundle/ModularSci_Comm/Materials/MI_Glass_Ceiling.uexp" 3053
"C:/Users/Shubham/Documents/Unreal Projects/ShooterSam/Content/StarterBundle/ModularSci_Comm/Meshes/SM_Ceiling_Window_A_Glass.ubulk" 3054
"C:/Users/Shubham/Documents/Unreal Projects/ShooterSam/Content/StarterBundle/ModularSci_Comm/Meshes/SM_Ceiling_Window_A_Glass.uasset" 3055
"C:/Users/Shubham/Documents/Unreal Projects/ShooterSam/Content/StarterBundle/ModularSci_Comm/Meshes/SM_Ceiling_Window_A_Glass.uexp" 3056
"C:/Users/Shubham/Documents/Unreal Projects/ShooterSam/Content/StarterBundle/ModularSci_Comm/Materials/MI_ShinyBlack.uasset" 3057
"C:/Users/Shubham/Documents/Unreal Projects/ShooterSam/Content/StarterBundle/ModularSci_Comm/Materials/MI_ShinyBlack.uexp" 3058
"C:/Users/Shubham/Documents/Unreal Projects/ShooterSam/Content/StarterBundle/ModularSci_Comm/Meshes/SM_Floor_Center_A1.ubulk" 3059
"C:/Users/Shubham/Documents/Unreal Projects/ShooterSam/Content/StarterBundle/ModularSci_Comm/Meshes/SM_Floor_Center_A1.uasset" 3060
"C:/Users/Shubham/Documents/Unreal Projects/ShooterSam/Content/StarterBundle/ModularSci_Comm/Meshes/SM_Floor_Center_A1.uexp" 3061
"C:/Users/Shubham/Documents/Unreal Projects/ShooterSam/Content/StarterBundle/ModularSci_Comm/Materials/MI_Trims_C_Gray.uasset" 3062
"C:/Users/Shubham/Documents/Unreal Projects/ShooterSam/Content/StarterBundle/ModularSci_Comm/Materials/MI_Trims_C_Gray.uexp" 3063
"C:/Users/Shubham/Documents/Unreal Projects/ShooterSam/Content/StarterBundle/ModularSci_Comm/Meshes/SM_Floor_Center_A2.ubulk" 3064
"C:/Users/Shubham/Documents/Unreal Projects/ShooterSam/Content/StarterBundle/ModularSci_Comm/Meshes/SM_Floor_Center_A2.uasset" 3065
"C:/Users/Shubham/Documents/Unreal Projects/ShooterSam/Content/StarterBundle/ModularSci_Comm/Meshes/SM_Floor_Center_A2.uexp" 3066
"C:/Users/Shubham/Documents/Unreal Projects/ShooterSam/Content/StarterBundle/ModularSci_Comm/Meshes/SM_Floor_Center_A3.ubulk" 3067
"C:/Users/Shubham/Documents/Unreal Projects/ShooterSam/Content/StarterBundle/ModularSci_Comm/Meshes/SM_Floor_Center_A3.uasset" 3068
"C:/Users/Shubham/Documents/Unreal Projects/ShooterSam/Content/StarterBundle/ModularSci_Comm/Meshes/SM_Floor_Center_A3.uexp" 3069
"C:/Users/Shubham/Documents/Unreal Projects/ShooterSam/Content/StarterBundle/ModularSci_Comm/Materials/MI_Floor_Black.uasset" 3070
"C:/Users/Shubham/Documents/Unreal Projects/ShooterSam/Content/StarterBundle/ModularSci_Comm/Materials/MI_Floor_Black.uexp" 3071
"C:/Users/Shubham/Documents/Unreal Projects/ShooterSam/Content/StarterBundle/ModularSci_Comm/Meshes/SM_Floor_Center_B.ubulk" 3072
"C:/Users/Shubham/Documents/Unreal Projects/ShooterSam/Content/StarterBundle/ModularSci_Comm/Meshes/SM_Floor_Center_B.uasset" 3073
"C:/Users/Shubham/Documents/Unreal Projects/ShooterSam/Content/StarterBundle/ModularSci_Comm/Meshes/SM_Floor_Center_B.uexp" 3074
"C:/Users/Shubham/Documents/Unreal Projects/ShooterSam/Content/StarterBundle/ModularSci_Comm/Meshes/SM_Floor_Center_Pipes_A.ubulk" 3075
"C:/Users/Shubham/Documents/Unreal Projects/ShooterSam/Content/StarterBundle/ModularSci_Comm/Meshes/SM_Floor_Center_Pipes_A.uasset" 3076
"C:/Users/Shubham/Documents/Unreal Projects/ShooterSam/Content/StarterBundle/ModularSci_Comm/Meshes/SM_Floor_Center_Pipes_A.uexp" 3077
"C:/Users/Shubham/Documents/Unreal Projects/ShooterSam/Content/StarterBundle/ModularSci_Comm/Meshes/SM_Floor_Filler.ubulk" 3078
"C:/Users/Shubham/Documents/Unreal Projects/ShooterSam/Content/StarterBundle/ModularSci_Comm/Meshes/SM_Floor_Filler.uasset" 3079
"C:/Users/Shubham/Documents/Unreal Projects/ShooterSam/Content/StarterBundle/ModularSci_Comm/Meshes/SM_Floor_Filler.uexp" 3080
"C:/Users/Shubham/Documents/Unreal Projects/ShooterSam/Content/StarterBundle/ModularSci_Comm/Materials/MI_Trims_C_FloorBlack_Det.uasset" 3081
"C:/Users/Shubham/Documents/Unreal Projects/ShooterSam/Content/StarterBundle/ModularSci_Comm/Materials/MI_Trims_C_FloorBlack_Det.uexp" 3082
"C:/Users/Shubham/Documents/Unreal Projects/ShooterSam/Content/StarterBundle/ModularSci_Comm/Meshes/SM_Floor_Panel_A1.ubulk" 3083
"C:/Users/Shubham/Documents/Unreal Projects/ShooterSam/Content/StarterBundle/ModularSci_Comm/Meshes/SM_Floor_Panel_A1.uasset" 3084
"C:/Users/Shubham/Documents/Unreal Projects/ShooterSam/Content/StarterBundle/ModularSci_Comm/Meshes/SM_Floor_Panel_A1.uexp" 3085
"C:/Users/Shubham/Documents/Unreal Projects/ShooterSam/Content/StarterBundle/ModularSci_Comm/Meshes/SM_Floor_Panel_A2.ubulk" 3086
"C:/Users/Shubham/Documents/Unreal Projects/ShooterSam/Content/StarterBundle/ModularSci_Comm/Meshes/SM_Floor_Panel_A2.uasset" 3087
"C:/Users/Shubham/Documents/Unreal Projects/ShooterSam/Content/StarterBundle/ModularSci_Comm/Meshes/SM_Floor_Panel_A2.uexp" 3088
"C:/Users/Shubham/Documents/Unreal Projects/ShooterSam/Content/StarterBundle/ModularSci_Comm/Meshes/SM_Floor_Panel_A3.ubulk" 3089
"C:/Users/Shubham/Documents/Unreal Projects/ShooterSam/Content/StarterBundle/ModularSci_Comm/Meshes/SM_Floor_Panel_A3.uasset" 3090
"C:/Users/Shubham/Documents/Unreal Projects/ShooterSam/Content/StarterBundle/ModularSci_Comm/Meshes/SM_Floor_Panel_A3.uexp" 3091
"C:/Users/Shubham/Documents/Unreal Projects/ShooterSam/Content/StarterBundle/ModularSci_Comm/Meshes/SM_Floor_Panel_A4.ubulk" 3092
"C:/Users/Shubham/Documents/Unreal Projects/ShooterSam/Content/StarterBundle/ModularSci_Comm/Meshes/SM_Floor_Panel_A4.uasset" 3093
"C:/Users/Shubham/Documents/Unreal Projects/ShooterSam/Content/StarterBundle/ModularSci_Comm/Meshes/SM_Floor_Panel_A4.uexp" 3094
"C:/Users/Shubham/Documents/Unreal Projects/ShooterSam/Content/StarterBundle/ModularSci_Comm/Meshes/SM_Floor_Sides_A.ubulk" 3095
"C:/Users/Shubham/Documents/Unreal Projects/ShooterSam/Content/StarterBundle/ModularSci_Comm/Meshes/SM_Floor_Sides_A.uasset" 3096
"C:/Users/Shubham/Documents/Unreal Projects/ShooterSam/Content/StarterBundle/ModularSci_Comm/Meshes/SM_Floor_Sides_A.uexp" 3097
"C:/Users/Shubham/Documents/Unreal Projects/ShooterSam/Content/StarterBundle/ModularSci_Comm/Meshes/SM_Floor_Window_A.ubulk" 3098
"C:/Users/Shubham/Documents/Unreal Projects/ShooterSam/Content/StarterBundle/ModularSci_Comm/Meshes/SM_Floor_Window_A.uasset" 3099
"C:/Users/Shubham/Documents/Unreal Projects/ShooterSam/Content/StarterBundle/ModularSci_Comm/Meshes/SM_Floor_Window_A.uexp" 3100
"C:/Users/Shubham/Documents/Unreal Projects/ShooterSam/Content/StarterBundle/ModularSci_Comm/Meshes/SM_Floor_Window_B.ubulk" 3101
"C:/Users/Shubham/Documents/Unreal Projects/ShooterSam/Content/StarterBundle/ModularSci_Comm/Meshes/SM_Floor_Window_B.uasset" 3102
"C:/Users/Shubham/Documents/Unreal Projects/ShooterSam/Content/StarterBundle/ModularSci_Comm/Meshes/SM_Floor_Window_B.uexp" 3103
"C:/Users/Shubham/Documents/Unreal Projects/ShooterSam/Content/StarterBundle/ModularSci_Comm/Materials/MI_Trims_C_Gray_Dirt.uasset" 3104
"C:/Users/Shubham/Documents/Unreal Projects/ShooterSam/Content/StarterBundle/ModularSci_Comm/Materials/MI_Trims_C_Gray_Dirt.uexp" 3105
"C:/Users/Shubham/Documents/Unreal Projects/ShooterSam/Content/StarterBundle/ModularSci_Comm/Meshes/SM_Floor_Window_C.ubulk" 3106
"C:/Users/Shubham/Documents/Unreal Projects/ShooterSam/Content/StarterBundle/ModularSci_Comm/Meshes/SM_Floor_Window_C.uasset" 3107
"C:/Users/Shubham/Documents/Unreal Projects/ShooterSam/Content/StarterBundle/ModularSci_Comm/Meshes/SM_Floor_Window_C.uexp" 3108
"C:/Users/Shubham/Documents/Unreal Projects/ShooterSam/Content/StarterBundle/ModularSci_Comm/Meshes/SM_Floor_Window_D.ubulk" 3109
"C:/Users/Shubham/Documents/Unreal Projects/ShooterSam/Content/StarterBundle/ModularSci_Comm/Meshes/SM_Floor_Window_D.uasset" 3110
"C:/Users/Shubham/Documents/Unreal Projects/ShooterSam/Content/StarterBundle/ModularSci_Comm/Meshes/SM_Floor_Window_D.uexp" 3111
"C:/Users/Shubham/Documents/Unreal Projects/ShooterSam/Content/StarterBundle/ModularSci_Comm/Materials/MI_Trims_C_LightGray2.uasset" 3112
"C:/Users/Shubham/Documents/Unreal Projects/ShooterSam/Content/StarterBundle/ModularSci_Comm/Materials/MI_Trims_C_LightGray2.uexp" 3113
"C:/Users/Shubham/Documents/Unreal Projects/ShooterSam/Content/StarterBundle/ModularSci_Comm/Materials/M_Base_SolidLight.uasset" 3114
"C:/Users/Shubham/Documents/Unreal Projects/ShooterSam/Content/StarterBundle/ModularSci_Comm/Materials/M_Base_SolidLight.uexp" 3115
"C:/Users/Shubham/Documents/Unreal Projects/ShooterSam/Content/StarterBundle/ModularSci_Comm/Materials/MI_Light_White_Brighter.uasset" 3116
"C:/Users/Shubham/Documents/Unreal Projects/ShooterSam/Content/StarterBundle/ModularSci_Comm/Materials/MI_Light_White_Brighter.uexp" 3117
"C:/Users/Shubham/Documents/Unreal Projects/ShooterSam/Content/StarterBundle/ModularSci_Comm/Meshes/SM_Light_A.ubulk" 3118
"C:/Users/Shubham/Documents/Unreal Projects/ShooterSam/Content/StarterBundle/ModularSci_Comm/Meshes/SM_Light_A.uasset" 3119
"C:/Users/Shubham/Documents/Unreal Projects/ShooterSam/Content/StarterBundle/ModularSci_Comm/Meshes/SM_Light_A.uexp" 3120
"C:/Users/Shubham/Documents/Unreal Projects/ShooterSam/Content/StarterBundle/ModularSci_Comm/Materials/MI_Light_White.uasset" 3121
"C:/Users/Shubham/Documents/Unreal Projects/ShooterSam/Content/StarterBundle/ModularSci_Comm/Materials/MI_Light_White.uexp" 3122
"C:/Users/Shubham/Documents/Unreal Projects/ShooterSam/Content/StarterBundle/ModularSci_Comm/Meshes/SM_Light_B.ubulk" 3123
"C:/Users/Shubham/Documents/Unreal Projects/ShooterSam/Content/StarterBundle/ModularSci_Comm/Meshes/SM_Light_B.uasset" 3124
"C:/Users/Shubham/Documents/Unreal Projects/ShooterSam/Content/StarterBundle/ModularSci_Comm/Meshes/SM_Light_B.uexp" 3125
"C:/Users/Shubham/Documents/Unreal Projects/ShooterSam/Content/StarterBundle/ModularSci_Comm/Materials/MI_Trims_C_Light_Dirt.uasset" 3126
"C:/Users/Shubham/Documents/Unreal Projects/ShooterSam/Content/StarterBundle/ModularSci_Comm/Materials/MI_Trims_C_Light_Dirt.uexp" 3127
"C:/Users/Shubham/Documents/Unreal Projects/ShooterSam/Content/StarterBundle/ModularSci_Comm/Materials/MI_FlatBlack.uasset" 3128
"C:/Users/Shubham/Documents/Unreal Projects/ShooterSam/Content/StarterBundle/ModularSci_Comm/Materials/MI_FlatBlack.uexp" 3129
"C:/Users/Shubham/Documents/Unreal Projects/ShooterSam/Content/StarterBundle/ModularSci_Comm/Meshes/SM_Railing_Center.ubulk" 3130
"C:/Users/Shubham/Documents/Unreal Projects/ShooterSam/Content/StarterBundle/ModularSci_Comm/Meshes/SM_Railing_Center.uasset" 3131
"C:/Users/Shubham/Documents/Unreal Projects/ShooterSam/Content/StarterBundle/ModularSci_Comm/Meshes/SM_Railing_Center.uexp" 3132
"C:/Users/Shubham/Documents/Unreal Projects/ShooterSam/Content/StarterBundle/ModularSci_Comm/Meshes/SM_Railing_Window.ubulk" 3133
"C:/Users/Shubham/Documents/Unreal Projects/ShooterSam/Content/StarterBundle/ModularSci_Comm/Meshes/SM_Railing_Window.uasset" 3134
"C:/Users/Shubham/Documents/Unreal Projects/ShooterSam/Content/StarterBundle/ModularSci_Comm/Meshes/SM_Railing_Window.uexp" 3135
"C:/Users/Shubham/Documents/Unreal Projects/ShooterSam/Content/StarterBundle/ModularSci_Comm/Meshes/SM_Stairs_A1.ubulk" 3136
"C:/Users/Shubham/Documents/Unreal Projects/ShooterSam/Content/StarterBundle/ModularSci_Comm/Meshes/SM_Stairs_A1.uasset" 3137
"C:/Users/Shubham/Documents/Unreal Projects/ShooterSam/Content/StarterBundle/ModularSci_Comm/Meshes/SM_Stairs_A1.uexp" 3138
"C:/Users/Shubham/Documents/Unreal Projects/ShooterSam/Content/StarterBundle/ModularSci_Comm/Meshes/SM_Stairs_A_Straight.ubulk" 3139
"C:/Users/Shubham/Documents/Unreal Projects/ShooterSam/Content/StarterBundle/ModularSci_Comm/Meshes/SM_Stairs_A_Straight.uasset" 3140
"C:/Users/Shubham/Documents/Unreal Projects/ShooterSam/Content/StarterBundle/ModularSci_Comm/Meshes/SM_Stairs_A_Straight.uexp" 3141
"C:/Users/Shubham/Documents/Unreal Projects/ShooterSam/Content/StarterBundle/ModularSci_Comm/Textures/T_Lights_EM.ubulk" 3142
"C:/Users/Shubham/Documents/Unreal Projects/ShooterSam/Content/StarterBundle/ModularSci_Comm/Textures/T_Lights_EM.uasset" 3143
"C:/Users/Shubham/Documents/Unreal Projects/ShooterSam/Content/StarterBundle/ModularSci_Comm/Textures/T_Lights_EM.uexp" 3144
"C:/Users/Shubham/Documents/Unreal Projects/ShooterSam/Content/StarterBundle/ModularSci_Comm/Materials/M_Lights.uasset" 3145
"C:/Users/Shubham/Documents/Unreal Projects/ShooterSam/Content/StarterBundle/ModularSci_Comm/Materials/M_Lights.uexp" 3146
"C:/Users/Shubham/Documents/Unreal Projects/ShooterSam/Content/StarterBundle/ModularSci_Comm/Materials/MI_Lights_A.uasset" 3147
"C:/Users/Shubham/Documents/Unreal Projects/ShooterSam/Content/StarterBundle/ModularSci_Comm/Materials/MI_Lights_A.uexp" 3148
"C:/Users/Shubham/Documents/Unreal Projects/ShooterSam/Content/StarterBundle/ModularSci_Comm/Materials/MI_Light_Orange.uasset" 3149
"C:/Users/Shubham/Documents/Unreal Projects/ShooterSam/Content/StarterBundle/ModularSci_Comm/Materials/MI_Light_Orange.uexp" 3150
"C:/Users/Shubham/Documents/Unreal Projects/ShooterSam/Content/StarterBundle/ModularSci_Comm/Meshes/SM_Terminal_A.ubulk" 3151
"C:/Users/Shubham/Documents/Unreal Projects/ShooterSam/Content/StarterBundle/ModularSci_Comm/Meshes/SM_Terminal_A.uasset" 3152
"C:/Users/Shubham/Documents/Unreal Projects/ShooterSam/Content/StarterBundle/ModularSci_Comm/Meshes/SM_Terminal_A.uexp" 3153
"C:/Users/Shubham/Documents/Unreal Projects/ShooterSam/Content/StarterBundle/ModularSci_Comm/Textures/T_Terminal_UI.ubulk" 3154
"C:/Users/Shubham/Documents/Unreal Projects/ShooterSam/Content/StarterBundle/ModularSci_Comm/Textures/T_Terminal_UI.uasset" 3155
"C:/Users/Shubham/Documents/Unreal Projects/ShooterSam/Content/StarterBundle/ModularSci_Comm/Textures/T_Terminal_UI.uexp" 3156
"C:/Users/Shubham/Documents/Unreal Projects/ShooterSam/Content/StarterBundle/ModularSci_Comm/Materials/MI_Terminal_A_UI_1.uasset" 3157
"C:/Users/Shubham/Documents/Unreal Projects/ShooterSam/Content/StarterBundle/ModularSci_Comm/Materials/MI_Terminal_A_UI_1.uexp" 3158
"C:/Users/Shubham/Documents/Unreal Projects/ShooterSam/Content/StarterBundle/ModularSci_Comm/Textures/T_Terminal_UI_Blur.ubulk" 3159
"C:/Users/Shubham/Documents/Unreal Projects/ShooterSam/Content/StarterBundle/ModularSci_Comm/Textures/T_Terminal_UI_Blur.uasset" 3160
"C:/Users/Shubham/Documents/Unreal Projects/ShooterSam/Content/StarterBundle/ModularSci_Comm/Textures/T_Terminal_UI_Blur.uexp" 3161
"C:/Users/Shubham/Documents/Unreal Projects/ShooterSam/Content/StarterBundle/ModularSci_Comm/Materials/MI_Terminal_A_UI_1B.uasset" 3162
"C:/Users/Shubham/Documents/Unreal Projects/ShooterSam/Content/StarterBundle/ModularSci_Comm/Materials/MI_Terminal_A_UI_1B.uexp" 3163
"C:/Users/Shubham/Documents/Unreal Projects/ShooterSam/Content/StarterBundle/ModularSci_Comm/Textures/T_Terminal_UI_Trim.ubulk" 3164
"C:/Users/Shubham/Documents/Unreal Projects/ShooterSam/Content/StarterBundle/ModularSci_Comm/Textures/T_Terminal_UI_Trim.uasset" 3165
"C:/Users/Shubham/Documents/Unreal Projects/ShooterSam/Content/StarterBundle/ModularSci_Comm/Textures/T_Terminal_UI_Trim.uexp" 3166
"C:/Users/Shubham/Documents/Unreal Projects/ShooterSam/Content/StarterBundle/ModularSci_Comm/Materials/MI_Terminal_A_UI_Trim.uasset" 3167
"C:/Users/Shubham/Documents/Unreal Projects/ShooterSam/Content/StarterBundle/ModularSci_Comm/Materials/MI_Terminal_A_UI_Trim.uexp" 3168
"C:/Users/Shubham/Documents/Unreal Projects/ShooterSam/Content/StarterBundle/ModularSci_Comm/Textures/T_Terminal_UI_Trim_Blur.ubulk" 3169
"C:/Users/Shubham/Documents/Unreal Projects/ShooterSam/Content/StarterBundle/ModularSci_Comm/Textures/T_Terminal_UI_Trim_Blur.uasset" 3170
"C:/Users/Shubham/Documents/Unreal Projects/ShooterSam/Content/StarterBundle/ModularSci_Comm/Textures/T_Terminal_UI_Trim_Blur.uexp" 3171
"C:/Users/Shubham/Documents/Unreal Projects/ShooterSam/Content/StarterBundle/ModularSci_Comm/Materials/MI_Terminal_A_UI_TrimB.uasset" 3172
"C:/Users/Shubham/Documents/Unreal Projects/ShooterSam/Content/StarterBundle/ModularSci_Comm/Materials/MI_Terminal_A_UI_TrimB.uexp" 3173
"C:/Users/Shubham/Documents/Unreal Projects/ShooterSam/Content/StarterBundle/ModularSci_Comm/Materials/MI_Terminal_A_UI_Trim_Pan.uasset" 3174
"C:/Users/Shubham/Documents/Unreal Projects/ShooterSam/Content/StarterBundle/ModularSci_Comm/Materials/MI_Terminal_A_UI_Trim_Pan.uexp" 3175
"C:/Users/Shubham/Documents/Unreal Projects/ShooterSam/Content/StarterBundle/ModularSci_Comm/Meshes/SM_Terminal_A_UI.ubulk" 3176
"C:/Users/Shubham/Documents/Unreal Projects/ShooterSam/Content/StarterBundle/ModularSci_Comm/Meshes/SM_Terminal_A_UI.uasset" 3177
"C:/Users/Shubham/Documents/Unreal Projects/ShooterSam/Content/StarterBundle/ModularSci_Comm/Meshes/SM_Terminal_A_UI.uexp" 3178
"C:/Users/Shubham/Documents/Unreal Projects/ShooterSam/Content/StarterBundle/ModularSci_Comm/Meshes/SM_Wall_A.ubulk" 3179
"C:/Users/Shubham/Documents/Unreal Projects/ShooterSam/Content/StarterBundle/ModularSci_Comm/Meshes/SM_Wall_A.uasset" 3180
"C:/Users/Shubham/Documents/Unreal Projects/ShooterSam/Content/StarterBundle/ModularSci_Comm/Meshes/SM_Wall_A.uexp" 3181
"C:/Users/Shubham/Documents/Unreal Projects/ShooterSam/Content/StarterBundle/ModularSci_Comm/Meshes/SM_Wall_B.ubulk" 3182
"C:/Users/Shubham/Documents/Unreal Projects/ShooterSam/Content/StarterBundle/ModularSci_Comm/Meshes/SM_Wall_B.uasset" 3183
"C:/Users/Shubham/Documents/Unreal Projects/ShooterSam/Content/StarterBundle/ModularSci_Comm/Meshes/SM_Wall_B.uexp" 3184
"C:/Users/Shubham/Documents/Unreal Projects/ShooterSam/Content/StarterBundle/ModularSci_Comm/Meshes/SM_Wall_Border_A.ubulk" 3185
"C:/Users/Shubham/Documents/Unreal Projects/ShooterSam/Content/StarterBundle/ModularSci_Comm/Meshes/SM_Wall_Border_A.uasset" 3186
"C:/Users/Shubham/Documents/Unreal Projects/ShooterSam/Content/StarterBundle/ModularSci_Comm/Meshes/SM_Wall_Border_A.uexp" 3187
"C:/Users/Shubham/Documents/Unreal Projects/ShooterSam/Content/StarterBundle/ModularSci_Comm/Meshes/SM_Wall_Border_B.ubulk" 3188
"C:/Users/Shubham/Documents/Unreal Projects/ShooterSam/Content/StarterBundle/ModularSci_Comm/Meshes/SM_Wall_Border_B.uasset" 3189
"C:/Users/Shubham/Documents/Unreal Projects/ShooterSam/Content/StarterBundle/ModularSci_Comm/Meshes/SM_Wall_Border_B.uexp" 3190
"C:/Users/Shubham/Documents/Unreal Projects/ShooterSam/Content/StarterBundle/ModularSci_Comm/Meshes/SM_Wall_C.ubulk" 3191
"C:/Users/Shubham/Documents/Unreal Projects/ShooterSam/Content/StarterBundle/ModularSci_Comm/Meshes/SM_Wall_C.uasset" 3192
"C:/Users/Shubham/Documents/Unreal Projects/ShooterSam/Content/StarterBundle/ModularSci_Comm/Meshes/SM_Wall_C.uexp" 3193
"C:/Users/Shubham/Documents/Unreal Projects/ShooterSam/Content/StarterBundle/ModularSci_Comm/Meshes/SM_Wall_Center_A.ubulk" 3194
"C:/Users/Shubham/Documents/Unreal Projects/ShooterSam/Content/StarterBundle/ModularSci_Comm/Meshes/SM_Wall_Center_A.uasset" 3195
"C:/Users/Shubham/Documents/Unreal Projects/ShooterSam/Content/StarterBundle/ModularSci_Comm/Meshes/SM_Wall_Center_A.uexp" 3196
"C:/Users/Shubham/Documents/Unreal Projects/ShooterSam/Content/StarterBundle/ModularSci_Comm/Meshes/SM_Wall_Center_B.ubulk" 3197
"C:/Users/Shubham/Documents/Unreal Projects/ShooterSam/Content/StarterBundle/ModularSci_Comm/Meshes/SM_Wall_Center_B.uasset" 3198
"C:/Users/Shubham/Documents/Unreal Projects/ShooterSam/Content/StarterBundle/ModularSci_Comm/Meshes/SM_Wall_Center_B.uexp" 3199
"C:/Users/Shubham/Documents/Unreal Projects/ShooterSam/Content/StarterBundle/ModularSci_Comm/Meshes/SM_Wall_Corner_A.ubulk" 3200
"C:/Users/Shubham/Documents/Unreal Projects/ShooterSam/Content/StarterBundle/ModularSci_Comm/Meshes/SM_Wall_Corner_A.uasset" 3201
"C:/Users/Shubham/Documents/Unreal Projects/ShooterSam/Content/StarterBundle/ModularSci_Comm/Meshes/SM_Wall_Corner_A.uexp" 3202
"C:/Users/Shubham/Documents/Unreal Projects/ShooterSam/Content/StarterBundle/ModularSci_Comm/Materials/MI_Trims_C_FloorDarkGray.uasset" 3203
"C:/Users/Shubham/Documents/Unreal Projects/ShooterSam/Content/StarterBundle/ModularSci_Comm/Materials/MI_Trims_C_FloorDarkGray.uexp" 3204
"C:/Users/Shubham/Documents/Unreal Projects/ShooterSam/Content/StarterBundle/ModularSci_Comm/Meshes/SM_Wall_Corner_B.ubulk" 3205
"C:/Users/Shubham/Documents/Unreal Projects/ShooterSam/Content/StarterBundle/ModularSci_Comm/Meshes/SM_Wall_Corner_B.uasset" 3206
"C:/Users/Shubham/Documents/Unreal Projects/ShooterSam/Content/StarterBundle/ModularSci_Comm/Meshes/SM_Wall_Corner_B.uexp" 3207
"C:/Users/Shubham/Documents/Unreal Projects/ShooterSam/Content/StarterBundle/ModularSci_Comm/Meshes/SM_Wall_D.ubulk" 3208
"C:/Users/Shubham/Documents/Unreal Projects/ShooterSam/Content/StarterBundle/ModularSci_Comm/Meshes/SM_Wall_D.uasset" 3209
"C:/Users/Shubham/Documents/Unreal Projects/ShooterSam/Content/StarterBundle/ModularSci_Comm/Meshes/SM_Wall_D.uexp" 3210
"C:/Users/Shubham/Documents/Unreal Projects/ShooterSam/Content/StarterBundle/ModularSci_Comm/Meshes/SM_Wall_Detail_A.ubulk" 3211
"C:/Users/Shubham/Documents/Unreal Projects/ShooterSam/Content/StarterBundle/ModularSci_Comm/Meshes/SM_Wall_Detail_A.uasset" 3212
"C:/Users/Shubham/Documents/Unreal Projects/ShooterSam/Content/StarterBundle/ModularSci_Comm/Meshes/SM_Wall_Detail_A.uexp" 3213
"C:/Users/Shubham/Documents/Unreal Projects/ShooterSam/Content/StarterBundle/ModularSci_Comm/Meshes/SM_Wall_Det_DoorBig_B.ubulk" 3214
"C:/Users/Shubham/Documents/Unreal Projects/ShooterSam/Content/StarterBundle/ModularSci_Comm/Meshes/SM_Wall_Det_DoorBig_B.uasset" 3215
"C:/Users/Shubham/Documents/Unreal Projects/ShooterSam/Content/StarterBundle/ModularSci_Comm/Meshes/SM_Wall_Det_DoorBig_B.uexp" 3216
"C:/Users/Shubham/Documents/Unreal Projects/ShooterSam/Content/StarterBundle/ModularSci_Comm/Meshes/SM_Wall_Det_DoorBig_C.ubulk" 3217
"C:/Users/Shubham/Documents/Unreal Projects/ShooterSam/Content/StarterBundle/ModularSci_Comm/Meshes/SM_Wall_Det_DoorBig_C.uasset" 3218
"C:/Users/Shubham/Documents/Unreal Projects/ShooterSam/Content/StarterBundle/ModularSci_Comm/Meshes/SM_Wall_Det_DoorBig_C.uexp" 3219
"C:/Users/Shubham/Documents/Unreal Projects/ShooterSam/Content/StarterBundle/ModularSci_Comm/Meshes/SM_Wall_Det_DoorBig_D.ubulk" 3220
"C:/Users/Shubham/Documents/Unreal Projects/ShooterSam/Content/StarterBundle/ModularSci_Comm/Meshes/SM_Wall_Det_DoorBig_D.uasset" 3221
"C:/Users/Shubham/Documents/Unreal Projects/ShooterSam/Content/StarterBundle/ModularSci_Comm/Meshes/SM_Wall_Det_DoorBig_D.uexp" 3222
"C:/Users/Shubham/Documents/Unreal Projects/ShooterSam/Content/StarterBundle/ModularSci_Comm/Meshes/SM_Wall_Det_DoorBig_E.ubulk" 3223
"C:/Users/Shubham/Documents/Unreal Projects/ShooterSam/Content/StarterBundle/ModularSci_Comm/Meshes/SM_Wall_Det_DoorBig_E.uasset" 3224
"C:/Users/Shubham/Documents/Unreal Projects/ShooterSam/Content/StarterBundle/ModularSci_Comm/Meshes/SM_Wall_Det_DoorBig_E.uexp" 3225
"C:/Users/Shubham/Documents/Unreal Projects/ShooterSam/Content/StarterBundle/ModularSci_Comm/Meshes/SM_Wall_Det_DoorBig_F.ubulk" 3226
"C:/Users/Shubham/Documents/Unreal Projects/ShooterSam/Content/StarterBundle/ModularSci_Comm/Meshes/SM_Wall_Det_DoorBig_F.uasset" 3227
"C:/Users/Shubham/Documents/Unreal Projects/ShooterSam/Content/StarterBundle/ModularSci_Comm/Meshes/SM_Wall_Det_DoorBig_F.uexp" 3228
"C:/Users/Shubham/Documents/Unreal Projects/ShooterSam/Content/StarterBundle/ModularSci_Comm/Meshes/SM_Wall_Det_DoorSmall_B.ubulk" 3229
"C:/Users/Shubham/Documents/Unreal Projects/ShooterSam/Content/StarterBundle/ModularSci_Comm/Meshes/SM_Wall_Det_DoorSmall_B.uasset" 3230
"C:/Users/Shubham/Documents/Unreal Projects/ShooterSam/Content/StarterBundle/ModularSci_Comm/Meshes/SM_Wall_Det_DoorSmall_B.uexp" 3231
"C:/Users/Shubham/Documents/Unreal Projects/ShooterSam/Content/StarterBundle/ModularSci_Comm/Meshes/SM_Wall_Div_Slim.ubulk" 3232
"C:/Users/Shubham/Documents/Unreal Projects/ShooterSam/Content/StarterBundle/ModularSci_Comm/Meshes/SM_Wall_Div_Slim.uasset" 3233
"C:/Users/Shubham/Documents/Unreal Projects/ShooterSam/Content/StarterBundle/ModularSci_Comm/Meshes/SM_Wall_Div_Slim.uexp" 3234
"C:/Users/Shubham/Documents/Unreal Projects/ShooterSam/Content/StarterBundle/ModularSci_Comm/Meshes/SM_Wall_Div_Slim2.ubulk" 3235
"C:/Users/Shubham/Documents/Unreal Projects/ShooterSam/Content/StarterBundle/ModularSci_Comm/Meshes/SM_Wall_Div_Slim2.uasset" 3236
"C:/Users/Shubham/Documents/Unreal Projects/ShooterSam/Content/StarterBundle/ModularSci_Comm/Meshes/SM_Wall_Div_Slim2.uexp" 3237
"C:/Users/Shubham/Documents/Unreal Projects/ShooterSam/Content/StarterBundle/ModularSci_Comm/Materials/MI_Pipes_A_Light.uasset" 3238
"C:/Users/Shubham/Documents/Unreal Projects/ShooterSam/Content/StarterBundle/ModularSci_Comm/Materials/MI_Pipes_A_Light.uexp" 3239
"C:/Users/Shubham/Documents/Unreal Projects/ShooterSam/Content/StarterBundle/ModularSci_Comm/Meshes/SM_Wall_Pipe_A.ubulk" 3240
"C:/Users/Shubham/Documents/Unreal Projects/ShooterSam/Content/StarterBundle/ModularSci_Comm/Meshes/SM_Wall_Pipe_A.uasset" 3241
"C:/Users/Shubham/Documents/Unreal Projects/ShooterSam/Content/StarterBundle/ModularSci_Comm/Meshes/SM_Wall_Pipe_A.uexp" 3242
"C:/Users/Shubham/Documents/Unreal Projects/ShooterSam/Content/StarterBundle/ModularSci_Comm/Meshes/SM_Wall_Pipe_C.ubulk" 3243
"C:/Users/Shubham/Documents/Unreal Projects/ShooterSam/Content/StarterBundle/ModularSci_Comm/Meshes/SM_Wall_Pipe_C.uasset" 3244
"C:/Users/Shubham/Documents/Unreal Projects/ShooterSam/Content/StarterBundle/ModularSci_Comm/Meshes/SM_Wall_Pipe_C.uexp" 3245
"C:/Users/Shubham/Documents/Unreal Projects/ShooterSam/Content/StarterBundle/ModularSci_Comm/Meshes/SM_Wall_Pipe_DoorBig.ubulk" 3246
"C:/Users/Shubham/Documents/Unreal Projects/ShooterSam/Content/StarterBundle/ModularSci_Comm/Meshes/SM_Wall_Pipe_DoorBig.uasset" 3247
"C:/Users/Shubham/Documents/Unreal Projects/ShooterSam/Content/StarterBundle/ModularSci_Comm/Meshes/SM_Wall_Pipe_DoorBig.uexp" 3248
"C:/Users/Shubham/Documents/Unreal Projects/ShooterSam/Content/StarterBundle/ModularSci_Comm/Meshes/SM_Wall_Pipe_DoorSmall.ubulk" 3249
"C:/Users/Shubham/Documents/Unreal Projects/ShooterSam/Content/StarterBundle/ModularSci_Comm/Meshes/SM_Wall_Pipe_DoorSmall.uasset" 3250
"C:/Users/Shubham/Documents/Unreal Projects/ShooterSam/Content/StarterBundle/ModularSci_Comm/Meshes/SM_Wall_Pipe_DoorSmall.uexp" 3251
"C:/Users/Shubham/Documents/Unreal Projects/ShooterSam/Content/StarterBundle/ModularSci_Comm/Meshes/SM_Wall_Pipe_E.ubulk" 3252
"C:/Users/Shubham/Documents/Unreal Projects/ShooterSam/Content/StarterBundle/ModularSci_Comm/Meshes/SM_Wall_Pipe_E.uasset" 3253
"C:/Users/Shubham/Documents/Unreal Projects/ShooterSam/Content/StarterBundle/ModularSci_Comm/Meshes/SM_Wall_Pipe_E.uexp" 3254
"C:/Users/Shubham/Documents/Unreal Projects/ShooterSam/Content/StarterBundle/ModularSci_Comm/Meshes/SM_Wall_Pipe_F.ubulk" 3255
"C:/Users/Shubham/Documents/Unreal Projects/ShooterSam/Content/StarterBundle/ModularSci_Comm/Meshes/SM_Wall_Pipe_F.uasset" 3256
"C:/Users/Shubham/Documents/Unreal Projects/ShooterSam/Content/StarterBundle/ModularSci_Comm/Meshes/SM_Wall_Pipe_F.uexp" 3257
"C:/Users/Shubham/Documents/Unreal Projects/ShooterSam/Content/StarterBundle/ModularSci_Comm/Meshes/SM_Wall_Pipe_H.ubulk" 3258
"C:/Users/Shubham/Documents/Unreal Projects/ShooterSam/Content/StarterBundle/ModularSci_Comm/Meshes/SM_Wall_Pipe_H.uasset" 3259
"C:/Users/Shubham/Documents/Unreal Projects/ShooterSam/Content/StarterBundle/ModularSci_Comm/Meshes/SM_Wall_Pipe_H.uexp" 3260
"C:/Users/Shubham/Documents/Unreal Projects/ShooterSam/Content/StarterBundle/ModularSci_Comm/Meshes/SM_Wall_Window_A.ubulk" 3261
"C:/Users/Shubham/Documents/Unreal Projects/ShooterSam/Content/StarterBundle/ModularSci_Comm/Meshes/SM_Wall_Window_A.uasset" 3262
"C:/Users/Shubham/Documents/Unreal Projects/ShooterSam/Content/StarterBundle/ModularSci_Comm/Meshes/SM_Wall_Window_A.uexp" 3263
"C:/Users/Shubham/Documents/Unreal Projects/ShooterSam/Content/StarterBundle/ModularSci_Comm/Meshes/SM_Wall_Window_B.ubulk" 3264
"C:/Users/Shubham/Documents/Unreal Projects/ShooterSam/Content/StarterBundle/ModularSci_Comm/Meshes/SM_Wall_Window_B.uasset" 3265
"C:/Users/Shubham/Documents/Unreal Projects/ShooterSam/Content/StarterBundle/ModularSci_Comm/Meshes/SM_Wall_Window_B.uexp" 3266
"C:/Users/Shubham/Documents/Unreal Projects/ShooterSam/Content/StarterBundle/ModularSci_Comm/Meshes/SM_Wall_Window_Pipe.ubulk" 3267
"C:/Users/Shubham/Documents/Unreal Projects/ShooterSam/Content/StarterBundle/ModularSci_Comm/Meshes/SM_Wall_Window_Pipe.uasset" 3268
"C:/Users/Shubham/Documents/Unreal Projects/ShooterSam/Content/StarterBundle/ModularSci_Comm/Meshes/SM_Wall_Window_Pipe.uexp" 3269
"C:/Users/Shubham/Documents/Unreal Projects/ShooterSam/Content/StarterBundle/ModularSci_Comm/Meshes/SM_Windows_A.ubulk" 3270
"C:/Users/Shubham/Documents/Unreal Projects/ShooterSam/Content/StarterBundle/ModularSci_Comm/Meshes/SM_Windows_A.uasset" 3271
"C:/Users/Shubham/Documents/Unreal Projects/ShooterSam/Content/StarterBundle/ModularSci_Comm/Meshes/SM_Windows_A.uexp" 3272
"C:/Users/Shubham/Documents/Unreal Projects/ShooterSam/Content/StarterBundle/ModularSci_Comm/Meshes/SM_Windows_A_Glass.ubulk" 3273
"C:/Users/Shubham/Documents/Unreal Projects/ShooterSam/Content/StarterBundle/ModularSci_Comm/Meshes/SM_Windows_A_Glass.uasset" 3274
"C:/Users/Shubham/Documents/Unreal Projects/ShooterSam/Content/StarterBundle/ModularSci_Comm/Meshes/SM_Windows_A_Glass.uexp" 3275
"C:/Users/Shubham/Documents/Unreal Projects/ShooterSam/Content/StarterBundle/ModularSci_Comm/Meshes/SM_Windows_B.ubulk" 3276
"C:/Users/Shubham/Documents/Unreal Projects/ShooterSam/Content/StarterBundle/ModularSci_Comm/Meshes/SM_Windows_B.uasset" 3277
"C:/Users/Shubham/Documents/Unreal Projects/ShooterSam/Content/StarterBundle/ModularSci_Comm/Meshes/SM_Windows_B.uexp" 3278
"C:/Users/Shubham/Documents/Unreal Projects/ShooterSam/Content/StarterBundle/ModularSci_Int/Textures/T_Metal_Scratches_M.uasset" 3279
"C:/Users/Shubham/Documents/Unreal Projects/ShooterSam/Content/StarterBundle/ModularSci_Int/Textures/T_Metal_Scratches_M.uexp" 3280
"C:/Users/Shubham/Documents/Unreal Projects/ShooterSam/Content/StarterBundle/ModularSci_Int/Textures/T_Hall_Door_Diff.ubulk" 3281
"C:/Users/Shubham/Documents/Unreal Projects/ShooterSam/Content/StarterBundle/ModularSci_Int/Textures/T_Hall_Door_Diff.uasset" 3282
"C:/Users/Shubham/Documents/Unreal Projects/ShooterSam/Content/StarterBundle/ModularSci_Int/Textures/T_Hall_Door_Diff.uexp" 3283
"C:/Users/Shubham/Documents/Unreal Projects/ShooterSam/Content/StarterBundle/ModularSci_Int/Textures/T_Hall_Door_L_M.ubulk" 3284
"C:/Users/Shubham/Documents/Unreal Projects/ShooterSam/Content/StarterBundle/ModularSci_Int/Textures/T_Hall_Door_L_M.uasset" 3285
"C:/Users/Shubham/Documents/Unreal Projects/ShooterSam/Content/StarterBundle/ModularSci_Int/Textures/T_Hall_Door_L_M.uexp" 3286
"C:/Users/Shubham/Documents/Unreal Projects/ShooterSam/Content/StarterBundle/ModularSci_Int/Textures/T_Hall_Door_L_N_normals.ubulk" 3287
"C:/Users/Shubham/Documents/Unreal Projects/ShooterSam/Content/StarterBundle/ModularSci_Int/Textures/T_Hall_Door_L_N_normals.uasset" 3288
"C:/Users/Shubham/Documents/Unreal Projects/ShooterSam/Content/StarterBundle/ModularSci_Int/Textures/T_Hall_Door_L_N_normals.uexp" 3289
"C:/Users/Shubham/Documents/Unreal Projects/ShooterSam/Content/StarterBundle/ModularSci_Int/Textures/T_DefaultLight_S.uasset" 3290
"C:/Users/Shubham/Documents/Unreal Projects/ShooterSam/Content/StarterBundle/ModularSci_Int/Textures/T_DefaultLight_S.uexp" 3291
"C:/Users/Shubham/Documents/Unreal Projects/ShooterSam/Content/StarterBundle/ModularSci_Int/Textures/T_Metal_Brushed_N.ubulk" 3292
"C:/Users/Shubham/Documents/Unreal Projects/ShooterSam/Content/StarterBundle/ModularSci_Int/Textures/T_Metal_Brushed_N.uasset" 3293
"C:/Users/Shubham/Documents/Unreal Projects/ShooterSam/Content/StarterBundle/ModularSci_Int/Textures/T_Metal_Brushed_N.uexp" 3294
"C:/Users/Shubham/Documents/Unreal Projects/ShooterSam/Content/StarterBundle/ModularSci_Int/Materials/M_Base_2C.uasset" 3295
"C:/Users/Shubham/Documents/Unreal Projects/ShooterSam/Content/StarterBundle/ModularSci_Int/Materials/M_Base_2C.uexp" 3296
"C:/Users/Shubham/Documents/Unreal Projects/ShooterSam/Content/StarterBundle/ModularSci_Int/Textures/T_Hall_Wall_C_Diff.ubulk" 3297
"C:/Users/Shubham/Documents/Unreal Projects/ShooterSam/Content/StarterBundle/ModularSci_Int/Textures/T_Hall_Wall_C_Diff.uasset" 3298
"C:/Users/Shubham/Documents/Unreal Projects/ShooterSam/Content/StarterBundle/ModularSci_Int/Textures/T_Hall_Wall_C_Diff.uexp" 3299
"C:/Users/Shubham/Documents/Unreal Projects/ShooterSam/Content/StarterBundle/ModularSci_Int/Textures/T_Hall_Wall_C_M.ubulk" 3300
"C:/Users/Shubham/Documents/Unreal Projects/ShooterSam/Content/StarterBundle/ModularSci_Int/Textures/T_Hall_Wall_C_M.uasset" 3301
"C:/Users/Shubham/Documents/Unreal Projects/ShooterSam/Content/StarterBundle/ModularSci_Int/Textures/T_Hall_Wall_C_M.uexp" 3302
"C:/Users/Shubham/Documents/Unreal Projects/ShooterSam/Content/StarterBundle/ModularSci_Int/Textures/T_Hall_Wall_C_N_normals.ubulk" 3303
"C:/Users/Shubham/Documents/Unreal Projects/ShooterSam/Content/StarterBundle/ModularSci_Int/Textures/T_Hall_Wall_C_N_normals.uasset" 3304
"C:/Users/Shubham/Documents/Unreal Projects/ShooterSam/Content/StarterBundle/ModularSci_Int/Textures/T_Hall_Wall_C_N_normals.uexp" 3305
"C:/Users/Shubham/Documents/Unreal Projects/ShooterSam/Content/StarterBundle/ModularSci_Int/Materials/MI_Hall_Wall_C_4.uasset" 3306
"C:/Users/Shubham/Documents/Unreal Projects/ShooterSam/Content/StarterBundle/ModularSci_Int/Materials/MI_Hall_Wall_C_4.uexp" 3307
"C:/Users/Shubham/Documents/Unreal Projects/ShooterSam/Content/StarterBundle/ModularSci_Int/Textures/T_Pipes_A_Diff.ubulk" 3308
"C:/Users/Shubham/Documents/Unreal Projects/ShooterSam/Content/StarterBundle/ModularSci_Int/Textures/T_Pipes_A_Diff.uasset" 3309
"C:/Users/Shubham/Documents/Unreal Projects/ShooterSam/Content/StarterBundle/ModularSci_Int/Textures/T_Pipes_A_Diff.uexp" 3310
"C:/Users/Shubham/Documents/Unreal Projects/ShooterSam/Content/StarterBundle/ModularSci_Int/Textures/T_Pipes_A_M.ubulk" 3311
"C:/Users/Shubham/Documents/Unreal Projects/ShooterSam/Content/StarterBundle/ModularSci_Int/Textures/T_Pipes_A_M.uasset" 3312
"C:/Users/Shubham/Documents/Unreal Projects/ShooterSam/Content/StarterBundle/ModularSci_Int/Textures/T_Pipes_A_M.uexp" 3313
"C:/Users/Shubham/Documents/Unreal Projects/ShooterSam/Content/StarterBundle/ModularSci_Int/Textures/T_Pipes_A_N_normals.ubulk" 3314
"C:/Users/Shubham/Documents/Unreal Projects/ShooterSam/Content/StarterBundle/ModularSci_Int/Textures/T_Pipes_A_N_normals.uasset" 3315
"C:/Users/Shubham/Documents/Unreal Projects/ShooterSam/Content/StarterBundle/ModularSci_Int/Textures/T_Pipes_A_N_normals.uexp" 3316
"C:/Users/Shubham/Documents/Unreal Projects/ShooterSam/Content/StarterBundle/ModularSci_Int/Materials/MI_Pipes_A_Dark.uasset" 3317
"C:/Users/Shubham/Documents/Unreal Projects/ShooterSam/Content/StarterBundle/ModularSci_Int/Materials/MI_Pipes_A_Dark.uexp" 3318
"C:/Users/Shubham/Documents/Unreal Projects/ShooterSam/Content/StarterBundle/ModularSci_Int/Materials/MI_Pipes_A_Yellow.uasset" 3319
"C:/Users/Shubham/Documents/Unreal Projects/ShooterSam/Content/StarterBundle/ModularSci_Int/Materials/MI_Pipes_A_Yellow.uexp" 3320
"C:/Users/Shubham/Documents/Unreal Projects/ShooterSam/Content/StarterBundle/ModularSci_Int/Textures/T_Trims_A_Diff.ubulk" 3321
"C:/Users/Shubham/Documents/Unreal Projects/ShooterSam/Content/StarterBundle/ModularSci_Int/Textures/T_Trims_A_Diff.uasset" 3322
"C:/Users/Shubham/Documents/Unreal Projects/ShooterSam/Content/StarterBundle/ModularSci_Int/Textures/T_Trims_A_Diff.uexp" 3323
"C:/Users/Shubham/Documents/Unreal Projects/ShooterSam/Content/StarterBundle/ModularSci_Int/Textures/T_Trims_A_M.ubulk" 3324
"C:/Users/Shubham/Documents/Unreal Projects/ShooterSam/Content/StarterBundle/ModularSci_Int/Textures/T_Trims_A_M.uasset" 3325
"C:/Users/Shubham/Documents/Unreal Projects/ShooterSam/Content/StarterBundle/ModularSci_Int/Textures/T_Trims_A_M.uexp" 3326
"C:/Users/Shubham/Documents/Unreal Projects/ShooterSam/Content/StarterBundle/ModularSci_Int/Textures/T_Trims_A_N_normals.ubulk" 3327
"C:/Users/Shubham/Documents/Unreal Projects/ShooterSam/Content/StarterBundle/ModularSci_Int/Textures/T_Trims_A_N_normals.uasset" 3328
"C:/Users/Shubham/Documents/Unreal Projects/ShooterSam/Content/StarterBundle/ModularSci_Int/Textures/T_Trims_A_N_normals.uexp" 3329
"C:/Users/Shubham/Documents/Unreal Projects/ShooterSam/Content/StarterBundle/ModularSci_Int/Materials/MI_Trims_A.uasset" 3330
"C:/Users/Shubham/Documents/Unreal Projects/ShooterSam/Content/StarterBundle/ModularSci_Int/Materials/MI_Trims_A.uexp" 3331
"C:/Users/Shubham/Documents/Unreal Projects/ShooterSam/Content/StarterBundle/ModularSci_Int/Textures/T_Trims_A_Diff_B.ubulk" 3332
"C:/Users/Shubham/Documents/Unreal Projects/ShooterSam/Content/StarterBundle/ModularSci_Int/Textures/T_Trims_A_Diff_B.uasset" 3333
"C:/Users/Shubham/Documents/Unreal Projects/ShooterSam/Content/StarterBundle/ModularSci_Int/Textures/T_Trims_A_Diff_B.uexp" 3334
"C:/Users/Shubham/Documents/Unreal Projects/ShooterSam/Content/StarterBundle/ModularSci_Int/Textures/T_Trims_A_M_B.ubulk" 3335
"C:/Users/Shubham/Documents/Unreal Projects/ShooterSam/Content/StarterBundle/ModularSci_Int/Textures/T_Trims_A_M_B.uasset" 3336
"C:/Users/Shubham/Documents/Unreal Projects/ShooterSam/Content/StarterBundle/ModularSci_Int/Textures/T_Trims_A_M_B.uexp" 3337
"C:/Users/Shubham/Documents/Unreal Projects/ShooterSam/Content/StarterBundle/ModularSci_Int/Materials/MI_Trims_A_2.uasset" 3338
"C:/Users/Shubham/Documents/Unreal Projects/ShooterSam/Content/StarterBundle/ModularSci_Int/Materials/MI_Trims_A_2.uexp" 3339
"C:/Users/Shubham/Documents/Unreal Projects/ShooterSam/Content/StarterBundle/ModularSci_Int/Materials/MI_Trims_A_Red.uasset" 3340
"C:/Users/Shubham/Documents/Unreal Projects/ShooterSam/Content/StarterBundle/ModularSci_Int/Materials/MI_Trims_A_Red.uexp" 3341
"C:/Users/Shubham/Documents/Unreal Projects/ShooterSam/Content/StarterBundle/ModularSci_Int/Textures/T_Trims_B_Diff.ubulk" 3342
"C:/Users/Shubham/Documents/Unreal Projects/ShooterSam/Content/StarterBundle/ModularSci_Int/Textures/T_Trims_B_Diff.uasset" 3343
"C:/Users/Shubham/Documents/Unreal Projects/ShooterSam/Content/StarterBundle/ModularSci_Int/Textures/T_Trims_B_Diff.uexp" 3344
"C:/Users/Shubham/Documents/Unreal Projects/ShooterSam/Content/StarterBundle/ModularSci_Int/Textures/T_Trims_B_M.ubulk" 3345
"C:/Users/Shubham/Documents/Unreal Projects/ShooterSam/Content/StarterBundle/ModularSci_Int/Textures/T_Trims_B_M.uasset" 3346
"C:/Users/Shubham/Documents/Unreal Projects/ShooterSam/Content/StarterBundle/ModularSci_Int/Textures/T_Trims_B_M.uexp" 3347
"C:/Users/Shubham/Documents/Unreal Projects/ShooterSam/Content/StarterBundle/ModularSci_Int/Textures/T_Trims_B_N_normals.ubulk" 3348
"C:/Users/Shubham/Documents/Unreal Projects/ShooterSam/Content/StarterBundle/ModularSci_Int/Textures/T_Trims_B_N_normals.uasset" 3349
"C:/Users/Shubham/Documents/Unreal Projects/ShooterSam/Content/StarterBundle/ModularSci_Int/Textures/T_Trims_B_N_normals.uexp" 3350
"C:/Users/Shubham/Documents/Unreal Projects/ShooterSam/Content/StarterBundle/ModularSci_Int/Materials/MI_Trims_B.uasset" 3351
"C:/Users/Shubham/Documents/Unreal Projects/ShooterSam/Content/StarterBundle/ModularSci_Int/Materials/MI_Trims_B.uexp" 3352
"C:/Users/Shubham/Documents/Unreal Projects/ShooterSam/Content/StarterBundle/ModularSci_Int/Textures/T_Trims_B_Diff_B.ubulk" 3353
"C:/Users/Shubham/Documents/Unreal Projects/ShooterSam/Content/StarterBundle/ModularSci_Int/Textures/T_Trims_B_Diff_B.uasset" 3354
"C:/Users/Shubham/Documents/Unreal Projects/ShooterSam/Content/StarterBundle/ModularSci_Int/Textures/T_Trims_B_Diff_B.uexp" 3355
"C:/Users/Shubham/Documents/Unreal Projects/ShooterSam/Content/StarterBundle/ModularSci_Int/Textures/T_Trims_B_M_B.ubulk" 3356
"C:/Users/Shubham/Documents/Unreal Projects/ShooterSam/Content/StarterBundle/ModularSci_Int/Textures/T_Trims_B_M_B.uasset" 3357
"C:/Users/Shubham/Documents/Unreal Projects/ShooterSam/Content/StarterBundle/ModularSci_Int/Textures/T_Trims_B_M_B.uexp" 3358
"C:/Users/Shubham/Documents/Unreal Projects/ShooterSam/Content/StarterBundle/ModularSci_Int/Materials/MI_Trims_B_2.uasset" 3359
"C:/Users/Shubham/Documents/Unreal Projects/ShooterSam/Content/StarterBundle/ModularSci_Int/Materials/MI_Trims_B_2.uexp" 3360
"C:/Users/Shubham/Documents/Unreal Projects/ShooterSam/Content/StarterBundle/ModularSci_Int/Materials/MI_Trims_B_Grey.uasset" 3361
"C:/Users/Shubham/Documents/Unreal Projects/ShooterSam/Content/StarterBundle/ModularSci_Int/Materials/MI_Trims_B_Grey.uexp" 3362
"C:/Users/Shubham/Documents/Unreal Projects/ShooterSam/Content/StarterBundle/ModularSci_Int/Materials/MI_Trims_B_Orange.uasset" 3363
"C:/Users/Shubham/Documents/Unreal Projects/ShooterSam/Content/StarterBundle/ModularSci_Int/Materials/MI_Trims_B_Orange.uexp" 3364
"C:/Users/Shubham/Documents/Unreal Projects/ShooterSam/Content/StarterBundle/ModularSci_Int/Materials/MI_Trims_B_Red.uasset" 3365
"C:/Users/Shubham/Documents/Unreal Projects/ShooterSam/Content/StarterBundle/ModularSci_Int/Materials/MI_Trims_B_Red.uexp" 3366
"C:/Users/Shubham/Documents/Unreal Projects/ShooterSam/Content/StarterBundle/ModularSci_Int/Materials/MI_Trims_B_Yello.uasset" 3367
"C:/Users/Shubham/Documents/Unreal Projects/ShooterSam/Content/StarterBundle/ModularSci_Int/Materials/MI_Trims_B_Yello.uexp" 3368
"C:/Users/Shubham/Documents/Unreal Projects/ShooterSam/Content/StarterBundle/ModularSci_Int/Textures/T_Hall_Wall_Buffer_Diff.ubulk" 3369
"C:/Users/Shubham/Documents/Unreal Projects/ShooterSam/Content/StarterBundle/ModularSci_Int/Textures/T_Hall_Wall_Buffer_Diff.uasset" 3370
"C:/Users/Shubham/Documents/Unreal Projects/ShooterSam/Content/StarterBundle/ModularSci_Int/Textures/T_Hall_Wall_Buffer_Diff.uexp" 3371
"C:/Users/Shubham/Documents/Unreal Projects/ShooterSam/Content/StarterBundle/ModularSci_Int/Textures/T_Hall_Wall_Buffer_M.ubulk" 3372
"C:/Users/Shubham/Documents/Unreal Projects/ShooterSam/Content/StarterBundle/ModularSci_Int/Textures/T_Hall_Wall_Buffer_M.uasset" 3373
"C:/Users/Shubham/Documents/Unreal Projects/ShooterSam/Content/StarterBundle/ModularSci_Int/Textures/T_Hall_Wall_Buffer_M.uexp" 3374
"C:/Users/Shubham/Documents/Unreal Projects/ShooterSam/Content/StarterBundle/ModularSci_Int/Textures/T_Hall_Wall_Buffer_N_normals.ubulk" 3375
"C:/Users/Shubham/Documents/Unreal Projects/ShooterSam/Content/StarterBundle/ModularSci_Int/Textures/T_Hall_Wall_Buffer_N_normals.uasset" 3376
"C:/Users/Shubham/Documents/Unreal Projects/ShooterSam/Content/StarterBundle/ModularSci_Int/Textures/T_Hall_Wall_Buffer_N_normals.uexp" 3377
"C:/Users/Shubham/Documents/Unreal Projects/ShooterSam/Content/StarterBundle/ModularSci_Int/Materials/MI_WallBuffer_A2.uasset" 3378
"C:/Users/Shubham/Documents/Unreal Projects/ShooterSam/Content/StarterBundle/ModularSci_Int/Materials/MI_WallBuffer_A2.uexp" 3379
"C:/Users/Shubham/Documents/Unreal Projects/ShooterSam/Content/StarterBundle/ModularSci_Int/Textures/T_Win_FloorEdge_B_Diff.ubulk" 3380
"C:/Users/Shubham/Documents/Unreal Projects/ShooterSam/Content/StarterBundle/ModularSci_Int/Textures/T_Win_FloorEdge_B_Diff.uasset" 3381
"C:/Users/Shubham/Documents/Unreal Projects/ShooterSam/Content/StarterBundle/ModularSci_Int/Textures/T_Win_FloorEdge_B_Diff.uexp" 3382
"C:/Users/Shubham/Documents/Unreal Projects/ShooterSam/Content/StarterBundle/ModularSci_Int/Textures/T_Win_FloorEdge_B_M.ubulk" 3383
"C:/Users/Shubham/Documents/Unreal Projects/ShooterSam/Content/StarterBundle/ModularSci_Int/Textures/T_Win_FloorEdge_B_M.uasset" 3384
"C:/Users/Shubham/Documents/Unreal Projects/ShooterSam/Content/StarterBundle/ModularSci_Int/Textures/T_Win_FloorEdge_B_M.uexp" 3385
"C:/Users/Shubham/Documents/Unreal Projects/ShooterSam/Content/StarterBundle/ModularSci_Int/Textures/T_Win_FloorEdge_B_N_normals.ubulk" 3386
"C:/Users/Shubham/Documents/Unreal Projects/ShooterSam/Content/StarterBundle/ModularSci_Int/Textures/T_Win_FloorEdge_B_N_normals.uasset" 3387
"C:/Users/Shubham/Documents/Unreal Projects/ShooterSam/Content/StarterBundle/ModularSci_Int/Textures/T_Win_FloorEdge_B_N_normals.uexp" 3388
"C:/Users/Shubham/Documents/Unreal Projects/ShooterSam/Content/StarterBundle/ModularSci_Int/Materials/MI_Win_FloorEdge_B2.uasset" 3389
"C:/Users/Shubham/Documents/Unreal Projects/ShooterSam/Content/StarterBundle/ModularSci_Int/Materials/MI_Win_FloorEdge_B2.uexp" 3390
"C:/Users/Shubham/Documents/Unreal Projects/ShooterSam/Content/StarterBundle/ModularSci_Int/Materials/MI_Win_FloorEdge_B3.uasset" 3391
"C:/Users/Shubham/Documents/Unreal Projects/ShooterSam/Content/StarterBundle/ModularSci_Int/Materials/MI_Win_FloorEdge_B3.uexp" 3392
"C:/Users/Shubham/Documents/Unreal Projects/ShooterSam/Content/StarterBundle/ModularSci_Int/Meshes/SM_CeilingBrace_A.ubulk" 3393
"C:/Users/Shubham/Documents/Unreal Projects/ShooterSam/Content/StarterBundle/ModularSci_Int/Meshes/SM_CeilingBrace_A.uasset" 3394
"C:/Users/Shubham/Documents/Unreal Projects/ShooterSam/Content/StarterBundle/ModularSci_Int/Meshes/SM_CeilingBrace_A.uexp" 3395
"C:/Users/Shubham/Documents/Unreal Projects/ShooterSam/Content/StarterBundle/ModularSci_Int/Meshes/SM_CeilingEdge_A.ubulk" 3396
"C:/Users/Shubham/Documents/Unreal Projects/ShooterSam/Content/StarterBundle/ModularSci_Int/Meshes/SM_CeilingEdge_A.uasset" 3397
"C:/Users/Shubham/Documents/Unreal Projects/ShooterSam/Content/StarterBundle/ModularSci_Int/Meshes/SM_CeilingEdge_A.uexp" 3398
"C:/Users/Shubham/Documents/Unreal Projects/ShooterSam/Content/StarterBundle/ModularSci_Int/Meshes/SM_CeilingEdge_B.ubulk" 3399
"C:/Users/Shubham/Documents/Unreal Projects/ShooterSam/Content/StarterBundle/ModularSci_Int/Meshes/SM_CeilingEdge_B.uasset" 3400
"C:/Users/Shubham/Documents/Unreal Projects/ShooterSam/Content/StarterBundle/ModularSci_Int/Meshes/SM_CeilingEdge_B.uexp" 3401
"C:/Users/Shubham/Documents/Unreal Projects/ShooterSam/Content/StarterBundle/ModularSci_Int/Textures/T_Lights_Square.ubulk" 3402
"C:/Users/Shubham/Documents/Unreal Projects/ShooterSam/Content/StarterBundle/ModularSci_Int/Textures/T_Lights_Square.uasset" 3403
"C:/Users/Shubham/Documents/Unreal Projects/ShooterSam/Content/StarterBundle/ModularSci_Int/Textures/T_Lights_Square.uexp" 3404
"C:/Users/Shubham/Documents/Unreal Projects/ShooterSam/Content/StarterBundle/ModularSci_Int/Materials/M_Light_Base.uasset" 3405
"C:/Users/Shubham/Documents/Unreal Projects/ShooterSam/Content/StarterBundle/ModularSci_Int/Materials/M_Light_Base.uexp" 3406
"C:/Users/Shubham/Documents/Unreal Projects/ShooterSam/Content/StarterBundle/ModularSci_Int/Materials/MI_Light_Square_Blue.uasset" 3407
"C:/Users/Shubham/Documents/Unreal Projects/ShooterSam/Content/StarterBundle/ModularSci_Int/Materials/MI_Light_Square_Blue.uexp" 3408
"C:/Users/Shubham/Documents/Unreal Projects/ShooterSam/Content/StarterBundle/ModularSci_Int/Textures/T_Win_Ceiling_B_Diff.ubulk" 3409
"C:/Users/Shubham/Documents/Unreal Projects/ShooterSam/Content/StarterBundle/ModularSci_Int/Textures/T_Win_Ceiling_B_Diff.uasset" 3410
"C:/Users/Shubham/Documents/Unreal Projects/ShooterSam/Content/StarterBundle/ModularSci_Int/Textures/T_Win_Ceiling_B_Diff.uexp" 3411
"C:/Users/Shubham/Documents/Unreal Projects/ShooterSam/Content/StarterBundle/ModularSci_Int/Textures/T_Win_Ceiling_B_M.ubulk" 3412
"C:/Users/Shubham/Documents/Unreal Projects/ShooterSam/Content/StarterBundle/ModularSci_Int/Textures/T_Win_Ceiling_B_M.uasset" 3413
"C:/Users/Shubham/Documents/Unreal Projects/ShooterSam/Content/StarterBundle/ModularSci_Int/Textures/T_Win_Ceiling_B_M.uexp" 3414
"C:/Users/Shubham/Documents/Unreal Projects/ShooterSam/Content/StarterBundle/ModularSci_Int/Textures/T_Win_Ceiling_B_N_normals.ubulk" 3415
"C:/Users/Shubham/Documents/Unreal Projects/ShooterSam/Content/StarterBundle/ModularSci_Int/Textures/T_Win_Ceiling_B_N_normals.uasset" 3416
"C:/Users/Shubham/Documents/Unreal Projects/ShooterSam/Content/StarterBundle/ModularSci_Int/Textures/T_Win_Ceiling_B_N_normals.uexp" 3417
"C:/Users/Shubham/Documents/Unreal Projects/ShooterSam/Content/StarterBundle/ModularSci_Int/Materials/MI_Win_Ceiling_B.uasset" 3418
"C:/Users/Shubham/Documents/Unreal Projects/ShooterSam/Content/StarterBundle/ModularSci_Int/Materials/MI_Win_Ceiling_B.uexp" 3419
"C:/Users/Shubham/Documents/Unreal Projects/ShooterSam/Content/StarterBundle/ModularSci_Int/Meshes/SM_Ceiling_A.ubulk" 3420
"C:/Users/Shubham/Documents/Unreal Projects/ShooterSam/Content/StarterBundle/ModularSci_Int/Meshes/SM_Ceiling_A.uasset" 3421
"C:/Users/Shubham/Documents/Unreal Projects/ShooterSam/Content/StarterBundle/ModularSci_Int/Meshes/SM_Ceiling_A.uexp" 3422
"C:/Users/Shubham/Documents/Unreal Projects/ShooterSam/Content/StarterBundle/ModularSci_Int/Meshes/SM_Ceiling_B.ubulk" 3423
"C:/Users/Shubham/Documents/Unreal Projects/ShooterSam/Content/StarterBundle/ModularSci_Int/Meshes/SM_Ceiling_B.uasset" 3424
"C:/Users/Shubham/Documents/Unreal Projects/ShooterSam/Content/StarterBundle/ModularSci_Int/Meshes/SM_Ceiling_B.uexp" 3425
"C:/Users/Shubham/Documents/Unreal Projects/ShooterSam/Content/StarterBundle/ModularSci_Int/Meshes/SM_Ceiling_B_2.ubulk" 3426
"C:/Users/Shubham/Documents/Unreal Projects/ShooterSam/Content/StarterBundle/ModularSci_Int/Meshes/SM_Ceiling_B_2.uasset" 3427
"C:/Users/Shubham/Documents/Unreal Projects/ShooterSam/Content/StarterBundle/ModularSci_Int/Meshes/SM_Ceiling_B_2.uexp" 3428
"C:/Users/Shubham/Documents/Unreal Projects/ShooterSam/Content/StarterBundle/ModularSci_Int/Meshes/SM_Ceiling_B_3.ubulk" 3429
"C:/Users/Shubham/Documents/Unreal Projects/ShooterSam/Content/StarterBundle/ModularSci_Int/Meshes/SM_Ceiling_B_3.uasset" 3430
"C:/Users/Shubham/Documents/Unreal Projects/ShooterSam/Content/StarterBundle/ModularSci_Int/Meshes/SM_Ceiling_B_3.uexp" 3431
"C:/Users/Shubham/Documents/Unreal Projects/ShooterSam/Content/StarterBundle/ModularSci_Int/Meshes/SM_Ceiling_B_4.ubulk" 3432
"C:/Users/Shubham/Documents/Unreal Projects/ShooterSam/Content/StarterBundle/ModularSci_Int/Meshes/SM_Ceiling_B_4.uasset" 3433
"C:/Users/Shubham/Documents/Unreal Projects/ShooterSam/Content/StarterBundle/ModularSci_Int/Meshes/SM_Ceiling_B_4.uexp" 3434
"C:/Users/Shubham/Documents/Unreal Projects/ShooterSam/Content/StarterBundle/ModularSci_Int/Textures/T_Hall_Doorway_L_Diff.ubulk" 3435
"C:/Users/Shubham/Documents/Unreal Projects/ShooterSam/Content/StarterBundle/ModularSci_Int/Textures/T_Hall_Doorway_L_Diff.uasset" 3436
"C:/Users/Shubham/Documents/Unreal Projects/ShooterSam/Content/StarterBundle/ModularSci_Int/Textures/T_Hall_Doorway_L_Diff.uexp" 3437
"C:/Users/Shubham/Documents/Unreal Projects/ShooterSam/Content/StarterBundle/ModularSci_Int/Textures/T_Hall_Doorway_L_M.ubulk" 3438
"C:/Users/Shubham/Documents/Unreal Projects/ShooterSam/Content/StarterBundle/ModularSci_Int/Textures/T_Hall_Doorway_L_M.uasset" 3439
"C:/Users/Shubham/Documents/Unreal Projects/ShooterSam/Content/StarterBundle/ModularSci_Int/Textures/T_Hall_Doorway_L_M.uexp" 3440
"C:/Users/Shubham/Documents/Unreal Projects/ShooterSam/Content/StarterBundle/ModularSci_Int/Textures/T_Hall_Doorway_L_N_normals.ubulk" 3441
"C:/Users/Shubham/Documents/Unreal Projects/ShooterSam/Content/StarterBundle/ModularSci_Int/Textures/T_Hall_Doorway_L_N_normals.uasset" 3442
"C:/Users/Shubham/Documents/Unreal Projects/ShooterSam/Content/StarterBundle/ModularSci_Int/Textures/T_Hall_Doorway_L_N_normals.uexp" 3443
"C:/Users/Shubham/Documents/Unreal Projects/ShooterSam/Content/StarterBundle/ModularSci_Int/Materials/MI_Doorway_L.uasset" 3444
"C:/Users/Shubham/Documents/Unreal Projects/ShooterSam/Content/StarterBundle/ModularSci_Int/Materials/MI_Doorway_L.uexp" 3445
"C:/Users/Shubham/Documents/Unreal Projects/ShooterSam/Content/StarterBundle/ModularSci_Int/Meshes/SM_Doorway_L.ubulk" 3446
"C:/Users/Shubham/Documents/Unreal Projects/ShooterSam/Content/StarterBundle/ModularSci_Int/Meshes/SM_Doorway_L.uasset" 3447
"C:/Users/Shubham/Documents/Unreal Projects/ShooterSam/Content/StarterBundle/ModularSci_Int/Meshes/SM_Doorway_L.uexp" 3448
"C:/Users/Shubham/Documents/Unreal Projects/ShooterSam/Content/StarterBundle/ModularSci_Int/Textures/T_Hall_Doorway_LB_Diff.ubulk" 3449
"C:/Users/Shubham/Documents/Unreal Projects/ShooterSam/Content/StarterBundle/ModularSci_Int/Textures/T_Hall_Doorway_LB_Diff.uasset" 3450
"C:/Users/Shubham/Documents/Unreal Projects/ShooterSam/Content/StarterBundle/ModularSci_Int/Textures/T_Hall_Doorway_LB_Diff.uexp" 3451
"C:/Users/Shubham/Documents/Unreal Projects/ShooterSam/Content/StarterBundle/ModularSci_Int/Textures/T_Hall_Doorway_LB_M.ubulk" 3452
"C:/Users/Shubham/Documents/Unreal Projects/ShooterSam/Content/StarterBundle/ModularSci_Int/Textures/T_Hall_Doorway_LB_M.uasset" 3453
"C:/Users/Shubham/Documents/Unreal Projects/ShooterSam/Content/StarterBundle/ModularSci_Int/Textures/T_Hall_Doorway_LB_M.uexp" 3454
"C:/Users/Shubham/Documents/Unreal Projects/ShooterSam/Content/StarterBundle/ModularSci_Int/Textures/T_Hall_Doorway_LB_N_normals.ubulk" 3455
"C:/Users/Shubham/Documents/Unreal Projects/ShooterSam/Content/StarterBundle/ModularSci_Int/Textures/T_Hall_Doorway_LB_N_normals.uasset" 3456
"C:/Users/Shubham/Documents/Unreal Projects/ShooterSam/Content/StarterBundle/ModularSci_Int/Textures/T_Hall_Doorway_LB_N_normals.uexp" 3457
"C:/Users/Shubham/Documents/Unreal Projects/ShooterSam/Content/StarterBundle/ModularSci_Int/Materials/MI_Doorway_L_B2.uasset" 3458
"C:/Users/Shubham/Documents/Unreal Projects/ShooterSam/Content/StarterBundle/ModularSci_Int/Materials/MI_Doorway_L_B2.uexp" 3459
"C:/Users/Shubham/Documents/Unreal Projects/ShooterSam/Content/StarterBundle/ModularSci_Int/Meshes/SM_Doorway_S_B.ubulk" 3460
"C:/Users/Shubham/Documents/Unreal Projects/ShooterSam/Content/StarterBundle/ModularSci_Int/Meshes/SM_Doorway_S_B.uasset" 3461
"C:/Users/Shubham/Documents/Unreal Projects/ShooterSam/Content/StarterBundle/ModularSci_Int/Meshes/SM_Doorway_S_B.uexp" 3462
"C:/Users/Shubham/Documents/Unreal Projects/ShooterSam/Content/StarterBundle/ModularSci_Int/Materials/M_SolidColor_Base.uasset" 3463
"C:/Users/Shubham/Documents/Unreal Projects/ShooterSam/Content/StarterBundle/ModularSci_Int/Materials/M_SolidColor_Base.uexp" 3464
"C:/Users/Shubham/Documents/Unreal Projects/ShooterSam/Content/StarterBundle/ModularSci_Int/Materials/MI_WhiteMetal.uasset" 3465
"C:/Users/Shubham/Documents/Unreal Projects/ShooterSam/Content/StarterBundle/ModularSci_Int/Materials/MI_WhiteMetal.uexp" 3466
"C:/Users/Shubham/Documents/Unreal Projects/ShooterSam/Content/StarterBundle/ModularSci_Int/Meshes/SM_Doorway_S_C.ubulk" 3467
"C:/Users/Shubham/Documents/Unreal Projects/ShooterSam/Content/StarterBundle/ModularSci_Int/Meshes/SM_Doorway_S_C.uasset" 3468
"C:/Users/Shubham/Documents/Unreal Projects/ShooterSam/Content/StarterBundle/ModularSci_Int/Meshes/SM_Doorway_S_C.uexp" 3469
"C:/Users/Shubham/Documents/Unreal Projects/ShooterSam/Content/StarterBundle/ModularSci_Int/Textures/T_Hall_Door_L_EM.ubulk" 3470
"C:/Users/Shubham/Documents/Unreal Projects/ShooterSam/Content/StarterBundle/ModularSci_Int/Textures/T_Hall_Door_L_EM.uasset" 3471
"C:/Users/Shubham/Documents/Unreal Projects/ShooterSam/Content/StarterBundle/ModularSci_Int/Textures/T_Hall_Door_L_EM.uexp" 3472
"C:/Users/Shubham/Documents/Unreal Projects/ShooterSam/Content/StarterBundle/ModularSci_Int/Materials/MI_Door_L.uasset" 3473
"C:/Users/Shubham/Documents/Unreal Projects/ShooterSam/Content/StarterBundle/ModularSci_Int/Materials/MI_Door_L.uexp" 3474
"C:/Users/Shubham/Documents/Unreal Projects/ShooterSam/Content/StarterBundle/ModularSci_Int/Meshes/SM_Door_L.ubulk" 3475
"C:/Users/Shubham/Documents/Unreal Projects/ShooterSam/Content/StarterBundle/ModularSci_Int/Meshes/SM_Door_L.uasset" 3476
"C:/Users/Shubham/Documents/Unreal Projects/ShooterSam/Content/StarterBundle/ModularSci_Int/Meshes/SM_Door_L.uexp" 3477
"C:/Users/Shubham/Documents/Unreal Projects/ShooterSam/Content/StarterBundle/ModularSci_Int/Meshes/SM_FloorBuffer_A.ubulk" 3478
"C:/Users/Shubham/Documents/Unreal Projects/ShooterSam/Content/StarterBundle/ModularSci_Int/Meshes/SM_FloorBuffer_A.uasset" 3479
"C:/Users/Shubham/Documents/Unreal Projects/ShooterSam/Content/StarterBundle/ModularSci_Int/Meshes/SM_FloorBuffer_A.uexp" 3480
"C:/Users/Shubham/Documents/Unreal Projects/ShooterSam/Content/StarterBundle/ModularSci_Int/Meshes/SM_FloorBuffer_A_2.ubulk" 3481
"C:/Users/Shubham/Documents/Unreal Projects/ShooterSam/Content/StarterBundle/ModularSci_Int/Meshes/SM_FloorBuffer_A_2.uasset" 3482
"C:/Users/Shubham/Documents/Unreal Projects/ShooterSam/Content/StarterBundle/ModularSci_Int/Meshes/SM_FloorBuffer_A_2.uexp" 3483
"C:/Users/Shubham/Documents/Unreal Projects/ShooterSam/Content/StarterBundle/ModularSci_Int/Meshes/SM_FloorBuffer_B.ubulk" 3484
"C:/Users/Shubham/Documents/Unreal Projects/ShooterSam/Content/StarterBundle/ModularSci_Int/Meshes/SM_FloorBuffer_B.uasset" 3485
"C:/Users/Shubham/Documents/Unreal Projects/ShooterSam/Content/StarterBundle/ModularSci_Int/Meshes/SM_FloorBuffer_B.uexp" 3486
"C:/Users/Shubham/Documents/Unreal Projects/ShooterSam/Content/StarterBundle/ModularSci_Int/Meshes/SM_FloorBuffer_B_2.ubulk" 3487
"C:/Users/Shubham/Documents/Unreal Projects/ShooterSam/Content/StarterBundle/ModularSci_Int/Meshes/SM_FloorBuffer_B_2.uasset" 3488
"C:/Users/Shubham/Documents/Unreal Projects/ShooterSam/Content/StarterBundle/ModularSci_Int/Meshes/SM_FloorBuffer_B_2.uexp" 3489
"C:/Users/Shubham/Documents/Unreal Projects/ShooterSam/Content/StarterBundle/ModularSci_Int/Textures/T_FloorPanel_A_Diff.ubulk" 3490
"C:/Users/Shubham/Documents/Unreal Projects/ShooterSam/Content/StarterBundle/ModularSci_Int/Textures/T_FloorPanel_A_Diff.uasset" 3491
"C:/Users/Shubham/Documents/Unreal Projects/ShooterSam/Content/StarterBundle/ModularSci_Int/Textures/T_FloorPanel_A_Diff.uexp" 3492
"C:/Users/Shubham/Documents/Unreal Projects/ShooterSam/Content/StarterBundle/ModularSci_Int/Textures/T_FloorPanel_A_M.ubulk" 3493
"C:/Users/Shubham/Documents/Unreal Projects/ShooterSam/Content/StarterBundle/ModularSci_Int/Textures/T_FloorPanel_A_M.uasset" 3494
"C:/Users/Shubham/Documents/Unreal Projects/ShooterSam/Content/StarterBundle/ModularSci_Int/Textures/T_FloorPanel_A_M.uexp" 3495
"C:/Users/Shubham/Documents/Unreal Projects/ShooterSam/Content/StarterBundle/ModularSci_Int/Textures/T_norm.ubulk" 3496
"C:/Users/Shubham/Documents/Unreal Projects/ShooterSam/Content/StarterBundle/ModularSci_Int/Textures/T_norm.uasset" 3497
"C:/Users/Shubham/Documents/Unreal Projects/ShooterSam/Content/StarterBundle/ModularSci_Int/Textures/T_norm.uexp" 3498
"C:/Users/Shubham/Documents/Unreal Projects/ShooterSam/Content/StarterBundle/ModularSci_Int/Materials/MI_FloorPanel_A.uasset" 3499
"C:/Users/Shubham/Documents/Unreal Projects/ShooterSam/Content/StarterBundle/ModularSci_Int/Materials/MI_FloorPanel_A.uexp" 3500
"C:/Users/Shubham/Documents/Unreal Projects/ShooterSam/Content/StarterBundle/ModularSci_Int/Meshes/SM_FloorPanel_A.ubulk" 3501
"C:/Users/Shubham/Documents/Unreal Projects/ShooterSam/Content/StarterBundle/ModularSci_Int/Meshes/SM_FloorPanel_A.uasset" 3502
"C:/Users/Shubham/Documents/Unreal Projects/ShooterSam/Content/StarterBundle/ModularSci_Int/Meshes/SM_FloorPanel_A.uexp" 3503
"C:/Users/Shubham/Documents/Unreal Projects/ShooterSam/Content/StarterBundle/ModularSci_Int/Textures/T_FloorPanel_A_2_Diff.ubulk" 3504
"C:/Users/Shubham/Documents/Unreal Projects/ShooterSam/Content/StarterBundle/ModularSci_Int/Textures/T_FloorPanel_A_2_Diff.uasset" 3505
"C:/Users/Shubham/Documents/Unreal Projects/ShooterSam/Content/StarterBundle/ModularSci_Int/Textures/T_FloorPanel_A_2_Diff.uexp" 3506
"C:/Users/Shubham/Documents/Unreal Projects/ShooterSam/Content/StarterBundle/ModularSci_Int/Textures/T_FloorPanel_A_2_M.ubulk" 3507
"C:/Users/Shubham/Documents/Unreal Projects/ShooterSam/Content/StarterBundle/ModularSci_Int/Textures/T_FloorPanel_A_2_M.uasset" 3508
"C:/Users/Shubham/Documents/Unreal Projects/ShooterSam/Content/StarterBundle/ModularSci_Int/Textures/T_FloorPanel_A_2_M.uexp" 3509
"C:/Users/Shubham/Documents/Unreal Projects/ShooterSam/Content/StarterBundle/ModularSci_Int/Materials/MI_FloorPanel_A_2.uasset" 3510
"C:/Users/Shubham/Documents/Unreal Projects/ShooterSam/Content/StarterBundle/ModularSci_Int/Materials/MI_FloorPanel_A_2.uexp" 3511
"C:/Users/Shubham/Documents/Unreal Projects/ShooterSam/Content/StarterBundle/ModularSci_Int/Meshes/SM_FloorPanel_A_2.ubulk" 3512
"C:/Users/Shubham/Documents/Unreal Projects/ShooterSam/Content/StarterBundle/ModularSci_Int/Meshes/SM_FloorPanel_A_2.uasset" 3513
"C:/Users/Shubham/Documents/Unreal Projects/ShooterSam/Content/StarterBundle/ModularSci_Int/Meshes/SM_FloorPanel_A_2.uexp" 3514
"C:/Users/Shubham/Documents/Unreal Projects/ShooterSam/Content/StarterBundle/ModularSci_Int/Textures/T_Hall_Doorway_Panel_Diff.ubulk" 3515
"C:/Users/Shubham/Documents/Unreal Projects/ShooterSam/Content/StarterBundle/ModularSci_Int/Textures/T_Hall_Doorway_Panel_Diff.uasset" 3516
"C:/Users/Shubham/Documents/Unreal Projects/ShooterSam/Content/StarterBundle/ModularSci_Int/Textures/T_Hall_Doorway_Panel_Diff.uexp" 3517
"C:/Users/Shubham/Documents/Unreal Projects/ShooterSam/Content/StarterBundle/ModularSci_Int/Textures/T_Hall_Doorway_Panel_M.ubulk" 3518
"C:/Users/Shubham/Documents/Unreal Projects/ShooterSam/Content/StarterBundle/ModularSci_Int/Textures/T_Hall_Doorway_Panel_M.uasset" 3519
"C:/Users/Shubham/Documents/Unreal Projects/ShooterSam/Content/StarterBundle/ModularSci_Int/Textures/T_Hall_Doorway_Panel_M.uexp" 3520
"C:/Users/Shubham/Documents/Unreal Projects/ShooterSam/Content/StarterBundle/ModularSci_Int/Textures/T_Hall_Doorway_Panel_N_normals.ubulk" 3521
"C:/Users/Shubham/Documents/Unreal Projects/ShooterSam/Content/StarterBundle/ModularSci_Int/Textures/T_Hall_Doorway_Panel_N_normals.uasset" 3522
"C:/Users/Shubham/Documents/Unreal Projects/ShooterSam/Content/StarterBundle/ModularSci_Int/Textures/T_Hall_Doorway_Panel_N_normals.uexp" 3523
"C:/Users/Shubham/Documents/Unreal Projects/ShooterSam/Content/StarterBundle/ModularSci_Int/Materials/MI_Doorway_Panel.uasset" 3524
"C:/Users/Shubham/Documents/Unreal Projects/ShooterSam/Content/StarterBundle/ModularSci_Int/Materials/MI_Doorway_Panel.uexp" 3525
"C:/Users/Shubham/Documents/Unreal Projects/ShooterSam/Content/StarterBundle/ModularSci_Int/Meshes/SM_Hall_Doorway_Panel.ubulk" 3526
"C:/Users/Shubham/Documents/Unreal Projects/ShooterSam/Content/StarterBundle/ModularSci_Int/Meshes/SM_Hall_Doorway_Panel.uasset" 3527
"C:/Users/Shubham/Documents/Unreal Projects/ShooterSam/Content/StarterBundle/ModularSci_Int/Meshes/SM_Hall_Doorway_Panel.uexp" 3528
"C:/Users/Shubham/Documents/Unreal Projects/ShooterSam/Content/StarterBundle/ModularSci_Int/Materials/MI_Hall_Wall_C_3.uasset" 3529
"C:/Users/Shubham/Documents/Unreal Projects/ShooterSam/Content/StarterBundle/ModularSci_Int/Materials/MI_Hall_Wall_C_3.uexp" 3530
"C:/Users/Shubham/Documents/Unreal Projects/ShooterSam/Content/StarterBundle/ModularSci_Int/Meshes/SM_Hall_Wall_C_3.ubulk" 3531
"C:/Users/Shubham/Documents/Unreal Projects/ShooterSam/Content/StarterBundle/ModularSci_Int/Meshes/SM_Hall_Wall_C_3.uasset" 3532
"C:/Users/Shubham/Documents/Unreal Projects/ShooterSam/Content/StarterBundle/ModularSci_Int/Meshes/SM_Hall_Wall_C_3.uexp" 3533
"C:/Users/Shubham/Documents/Unreal Projects/ShooterSam/Content/StarterBundle/ModularSci_Int/Textures/T_Hall_WDetails_A_Diff.ubulk" 3534
"C:/Users/Shubham/Documents/Unreal Projects/ShooterSam/Content/StarterBundle/ModularSci_Int/Textures/T_Hall_WDetails_A_Diff.uasset" 3535
"C:/Users/Shubham/Documents/Unreal Projects/ShooterSam/Content/StarterBundle/ModularSci_Int/Textures/T_Hall_WDetails_A_Diff.uexp" 3536
"C:/Users/Shubham/Documents/Unreal Projects/ShooterSam/Content/StarterBundle/ModularSci_Int/Textures/T_Hall_WDetails_A_M.ubulk" 3537
"C:/Users/Shubham/Documents/Unreal Projects/ShooterSam/Content/StarterBundle/ModularSci_Int/Textures/T_Hall_WDetails_A_M.uasset" 3538
"C:/Users/Shubham/Documents/Unreal Projects/ShooterSam/Content/StarterBundle/ModularSci_Int/Textures/T_Hall_WDetails_A_M.uexp" 3539
"C:/Users/Shubham/Documents/Unreal Projects/ShooterSam/Content/StarterBundle/ModularSci_Int/Textures/T_Hall_WDetails_A_N_normals.ubulk" 3540
"C:/Users/Shubham/Documents/Unreal Projects/ShooterSam/Content/StarterBundle/ModularSci_Int/Textures/T_Hall_WDetails_A_N_normals.uasset" 3541
"C:/Users/Shubham/Documents/Unreal Projects/ShooterSam/Content/StarterBundle/ModularSci_Int/Textures/T_Hall_WDetails_A_N_normals.uexp" 3542
"C:/Users/Shubham/Documents/Unreal Projects/ShooterSam/Content/StarterBundle/ModularSci_Int/Materials/MI_Hall_WDetails_A.uasset" 3543
"C:/Users/Shubham/Documents/Unreal Projects/ShooterSam/Content/StarterBundle/ModularSci_Int/Materials/MI_Hall_WDetails_A.uexp" 3544
"C:/Users/Shubham/Documents/Unreal Projects/ShooterSam/Content/StarterBundle/ModularSci_Int/Meshes/SM_Hall_WDetails_A.ubulk" 3545
"C:/Users/Shubham/Documents/Unreal Projects/ShooterSam/Content/StarterBundle/ModularSci_Int/Meshes/SM_Hall_WDetails_A.uasset" 3546
"C:/Users/Shubham/Documents/Unreal Projects/ShooterSam/Content/StarterBundle/ModularSci_Int/Meshes/SM_Hall_WDetails_A.uexp" 3547
"C:/Users/Shubham/Documents/Unreal Projects/ShooterSam/Content/StarterBundle/ModularSci_Int/Textures/T_Hall_Light_Square_Diff.ubulk" 3548
"C:/Users/Shubham/Documents/Unreal Projects/ShooterSam/Content/StarterBundle/ModularSci_Int/Textures/T_Hall_Light_Square_Diff.uasset" 3549
"C:/Users/Shubham/Documents/Unreal Projects/ShooterSam/Content/StarterBundle/ModularSci_Int/Textures/T_Hall_Light_Square_Diff.uexp" 3550
"C:/Users/Shubham/Documents/Unreal Projects/ShooterSam/Content/StarterBundle/ModularSci_Int/Textures/T_Hall_Light_Square_EM.ubulk" 3551
"C:/Users/Shubham/Documents/Unreal Projects/ShooterSam/Content/StarterBundle/ModularSci_Int/Textures/T_Hall_Light_Square_EM.uasset" 3552
"C:/Users/Shubham/Documents/Unreal Projects/ShooterSam/Content/StarterBundle/ModularSci_Int/Textures/T_Hall_Light_Square_EM.uexp" 3553
"C:/Users/Shubham/Documents/Unreal Projects/ShooterSam/Content/StarterBundle/ModularSci_Int/Textures/T_Hall_Light_Square_M.ubulk" 3554
"C:/Users/Shubham/Documents/Unreal Projects/ShooterSam/Content/StarterBundle/ModularSci_Int/Textures/T_Hall_Light_Square_M.uasset" 3555
"C:/Users/Shubham/Documents/Unreal Projects/ShooterSam/Content/StarterBundle/ModularSci_Int/Textures/T_Hall_Light_Square_M.uexp" 3556
"C:/Users/Shubham/Documents/Unreal Projects/ShooterSam/Content/StarterBundle/ModularSci_Int/Textures/T_Hall_Light_Square_N_normals.ubulk" 3557
"C:/Users/Shubham/Documents/Unreal Projects/ShooterSam/Content/StarterBundle/ModularSci_Int/Textures/T_Hall_Light_Square_N_normals.uasset" 3558
"C:/Users/Shubham/Documents/Unreal Projects/ShooterSam/Content/StarterBundle/ModularSci_Int/Textures/T_Hall_Light_Square_N_normals.uexp" 3559
"C:/Users/Shubham/Documents/Unreal Projects/ShooterSam/Content/StarterBundle/ModularSci_Int/Materials/MI_Light_Square.uasset" 3560
"C:/Users/Shubham/Documents/Unreal Projects/ShooterSam/Content/StarterBundle/ModularSci_Int/Materials/MI_Light_Square.uexp" 3561
"C:/Users/Shubham/Documents/Unreal Projects/ShooterSam/Content/StarterBundle/ModularSci_Int/Meshes/SM_Light_Square.ubulk" 3562
"C:/Users/Shubham/Documents/Unreal Projects/ShooterSam/Content/StarterBundle/ModularSci_Int/Meshes/SM_Light_Square.uasset" 3563
"C:/Users/Shubham/Documents/Unreal Projects/ShooterSam/Content/StarterBundle/ModularSci_Int/Meshes/SM_Light_Square.uexp" 3564
"C:/Users/Shubham/Documents/Unreal Projects/ShooterSam/Content/StarterBundle/ModularSci_Int/Textures/T_Hall_Pipe_Handle_Diff_b.ubulk" 3565
"C:/Users/Shubham/Documents/Unreal Projects/ShooterSam/Content/StarterBundle/ModularSci_Int/Textures/T_Hall_Pipe_Handle_Diff_b.uasset" 3566
"C:/Users/Shubham/Documents/Unreal Projects/ShooterSam/Content/StarterBundle/ModularSci_Int/Textures/T_Hall_Pipe_Handle_Diff_b.uexp" 3567
"C:/Users/Shubham/Documents/Unreal Projects/ShooterSam/Content/StarterBundle/ModularSci_Int/Textures/T_Hall_Pipe_Handle_M.ubulk" 3568
"C:/Users/Shubham/Documents/Unreal Projects/ShooterSam/Content/StarterBundle/ModularSci_Int/Textures/T_Hall_Pipe_Handle_M.uasset" 3569
"C:/Users/Shubham/Documents/Unreal Projects/ShooterSam/Content/StarterBundle/ModularSci_Int/Textures/T_Hall_Pipe_Handle_M.uexp" 3570
"C:/Users/Shubham/Documents/Unreal Projects/ShooterSam/Content/StarterBundle/ModularSci_Int/Textures/T_Hall_Pipe_Handle_N_normals.ubulk" 3571
"C:/Users/Shubham/Documents/Unreal Projects/ShooterSam/Content/StarterBundle/ModularSci_Int/Textures/T_Hall_Pipe_Handle_N_normals.uasset" 3572
"C:/Users/Shubham/Documents/Unreal Projects/ShooterSam/Content/StarterBundle/ModularSci_Int/Textures/T_Hall_Pipe_Handle_N_normals.uexp" 3573
"C:/Users/Shubham/Documents/Unreal Projects/ShooterSam/Content/StarterBundle/ModularSci_Int/Materials/MI_DoorwayPipes.uasset" 3574
"C:/Users/Shubham/Documents/Unreal Projects/ShooterSam/Content/StarterBundle/ModularSci_Int/Materials/MI_DoorwayPipes.uexp" 3575
"C:/Users/Shubham/Documents/Unreal Projects/ShooterSam/Content/StarterBundle/ModularSci_Int/Meshes/SM_Pipes_Doorway.ubulk" 3576
"C:/Users/Shubham/Documents/Unreal Projects/ShooterSam/Content/StarterBundle/ModularSci_Int/Meshes/SM_Pipes_Doorway.uasset" 3577
"C:/Users/Shubham/Documents/Unreal Projects/ShooterSam/Content/StarterBundle/ModularSci_Int/Meshes/SM_Pipes_Doorway.uexp" 3578
"C:/Users/Shubham/Documents/Unreal Projects/ShooterSam/Content/StarterBundle/ModularSci_Int/Materials/MI_Pipes_A.uasset" 3579
"C:/Users/Shubham/Documents/Unreal Projects/ShooterSam/Content/StarterBundle/ModularSci_Int/Materials/MI_Pipes_A.uexp" 3580
"C:/Users/Shubham/Documents/Unreal Projects/ShooterSam/Content/StarterBundle/ModularSci_Int/Meshes/SM_Pipe_Ceiling_A.ubulk" 3581
"C:/Users/Shubham/Documents/Unreal Projects/ShooterSam/Content/StarterBundle/ModularSci_Int/Meshes/SM_Pipe_Ceiling_A.uasset" 3582
"C:/Users/Shubham/Documents/Unreal Projects/ShooterSam/Content/StarterBundle/ModularSci_Int/Meshes/SM_Pipe_Ceiling_A.uexp" 3583
"C:/Users/Shubham/Documents/Unreal Projects/ShooterSam/Content/StarterBundle/ModularSci_Int/Meshes/SM_Pipe_Ceiling_B.ubulk" 3584
"C:/Users/Shubham/Documents/Unreal Projects/ShooterSam/Content/StarterBundle/ModularSci_Int/Meshes/SM_Pipe_Ceiling_B.uasset" 3585
"C:/Users/Shubham/Documents/Unreal Projects/ShooterSam/Content/StarterBundle/ModularSci_Int/Meshes/SM_Pipe_Ceiling_B.uexp" 3586
"C:/Users/Shubham/Documents/Unreal Projects/ShooterSam/Content/StarterBundle/ModularSci_Int/Meshes/SM_Pipe_Ceiling_C.ubulk" 3587
"C:/Users/Shubham/Documents/Unreal Projects/ShooterSam/Content/StarterBundle/ModularSci_Int/Meshes/SM_Pipe_Ceiling_C.uasset" 3588
"C:/Users/Shubham/Documents/Unreal Projects/ShooterSam/Content/StarterBundle/ModularSci_Int/Meshes/SM_Pipe_Ceiling_C.uexp" 3589
"C:/Users/Shubham/Documents/Unreal Projects/ShooterSam/Content/StarterBundle/ModularSci_Int/Meshes/SM_Pipe_Div_B.ubulk" 3590
"C:/Users/Shubham/Documents/Unreal Projects/ShooterSam/Content/StarterBundle/ModularSci_Int/Meshes/SM_Pipe_Div_B.uasset" 3591
"C:/Users/Shubham/Documents/Unreal Projects/ShooterSam/Content/StarterBundle/ModularSci_Int/Meshes/SM_Pipe_Div_B.uexp" 3592
"C:/Users/Shubham/Documents/Unreal Projects/ShooterSam/Content/StarterBundle/ModularSci_Int/Meshes/SM_Pipe_Vent.ubulk" 3593
"C:/Users/Shubham/Documents/Unreal Projects/ShooterSam/Content/StarterBundle/ModularSci_Int/Meshes/SM_Pipe_Vent.uasset" 3594
"C:/Users/Shubham/Documents/Unreal Projects/ShooterSam/Content/StarterBundle/ModularSci_Int/Meshes/SM_Pipe_Vent.uexp" 3595
"C:/Users/Shubham/Documents/Unreal Projects/ShooterSam/Content/StarterBundle/ModularSci_Int/Meshes/SM_Pipe_Vent_2.ubulk" 3596
"C:/Users/Shubham/Documents/Unreal Projects/ShooterSam/Content/StarterBundle/ModularSci_Int/Meshes/SM_Pipe_Vent_2.uasset" 3597
"C:/Users/Shubham/Documents/Unreal Projects/ShooterSam/Content/StarterBundle/ModularSci_Int/Meshes/SM_Pipe_Vent_2.uexp" 3598
"C:/Users/Shubham/Documents/Unreal Projects/ShooterSam/Content/StarterBundle/ModularSci_Int/Meshes/SM_Pipe_Wall_A.ubulk" 3599
"C:/Users/Shubham/Documents/Unreal Projects/ShooterSam/Content/StarterBundle/ModularSci_Int/Meshes/SM_Pipe_Wall_A.uasset" 3600
"C:/Users/Shubham/Documents/Unreal Projects/ShooterSam/Content/StarterBundle/ModularSci_Int/Meshes/SM_Pipe_Wall_A.uexp" 3601
"C:/Users/Shubham/Documents/Unreal Projects/ShooterSam/Content/StarterBundle/ModularSci_Int/Meshes/SM_Pipe_WinCeiling_2.ubulk" 3602
"C:/Users/Shubham/Documents/Unreal Projects/ShooterSam/Content/StarterBundle/ModularSci_Int/Meshes/SM_Pipe_WinCeiling_2.uasset" 3603
"C:/Users/Shubham/Documents/Unreal Projects/ShooterSam/Content/StarterBundle/ModularSci_Int/Meshes/SM_Pipe_WinCeiling_2.uexp" 3604
"C:/Users/Shubham/Documents/Unreal Projects/ShooterSam/Content/StarterBundle/ModularSci_Int/Materials/MI_WallBuffer_A.uasset" 3605
"C:/Users/Shubham/Documents/Unreal Projects/ShooterSam/Content/StarterBundle/ModularSci_Int/Materials/MI_WallBuffer_A.uexp" 3606
"C:/Users/Shubham/Documents/Unreal Projects/ShooterSam/Content/StarterBundle/ModularSci_Int/Meshes/SM_WallBuffer_A.ubulk" 3607
"C:/Users/Shubham/Documents/Unreal Projects/ShooterSam/Content/StarterBundle/ModularSci_Int/Meshes/SM_WallBuffer_A.uasset" 3608
"C:/Users/Shubham/Documents/Unreal Projects/ShooterSam/Content/StarterBundle/ModularSci_Int/Meshes/SM_WallBuffer_A.uexp" 3609
"C:/Users/Shubham/Documents/Unreal Projects/ShooterSam/Content/StarterBundle/ModularSci_Int/Materials/MI_Pipes_A_Med.uasset" 3610
"C:/Users/Shubham/Documents/Unreal Projects/ShooterSam/Content/StarterBundle/ModularSci_Int/Materials/MI_Pipes_A_Med.uexp" 3611
"C:/Users/Shubham/Documents/Unreal Projects/ShooterSam/Content/StarterBundle/ModularSci_Int/Materials/M_Base_3C.uasset" 3612
"C:/Users/Shubham/Documents/Unreal Projects/ShooterSam/Content/StarterBundle/ModularSci_Int/Materials/M_Base_3C.uexp" 3613
"C:/Users/Shubham/Documents/Unreal Projects/ShooterSam/Content/StarterBundle/ModularSci_Int/Textures/T_WallBuffer_B_Diff.ubulk" 3614
"C:/Users/Shubham/Documents/Unreal Projects/ShooterSam/Content/StarterBundle/ModularSci_Int/Textures/T_WallBuffer_B_Diff.uasset" 3615
"C:/Users/Shubham/Documents/Unreal Projects/ShooterSam/Content/StarterBundle/ModularSci_Int/Textures/T_WallBuffer_B_Diff.uexp" 3616
"C:/Users/Shubham/Documents/Unreal Projects/ShooterSam/Content/StarterBundle/ModularSci_Int/Textures/T_WallBuffer_B_M.ubulk" 3617
"C:/Users/Shubham/Documents/Unreal Projects/ShooterSam/Content/StarterBundle/ModularSci_Int/Textures/T_WallBuffer_B_M.uasset" 3618
"C:/Users/Shubham/Documents/Unreal Projects/ShooterSam/Content/StarterBundle/ModularSci_Int/Textures/T_WallBuffer_B_M.uexp" 3619
"C:/Users/Shubham/Documents/Unreal Projects/ShooterSam/Content/StarterBundle/ModularSci_Int/Textures/T_WallBuffer_B_normals.ubulk" 3620
"C:/Users/Shubham/Documents/Unreal Projects/ShooterSam/Content/StarterBundle/ModularSci_Int/Textures/T_WallBuffer_B_normals.uasset" 3621
"C:/Users/Shubham/Documents/Unreal Projects/ShooterSam/Content/StarterBundle/ModularSci_Int/Textures/T_WallBuffer_B_normals.uexp" 3622
"C:/Users/Shubham/Documents/Unreal Projects/ShooterSam/Content/StarterBundle/ModularSci_Int/Materials/MI_WallBuffer_B.uasset" 3623
"C:/Users/Shubham/Documents/Unreal Projects/ShooterSam/Content/StarterBundle/ModularSci_Int/Materials/MI_WallBuffer_B.uexp" 3624
"C:/Users/Shubham/Documents/Unreal Projects/ShooterSam/Content/StarterBundle/ModularSci_Int/Meshes/SM_WallBuffer_B.ubulk" 3625
"C:/Users/Shubham/Documents/Unreal Projects/ShooterSam/Content/StarterBundle/ModularSci_Int/Meshes/SM_WallBuffer_B.uasset" 3626
"C:/Users/Shubham/Documents/Unreal Projects/ShooterSam/Content/StarterBundle/ModularSci_Int/Meshes/SM_WallBuffer_B.uexp" 3627
"C:/Users/Shubham/Documents/Unreal Projects/ShooterSam/Content/StarterBundle/ModularSci_Int/Meshes/SM_WallEdge_A.ubulk" 3628
"C:/Users/Shubham/Documents/Unreal Projects/ShooterSam/Content/StarterBundle/ModularSci_Int/Meshes/SM_WallEdge_A.uasset" 3629
"C:/Users/Shubham/Documents/Unreal Projects/ShooterSam/Content/StarterBundle/ModularSci_Int/Meshes/SM_WallEdge_A.uexp" 3630
"C:/Users/Shubham/Documents/Unreal Projects/ShooterSam/Content/StarterBundle/ModularSci_Int/Meshes/SM_WallEdge_A_2.ubulk" 3631
"C:/Users/Shubham/Documents/Unreal Projects/ShooterSam/Content/StarterBundle/ModularSci_Int/Meshes/SM_WallEdge_A_2.uasset" 3632
"C:/Users/Shubham/Documents/Unreal Projects/ShooterSam/Content/StarterBundle/ModularSci_Int/Meshes/SM_WallEdge_A_2.uexp" 3633
"C:/Users/Shubham/Documents/Unreal Projects/ShooterSam/Content/StarterBundle/ModularSci_Int/Meshes/SM_WallEdge_A_3.ubulk" 3634
"C:/Users/Shubham/Documents/Unreal Projects/ShooterSam/Content/StarterBundle/ModularSci_Int/Meshes/SM_WallEdge_A_3.uasset" 3635
"C:/Users/Shubham/Documents/Unreal Projects/ShooterSam/Content/StarterBundle/ModularSci_Int/Meshes/SM_WallEdge_A_3.uexp" 3636
"C:/Users/Shubham/Documents/Unreal Projects/ShooterSam/Content/StarterBundle/ModularSci_Int/Meshes/SM_WallEdge_A_4.ubulk" 3637
"C:/Users/Shubham/Documents/Unreal Projects/ShooterSam/Content/StarterBundle/ModularSci_Int/Meshes/SM_WallEdge_A_4.uasset" 3638
"C:/Users/Shubham/Documents/Unreal Projects/ShooterSam/Content/StarterBundle/ModularSci_Int/Meshes/SM_WallEdge_A_4.uexp" 3639
"C:/Users/Shubham/Documents/Unreal Projects/ShooterSam/Content/StarterBundle/ModularSci_Int/Textures/T_Wall_A_Diff.ubulk" 3640
"C:/Users/Shubham/Documents/Unreal Projects/ShooterSam/Content/StarterBundle/ModularSci_Int/Textures/T_Wall_A_Diff.uasset" 3641
"C:/Users/Shubham/Documents/Unreal Projects/ShooterSam/Content/StarterBundle/ModularSci_Int/Textures/T_Wall_A_Diff.uexp" 3642
"C:/Users/Shubham/Documents/Unreal Projects/ShooterSam/Content/StarterBundle/ModularSci_Int/Textures/T_Wall_A_M.ubulk" 3643
"C:/Users/Shubham/Documents/Unreal Projects/ShooterSam/Content/StarterBundle/ModularSci_Int/Textures/T_Wall_A_M.uasset" 3644
"C:/Users/Shubham/Documents/Unreal Projects/ShooterSam/Content/StarterBundle/ModularSci_Int/Textures/T_Wall_A_M.uexp" 3645
"C:/Users/Shubham/Documents/Unreal Projects/ShooterSam/Content/StarterBundle/ModularSci_Int/Textures/T_Wall_A_N_normals.ubulk" 3646
"C:/Users/Shubham/Documents/Unreal Projects/ShooterSam/Content/StarterBundle/ModularSci_Int/Textures/T_Wall_A_N_normals.uasset" 3647
"C:/Users/Shubham/Documents/Unreal Projects/ShooterSam/Content/StarterBundle/ModularSci_Int/Textures/T_Wall_A_N_normals.uexp" 3648
"C:/Users/Shubham/Documents/Unreal Projects/ShooterSam/Content/StarterBundle/ModularSci_Int/Materials/MI_Wall_A.uasset" 3649
"C:/Users/Shubham/Documents/Unreal Projects/ShooterSam/Content/StarterBundle/ModularSci_Int/Materials/MI_Wall_A.uexp" 3650
"C:/Users/Shubham/Documents/Unreal Projects/ShooterSam/Content/StarterBundle/ModularSci_Int/Meshes/SM_Wall_A.ubulk" 3651
"C:/Users/Shubham/Documents/Unreal Projects/ShooterSam/Content/StarterBundle/ModularSci_Int/Meshes/SM_Wall_A.uasset" 3652
"C:/Users/Shubham/Documents/Unreal Projects/ShooterSam/Content/StarterBundle/ModularSci_Int/Meshes/SM_Wall_A.uexp" 3653
"C:/Users/Shubham/Documents/Unreal Projects/ShooterSam/Content/StarterBundle/ModularSci_Int/Meshes/SM_Wall_A_2.ubulk" 3654
"C:/Users/Shubham/Documents/Unreal Projects/ShooterSam/Content/StarterBundle/ModularSci_Int/Meshes/SM_Wall_A_2.uasset" 3655
"C:/Users/Shubham/Documents/Unreal Projects/ShooterSam/Content/StarterBundle/ModularSci_Int/Meshes/SM_Wall_A_2.uexp" 3656
"C:/Users/Shubham/Documents/Unreal Projects/ShooterSam/Content/StarterBundle/ModularSci_Int/Meshes/SM_Wall_B.ubulk" 3657
"C:/Users/Shubham/Documents/Unreal Projects/ShooterSam/Content/StarterBundle/ModularSci_Int/Meshes/SM_Wall_B.uasset" 3658
"C:/Users/Shubham/Documents/Unreal Projects/ShooterSam/Content/StarterBundle/ModularSci_Int/Meshes/SM_Wall_B.uexp" 3659
"C:/Users/Shubham/Documents/Unreal Projects/ShooterSam/Content/StarterBundle/ModularSci_Int/Meshes/SM_Wall_B_2.ubulk" 3660
"C:/Users/Shubham/Documents/Unreal Projects/ShooterSam/Content/StarterBundle/ModularSci_Int/Meshes/SM_Wall_B_2.uasset" 3661
"C:/Users/Shubham/Documents/Unreal Projects/ShooterSam/Content/StarterBundle/ModularSci_Int/Meshes/SM_Wall_B_2.uexp" 3662
"C:/Users/Shubham/Documents/Unreal Projects/ShooterSam/Content/StarterBundle/ModularSci_Int/Meshes/SM_Wall_B_3.ubulk" 3663
"C:/Users/Shubham/Documents/Unreal Projects/ShooterSam/Content/StarterBundle/ModularSci_Int/Meshes/SM_Wall_B_3.uasset" 3664
"C:/Users/Shubham/Documents/Unreal Projects/ShooterSam/Content/StarterBundle/ModularSci_Int/Meshes/SM_Wall_B_3.uexp" 3665
"C:/Users/Shubham/Documents/Unreal Projects/ShooterSam/Content/StarterBundle/ModularSci_Int/Meshes/SM_Wall_C.ubulk" 3666
"C:/Users/Shubham/Documents/Unreal Projects/ShooterSam/Content/StarterBundle/ModularSci_Int/Meshes/SM_Wall_C.uasset" 3667
"C:/Users/Shubham/Documents/Unreal Projects/ShooterSam/Content/StarterBundle/ModularSci_Int/Meshes/SM_Wall_C.uexp" 3668
"C:/Users/Shubham/Documents/Unreal Projects/ShooterSam/Content/StarterBundle/ModularSci_Int/Textures/T_FloorPanel_D_Diff.ubulk" 3669
"C:/Users/Shubham/Documents/Unreal Projects/ShooterSam/Content/StarterBundle/ModularSci_Int/Textures/T_FloorPanel_D_Diff.uasset" 3670
"C:/Users/Shubham/Documents/Unreal Projects/ShooterSam/Content/StarterBundle/ModularSci_Int/Textures/T_FloorPanel_D_Diff.uexp" 3671
"C:/Users/Shubham/Documents/Unreal Projects/ShooterSam/Content/StarterBundle/ModularSci_Int/Textures/T_FloorPanel_D_M.ubulk" 3672
"C:/Users/Shubham/Documents/Unreal Projects/ShooterSam/Content/StarterBundle/ModularSci_Int/Textures/T_FloorPanel_D_M.uasset" 3673
"C:/Users/Shubham/Documents/Unreal Projects/ShooterSam/Content/StarterBundle/ModularSci_Int/Textures/T_FloorPanel_D_M.uexp" 3674
"C:/Users/Shubham/Documents/Unreal Projects/ShooterSam/Content/StarterBundle/ModularSci_Int/Textures/T_FloorPanel_D_N_normals.ubulk" 3675
"C:/Users/Shubham/Documents/Unreal Projects/ShooterSam/Content/StarterBundle/ModularSci_Int/Textures/T_FloorPanel_D_N_normals.uasset" 3676
"C:/Users/Shubham/Documents/Unreal Projects/ShooterSam/Content/StarterBundle/ModularSci_Int/Textures/T_FloorPanel_D_N_normals.uexp" 3677
"C:/Users/Shubham/Documents/Unreal Projects/ShooterSam/Content/StarterBundle/ModularSci_Int/Materials/MI_Wall_D.uasset" 3678
"C:/Users/Shubham/Documents/Unreal Projects/ShooterSam/Content/StarterBundle/ModularSci_Int/Materials/MI_Wall_D.uexp" 3679
"C:/Users/Shubham/Documents/Unreal Projects/ShooterSam/Content/StarterBundle/ModularSci_Int/Materials/MI_Wall_D_Top.uasset" 3680
"C:/Users/Shubham/Documents/Unreal Projects/ShooterSam/Content/StarterBundle/ModularSci_Int/Materials/MI_Wall_D_Top.uexp" 3681
"C:/Users/Shubham/Documents/Unreal Projects/ShooterSam/Content/StarterBundle/ModularSci_Int/Meshes/SM_Wall_D.ubulk" 3682
"C:/Users/Shubham/Documents/Unreal Projects/ShooterSam/Content/StarterBundle/ModularSci_Int/Meshes/SM_Wall_D.uasset" 3683
"C:/Users/Shubham/Documents/Unreal Projects/ShooterSam/Content/StarterBundle/ModularSci_Int/Meshes/SM_Wall_D.uexp" 3684
"C:/Users/Shubham/Documents/Unreal Projects/ShooterSam/Content/StarterBundle/ModularSci_Int/Meshes/SM_Win_CeilingBrace.ubulk" 3685
"C:/Users/Shubham/Documents/Unreal Projects/ShooterSam/Content/StarterBundle/ModularSci_Int/Meshes/SM_Win_CeilingBrace.uasset" 3686
"C:/Users/Shubham/Documents/Unreal Projects/ShooterSam/Content/StarterBundle/ModularSci_Int/Meshes/SM_Win_CeilingBrace.uexp" 3687
"C:/Users/Shubham/Documents/Unreal Projects/ShooterSam/Content/StarterBundle/ModularSci_Int/Meshes/SM_Win_CeilingPipes_A.ubulk" 3688
"C:/Users/Shubham/Documents/Unreal Projects/ShooterSam/Content/StarterBundle/ModularSci_Int/Meshes/SM_Win_CeilingPipes_A.uasset" 3689
"C:/Users/Shubham/Documents/Unreal Projects/ShooterSam/Content/StarterBundle/ModularSci_Int/Meshes/SM_Win_CeilingPipes_A.uexp" 3690
"C:/Users/Shubham/Documents/Unreal Projects/ShooterSam/Content/StarterBundle/ModularSci_Int/Textures/T_Win_Ceiling_A_Diff.ubulk" 3691
"C:/Users/Shubham/Documents/Unreal Projects/ShooterSam/Content/StarterBundle/ModularSci_Int/Textures/T_Win_Ceiling_A_Diff.uasset" 3692
"C:/Users/Shubham/Documents/Unreal Projects/ShooterSam/Content/StarterBundle/ModularSci_Int/Textures/T_Win_Ceiling_A_Diff.uexp" 3693
"C:/Users/Shubham/Documents/Unreal Projects/ShooterSam/Content/StarterBundle/ModularSci_Int/Textures/T_Win_Ceiling_A_M.ubulk" 3694
"C:/Users/Shubham/Documents/Unreal Projects/ShooterSam/Content/StarterBundle/ModularSci_Int/Textures/T_Win_Ceiling_A_M.uasset" 3695
"C:/Users/Shubham/Documents/Unreal Projects/ShooterSam/Content/StarterBundle/ModularSci_Int/Textures/T_Win_Ceiling_A_M.uexp" 3696
"C:/Users/Shubham/Documents/Unreal Projects/ShooterSam/Content/StarterBundle/ModularSci_Int/Textures/T_Win_Ceiling_A_N_normals.ubulk" 3697
"C:/Users/Shubham/Documents/Unreal Projects/ShooterSam/Content/StarterBundle/ModularSci_Int/Textures/T_Win_Ceiling_A_N_normals.uasset" 3698
"C:/Users/Shubham/Documents/Unreal Projects/ShooterSam/Content/StarterBundle/ModularSci_Int/Textures/T_Win_Ceiling_A_N_normals.uexp" 3699
"C:/Users/Shubham/Documents/Unreal Projects/ShooterSam/Content/StarterBundle/ModularSci_Int/Materials/MI_Win_Ceiling_A.uasset" 3700
"C:/Users/Shubham/Documents/Unreal Projects/ShooterSam/Content/StarterBundle/ModularSci_Int/Materials/MI_Win_Ceiling_A.uexp" 3701
"C:/Users/Shubham/Documents/Unreal Projects/ShooterSam/Content/StarterBundle/ModularSci_Int/Meshes/SM_Win_Ceiling_A.ubulk" 3702
"C:/Users/Shubham/Documents/Unreal Projects/ShooterSam/Content/StarterBundle/ModularSci_Int/Meshes/SM_Win_Ceiling_A.uasset" 3703
"C:/Users/Shubham/Documents/Unreal Projects/ShooterSam/Content/StarterBundle/ModularSci_Int/Meshes/SM_Win_Ceiling_A.uexp" 3704
"C:/Users/Shubham/Documents/Unreal Projects/ShooterSam/Content/StarterBundle/ModularSci_Int/Meshes/SM_Win_Ceiling_B.ubulk" 3705
"C:/Users/Shubham/Documents/Unreal Projects/ShooterSam/Content/StarterBundle/ModularSci_Int/Meshes/SM_Win_Ceiling_B.uasset" 3706
"C:/Users/Shubham/Documents/Unreal Projects/ShooterSam/Content/StarterBundle/ModularSci_Int/Meshes/SM_Win_Ceiling_B.uexp" 3707
"C:/Users/Shubham/Documents/Unreal Projects/ShooterSam/Content/StarterBundle/ModularSci_Int/Meshes/SM_Win_Ceiling_C.ubulk" 3708
"C:/Users/Shubham/Documents/Unreal Projects/ShooterSam/Content/StarterBundle/ModularSci_Int/Meshes/SM_Win_Ceiling_C.uasset" 3709
"C:/Users/Shubham/Documents/Unreal Projects/ShooterSam/Content/StarterBundle/ModularSci_Int/Meshes/SM_Win_Ceiling_C.uexp" 3710
"C:/Users/Shubham/Documents/Unreal Projects/ShooterSam/Content/StarterBundle/ModularSci_Int/Meshes/SM_Win_Ceiling_D.ubulk" 3711
"C:/Users/Shubham/Documents/Unreal Projects/ShooterSam/Content/StarterBundle/ModularSci_Int/Meshes/SM_Win_Ceiling_D.uasset" 3712
"C:/Users/Shubham/Documents/Unreal Projects/ShooterSam/Content/StarterBundle/ModularSci_Int/Meshes/SM_Win_Ceiling_D.uexp" 3713
"C:/Users/Shubham/Documents/Unreal Projects/ShooterSam/Content/StarterBundle/ModularSci_Int/Meshes/SM_Win_Ceiling_E.ubulk" 3714
"C:/Users/Shubham/Documents/Unreal Projects/ShooterSam/Content/StarterBundle/ModularSci_Int/Meshes/SM_Win_Ceiling_E.uasset" 3715
"C:/Users/Shubham/Documents/Unreal Projects/ShooterSam/Content/StarterBundle/ModularSci_Int/Meshes/SM_Win_Ceiling_E.uexp" 3716
"C:/Users/Shubham/Documents/Unreal Projects/ShooterSam/Content/StarterBundle/ModularSci_Int/Meshes/SM_Win_Ceiling_F.ubulk" 3717
"C:/Users/Shubham/Documents/Unreal Projects/ShooterSam/Content/StarterBundle/ModularSci_Int/Meshes/SM_Win_Ceiling_F.uasset" 3718
"C:/Users/Shubham/Documents/Unreal Projects/ShooterSam/Content/StarterBundle/ModularSci_Int/Meshes/SM_Win_Ceiling_F.uexp" 3719
"C:/Users/Shubham/Documents/Unreal Projects/ShooterSam/Content/StarterBundle/ModularSci_Int/Textures/T_Win_Divider_A_Diff.ubulk" 3720
"C:/Users/Shubham/Documents/Unreal Projects/ShooterSam/Content/StarterBundle/ModularSci_Int/Textures/T_Win_Divider_A_Diff.uasset" 3721
"C:/Users/Shubham/Documents/Unreal Projects/ShooterSam/Content/StarterBundle/ModularSci_Int/Textures/T_Win_Divider_A_Diff.uexp" 3722
"C:/Users/Shubham/Documents/Unreal Projects/ShooterSam/Content/StarterBundle/ModularSci_Int/Textures/T_Win_Divider_A_M.ubulk" 3723
"C:/Users/Shubham/Documents/Unreal Projects/ShooterSam/Content/StarterBundle/ModularSci_Int/Textures/T_Win_Divider_A_M.uasset" 3724
"C:/Users/Shubham/Documents/Unreal Projects/ShooterSam/Content/StarterBundle/ModularSci_Int/Textures/T_Win_Divider_A_M.uexp" 3725
"C:/Users/Shubham/Documents/Unreal Projects/ShooterSam/Content/StarterBundle/ModularSci_Int/Textures/T_Win_Divider_A_N_normals.ubulk" 3726
"C:/Users/Shubham/Documents/Unreal Projects/ShooterSam/Content/StarterBundle/ModularSci_Int/Textures/T_Win_Divider_A_N_normals.uasset" 3727
"C:/Users/Shubham/Documents/Unreal Projects/ShooterSam/Content/StarterBundle/ModularSci_Int/Textures/T_Win_Divider_A_N_normals.uexp" 3728
"C:/Users/Shubham/Documents/Unreal Projects/ShooterSam/Content/StarterBundle/ModularSci_Int/Materials/MI_Win_Divider_A.uasset" 3729
"C:/Users/Shubham/Documents/Unreal Projects/ShooterSam/Content/StarterBundle/ModularSci_Int/Materials/MI_Win_Divider_A.uexp" 3730
"C:/Users/Shubham/Documents/Unreal Projects/ShooterSam/Content/StarterBundle/ModularSci_Int/Meshes/SM_Win_Divider_A.ubulk" 3731
"C:/Users/Shubham/Documents/Unreal Projects/ShooterSam/Content/StarterBundle/ModularSci_Int/Meshes/SM_Win_Divider_A.uasset" 3732
"C:/Users/Shubham/Documents/Unreal Projects/ShooterSam/Content/StarterBundle/ModularSci_Int/Meshes/SM_Win_Divider_A.uexp" 3733
"C:/Users/Shubham/Documents/Unreal Projects/ShooterSam/Content/StarterBundle/ModularSci_Int/Textures/T_Win_Divider_B_Diff.ubulk" 3734
"C:/Users/Shubham/Documents/Unreal Projects/ShooterSam/Content/StarterBundle/ModularSci_Int/Textures/T_Win_Divider_B_Diff.uasset" 3735
"C:/Users/Shubham/Documents/Unreal Projects/ShooterSam/Content/StarterBundle/ModularSci_Int/Textures/T_Win_Divider_B_Diff.uexp" 3736
"C:/Users/Shubham/Documents/Unreal Projects/ShooterSam/Content/StarterBundle/ModularSci_Int/Textures/T_Win_Divider_B_M.ubulk" 3737
"C:/Users/Shubham/Documents/Unreal Projects/ShooterSam/Content/StarterBundle/ModularSci_Int/Textures/T_Win_Divider_B_M.uasset" 3738
"C:/Users/Shubham/Documents/Unreal Projects/ShooterSam/Content/StarterBundle/ModularSci_Int/Textures/T_Win_Divider_B_M.uexp" 3739
"C:/Users/Shubham/Documents/Unreal Projects/ShooterSam/Content/StarterBundle/ModularSci_Int/Textures/T_Win_Divider_B_N_normals.ubulk" 3740
"C:/Users/Shubham/Documents/Unreal Projects/ShooterSam/Content/StarterBundle/ModularSci_Int/Textures/T_Win_Divider_B_N_normals.uasset" 3741
"C:/Users/Shubham/Documents/Unreal Projects/ShooterSam/Content/StarterBundle/ModularSci_Int/Textures/T_Win_Divider_B_N_normals.uexp" 3742
"C:/Users/Shubham/Documents/Unreal Projects/ShooterSam/Content/StarterBundle/ModularSci_Int/Materials/MI_Win_Divider_B.uasset" 3743
"C:/Users/Shubham/Documents/Unreal Projects/ShooterSam/Content/StarterBundle/ModularSci_Int/Materials/MI_Win_Divider_B.uexp" 3744
"C:/Users/Shubham/Documents/Unreal Projects/ShooterSam/Content/StarterBundle/ModularSci_Int/Meshes/SM_Win_Divider_B.ubulk" 3745
"C:/Users/Shubham/Documents/Unreal Projects/ShooterSam/Content/StarterBundle/ModularSci_Int/Meshes/SM_Win_Divider_B.uasset" 3746
"C:/Users/Shubham/Documents/Unreal Projects/ShooterSam/Content/StarterBundle/ModularSci_Int/Meshes/SM_Win_Divider_B.uexp" 3747
"C:/Users/Shubham/Documents/Unreal Projects/ShooterSam/Content/StarterBundle/ModularSci_Int/Meshes/SM_Win_FloorBuffer_A.ubulk" 3748
"C:/Users/Shubham/Documents/Unreal Projects/ShooterSam/Content/StarterBundle/ModularSci_Int/Meshes/SM_Win_FloorBuffer_A.uasset" 3749
"C:/Users/Shubham/Documents/Unreal Projects/ShooterSam/Content/StarterBundle/ModularSci_Int/Meshes/SM_Win_FloorBuffer_A.uexp" 3750
"C:/Users/Shubham/Documents/Unreal Projects/ShooterSam/Content/StarterBundle/ModularSci_Int/Textures/T_Win_FloorEdge_A_Diff.ubulk" 3751
"C:/Users/Shubham/Documents/Unreal Projects/ShooterSam/Content/StarterBundle/ModularSci_Int/Textures/T_Win_FloorEdge_A_Diff.uasset" 3752
"C:/Users/Shubham/Documents/Unreal Projects/ShooterSam/Content/StarterBundle/ModularSci_Int/Textures/T_Win_FloorEdge_A_Diff.uexp" 3753
"C:/Users/Shubham/Documents/Unreal Projects/ShooterSam/Content/StarterBundle/ModularSci_Int/Textures/T_Win_FloorEdge_A_M.ubulk" 3754
"C:/Users/Shubham/Documents/Unreal Projects/ShooterSam/Content/StarterBundle/ModularSci_Int/Textures/T_Win_FloorEdge_A_M.uasset" 3755
"C:/Users/Shubham/Documents/Unreal Projects/ShooterSam/Content/StarterBundle/ModularSci_Int/Textures/T_Win_FloorEdge_A_M.uexp" 3756
"C:/Users/Shubham/Documents/Unreal Projects/ShooterSam/Content/StarterBundle/ModularSci_Int/Textures/T_Win_FloorEdge_A_N_normals.ubulk" 3757
"C:/Users/Shubham/Documents/Unreal Projects/ShooterSam/Content/StarterBundle/ModularSci_Int/Textures/T_Win_FloorEdge_A_N_normals.uasset" 3758
"C:/Users/Shubham/Documents/Unreal Projects/ShooterSam/Content/StarterBundle/ModularSci_Int/Textures/T_Win_FloorEdge_A_N_normals.uexp" 3759
"C:/Users/Shubham/Documents/Unreal Projects/ShooterSam/Content/StarterBundle/ModularSci_Int/Materials/MI_Win_FloorEdge_A.uasset" 3760
"C:/Users/Shubham/Documents/Unreal Projects/ShooterSam/Content/StarterBundle/ModularSci_Int/Materials/MI_Win_FloorEdge_A.uexp" 3761
"C:/Users/Shubham/Documents/Unreal Projects/ShooterSam/Content/StarterBundle/ModularSci_Int/Meshes/SM_Win_FloorEdge_A.ubulk" 3762
"C:/Users/Shubham/Documents/Unreal Projects/ShooterSam/Content/StarterBundle/ModularSci_Int/Meshes/SM_Win_FloorEdge_A.uasset" 3763
"C:/Users/Shubham/Documents/Unreal Projects/ShooterSam/Content/StarterBundle/ModularSci_Int/Meshes/SM_Win_FloorEdge_A.uexp" 3764
"C:/Users/Shubham/Documents/Unreal Projects/ShooterSam/Content/StarterBundle/ModularSci_Int/Materials/MI_Win_FloorEdge_B.uasset" 3765
"C:/Users/Shubham/Documents/Unreal Projects/ShooterSam/Content/StarterBundle/ModularSci_Int/Materials/MI_Win_FloorEdge_B.uexp" 3766
"C:/Users/Shubham/Documents/Unreal Projects/ShooterSam/Content/StarterBundle/ModularSci_Int/Meshes/SM_Win_FloorEdge_B.ubulk" 3767
"C:/Users/Shubham/Documents/Unreal Projects/ShooterSam/Content/StarterBundle/ModularSci_Int/Meshes/SM_Win_FloorEdge_B.uasset" 3768
"C:/Users/Shubham/Documents/Unreal Projects/ShooterSam/Content/StarterBundle/ModularSci_Int/Meshes/SM_Win_FloorEdge_B.uexp" 3769
"C:/Users/Shubham/Documents/Unreal Projects/ShooterSam/Content/StarterBundle/ModularSci_Int/Meshes/SM_Win_FloorEdge_C.ubulk" 3770
"C:/Users/Shubham/Documents/Unreal Projects/ShooterSam/Content/StarterBundle/ModularSci_Int/Meshes/SM_Win_FloorEdge_C.uasset" 3771
"C:/Users/Shubham/Documents/Unreal Projects/ShooterSam/Content/StarterBundle/ModularSci_Int/Meshes/SM_Win_FloorEdge_C.uexp" 3772
"C:/Users/Shubham/Documents/Unreal Projects/ShooterSam/Content/StarterBundle/ModularSci_Int/Textures/T_Win_Floor_A_Diff.ubulk" 3773
"C:/Users/Shubham/Documents/Unreal Projects/ShooterSam/Content/StarterBundle/ModularSci_Int/Textures/T_Win_Floor_A_Diff.uasset" 3774
"C:/Users/Shubham/Documents/Unreal Projects/ShooterSam/Content/StarterBundle/ModularSci_Int/Textures/T_Win_Floor_A_Diff.uexp" 3775
"C:/Users/Shubham/Documents/Unreal Projects/ShooterSam/Content/StarterBundle/ModularSci_Int/Textures/T_Win_Floor_A_M.ubulk" 3776
"C:/Users/Shubham/Documents/Unreal Projects/ShooterSam/Content/StarterBundle/ModularSci_Int/Textures/T_Win_Floor_A_M.uasset" 3777
"C:/Users/Shubham/Documents/Unreal Projects/ShooterSam/Content/StarterBundle/ModularSci_Int/Textures/T_Win_Floor_A_M.uexp" 3778
"C:/Users/Shubham/Documents/Unreal Projects/ShooterSam/Content/StarterBundle/ModularSci_Int/Textures/T_Win_Floor_A_N_normals.ubulk" 3779
"C:/Users/Shubham/Documents/Unreal Projects/ShooterSam/Content/StarterBundle/ModularSci_Int/Textures/T_Win_Floor_A_N_normals.uasset" 3780
"C:/Users/Shubham/Documents/Unreal Projects/ShooterSam/Content/StarterBundle/ModularSci_Int/Textures/T_Win_Floor_A_N_normals.uexp" 3781
"C:/Users/Shubham/Documents/Unreal Projects/ShooterSam/Content/StarterBundle/ModularSci_Int/Materials/MI_Win_Floor_A.uasset" 3782
"C:/Users/Shubham/Documents/Unreal Projects/ShooterSam/Content/StarterBundle/ModularSci_Int/Materials/MI_Win_Floor_A.uexp" 3783
"C:/Users/Shubham/Documents/Unreal Projects/ShooterSam/Content/StarterBundle/ModularSci_Int/Meshes/SM_Win_Floor_A.ubulk" 3784
"C:/Users/Shubham/Documents/Unreal Projects/ShooterSam/Content/StarterBundle/ModularSci_Int/Meshes/SM_Win_Floor_A.uasset" 3785
"C:/Users/Shubham/Documents/Unreal Projects/ShooterSam/Content/StarterBundle/ModularSci_Int/Meshes/SM_Win_Floor_A.uexp" 3786
"C:/Users/Shubham/Documents/Unreal Projects/ShooterSam/Content/StarterBundle/ModularSci_Int/Textures/T_Win_Floor_B_Diff.ubulk" 3787
"C:/Users/Shubham/Documents/Unreal Projects/ShooterSam/Content/StarterBundle/ModularSci_Int/Textures/T_Win_Floor_B_Diff.uasset" 3788
"C:/Users/Shubham/Documents/Unreal Projects/ShooterSam/Content/StarterBundle/ModularSci_Int/Textures/T_Win_Floor_B_Diff.uexp" 3789
"C:/Users/Shubham/Documents/Unreal Projects/ShooterSam/Content/StarterBundle/ModularSci_Int/Textures/T_Win_Floor_B_M.ubulk" 3790
"C:/Users/Shubham/Documents/Unreal Projects/ShooterSam/Content/StarterBundle/ModularSci_Int/Textures/T_Win_Floor_B_M.uasset" 3791
"C:/Users/Shubham/Documents/Unreal Projects/ShooterSam/Content/StarterBundle/ModularSci_Int/Textures/T_Win_Floor_B_M.uexp" 3792
"C:/Users/Shubham/Documents/Unreal Projects/ShooterSam/Content/StarterBundle/ModularSci_Int/Textures/T_Win_Floor_B_N_normals.ubulk" 3793
"C:/Users/Shubham/Documents/Unreal Projects/ShooterSam/Content/StarterBundle/ModularSci_Int/Textures/T_Win_Floor_B_N_normals.uasset" 3794
"C:/Users/Shubham/Documents/Unreal Projects/ShooterSam/Content/StarterBundle/ModularSci_Int/Textures/T_Win_Floor_B_N_normals.uexp" 3795
"C:/Users/Shubham/Documents/Unreal Projects/ShooterSam/Content/StarterBundle/ModularSci_Int/Materials/MI_Win_Floor_B.uasset" 3796
"C:/Users/Shubham/Documents/Unreal Projects/ShooterSam/Content/StarterBundle/ModularSci_Int/Materials/MI_Win_Floor_B.uexp" 3797
"C:/Users/Shubham/Documents/Unreal Projects/ShooterSam/Content/StarterBundle/ModularSci_Int/Meshes/SM_Win_Floor_B.ubulk" 3798
"C:/Users/Shubham/Documents/Unreal Projects/ShooterSam/Content/StarterBundle/ModularSci_Int/Meshes/SM_Win_Floor_B.uasset" 3799
"C:/Users/Shubham/Documents/Unreal Projects/ShooterSam/Content/StarterBundle/ModularSci_Int/Meshes/SM_Win_Floor_B.uexp" 3800
"C:/Users/Shubham/Documents/Unreal Projects/ShooterSam/Content/StarterBundle/ModularSci_Int/Meshes/SM_Win_FramePipe_A.ubulk" 3801
"C:/Users/Shubham/Documents/Unreal Projects/ShooterSam/Content/StarterBundle/ModularSci_Int/Meshes/SM_Win_FramePipe_A.uasset" 3802
"C:/Users/Shubham/Documents/Unreal Projects/ShooterSam/Content/StarterBundle/ModularSci_Int/Meshes/SM_Win_FramePipe_A.uexp" 3803
"C:/Users/Shubham/Documents/Unreal Projects/ShooterSam/Content/StarterBundle/ModularSci_Int/Meshes/SM_Win_FramePipe_B.ubulk" 3804
"C:/Users/Shubham/Documents/Unreal Projects/ShooterSam/Content/StarterBundle/ModularSci_Int/Meshes/SM_Win_FramePipe_B.uasset" 3805
"C:/Users/Shubham/Documents/Unreal Projects/ShooterSam/Content/StarterBundle/ModularSci_Int/Meshes/SM_Win_FramePipe_B.uexp" 3806
"C:/Users/Shubham/Documents/Unreal Projects/ShooterSam/Content/StarterBundle/ModularSci_Int/Meshes/SM_Win_FramePipe_C.ubulk" 3807
"C:/Users/Shubham/Documents/Unreal Projects/ShooterSam/Content/StarterBundle/ModularSci_Int/Meshes/SM_Win_FramePipe_C.uasset" 3808
"C:/Users/Shubham/Documents/Unreal Projects/ShooterSam/Content/StarterBundle/ModularSci_Int/Meshes/SM_Win_FramePipe_C.uexp" 3809
"C:/Users/Shubham/Documents/Unreal Projects/ShooterSam/Content/StarterBundle/ModularSci_Int/Materials/M_Glass.uasset" 3810
"C:/Users/Shubham/Documents/Unreal Projects/ShooterSam/Content/StarterBundle/ModularSci_Int/Materials/M_Glass.uexp" 3811
"C:/Users/Shubham/Documents/Unreal Projects/ShooterSam/Content/StarterBundle/ModularSci_Int/Meshes/SM_Win_Frame_A.ubulk" 3812
"C:/Users/Shubham/Documents/Unreal Projects/ShooterSam/Content/StarterBundle/ModularSci_Int/Meshes/SM_Win_Frame_A.uasset" 3813
"C:/Users/Shubham/Documents/Unreal Projects/ShooterSam/Content/StarterBundle/ModularSci_Int/Meshes/SM_Win_Frame_A.uexp" 3814
"C:/Users/Shubham/Documents/Unreal Projects/ShooterSam/Content/StarterBundle/ModularSci_Int/Meshes/SM_Win_PanelHigh_A.ubulk" 3815
"C:/Users/Shubham/Documents/Unreal Projects/ShooterSam/Content/StarterBundle/ModularSci_Int/Meshes/SM_Win_PanelHigh_A.uasset" 3816
"C:/Users/Shubham/Documents/Unreal Projects/ShooterSam/Content/StarterBundle/ModularSci_Int/Meshes/SM_Win_PanelHigh_A.uexp" 3817
"C:/Users/Shubham/Documents/Unreal Projects/ShooterSam/Content/StarterBundle/ModularSci_Int/Textures/T_Win_PanelLow_A_Diff.ubulk" 3818
"C:/Users/Shubham/Documents/Unreal Projects/ShooterSam/Content/StarterBundle/ModularSci_Int/Textures/T_Win_PanelLow_A_Diff.uasset" 3819
"C:/Users/Shubham/Documents/Unreal Projects/ShooterSam/Content/StarterBundle/ModularSci_Int/Textures/T_Win_PanelLow_A_Diff.uexp" 3820
"C:/Users/Shubham/Documents/Unreal Projects/ShooterSam/Content/StarterBundle/ModularSci_Int/Textures/T_Win_PanelLow_A_M.ubulk" 3821
"C:/Users/Shubham/Documents/Unreal Projects/ShooterSam/Content/StarterBundle/ModularSci_Int/Textures/T_Win_PanelLow_A_M.uasset" 3822
"C:/Users/Shubham/Documents/Unreal Projects/ShooterSam/Content/StarterBundle/ModularSci_Int/Textures/T_Win_PanelLow_A_M.uexp" 3823
"C:/Users/Shubham/Documents/Unreal Projects/ShooterSam/Content/StarterBundle/ModularSci_Int/Textures/T_Win_PanelLow_A_N_normals.ubulk" 3824
"C:/Users/Shubham/Documents/Unreal Projects/ShooterSam/Content/StarterBundle/ModularSci_Int/Textures/T_Win_PanelLow_A_N_normals.uasset" 3825
"C:/Users/Shubham/Documents/Unreal Projects/ShooterSam/Content/StarterBundle/ModularSci_Int/Textures/T_Win_PanelLow_A_N_normals.uexp" 3826
"C:/Users/Shubham/Documents/Unreal Projects/ShooterSam/Content/StarterBundle/ModularSci_Int/Materials/MI_Win_PanelLow_A.uasset" 3827
"C:/Users/Shubham/Documents/Unreal Projects/ShooterSam/Content/StarterBundle/ModularSci_Int/Materials/MI_Win_PanelLow_A.uexp" 3828
"C:/Users/Shubham/Documents/Unreal Projects/ShooterSam/Content/StarterBundle/ModularSci_Int/Meshes/SM_Win_PanelLow_A.ubulk" 3829
"C:/Users/Shubham/Documents/Unreal Projects/ShooterSam/Content/StarterBundle/ModularSci_Int/Meshes/SM_Win_PanelLow_A.uasset" 3830
"C:/Users/Shubham/Documents/Unreal Projects/ShooterSam/Content/StarterBundle/ModularSci_Int/Meshes/SM_Win_PanelLow_A.uexp" 3831
"C:/Users/Shubham/Documents/Unreal Projects/ShooterSam/Content/StarterBundle/ModularSci_Int/Textures/T_Win_Post_A_Diff.ubulk" 3832
"C:/Users/Shubham/Documents/Unreal Projects/ShooterSam/Content/StarterBundle/ModularSci_Int/Textures/T_Win_Post_A_Diff.uasset" 3833
"C:/Users/Shubham/Documents/Unreal Projects/ShooterSam/Content/StarterBundle/ModularSci_Int/Textures/T_Win_Post_A_Diff.uexp" 3834
"C:/Users/Shubham/Documents/Unreal Projects/ShooterSam/Content/StarterBundle/ModularSci_Int/Textures/T_Win_Post_A_M.ubulk" 3835
"C:/Users/Shubham/Documents/Unreal Projects/ShooterSam/Content/StarterBundle/ModularSci_Int/Textures/T_Win_Post_A_M.uasset" 3836
"C:/Users/Shubham/Documents/Unreal Projects/ShooterSam/Content/StarterBundle/ModularSci_Int/Textures/T_Win_Post_A_M.uexp" 3837
"C:/Users/Shubham/Documents/Unreal Projects/ShooterSam/Content/StarterBundle/ModularSci_Int/Textures/T_Win_Post_A_N_normals.ubulk" 3838
"C:/Users/Shubham/Documents/Unreal Projects/ShooterSam/Content/StarterBundle/ModularSci_Int/Textures/T_Win_Post_A_N_normals.uasset" 3839
"C:/Users/Shubham/Documents/Unreal Projects/ShooterSam/Content/StarterBundle/ModularSci_Int/Textures/T_Win_Post_A_N_normals.uexp" 3840
"C:/Users/Shubham/Documents/Unreal Projects/ShooterSam/Content/StarterBundle/ModularSci_Int/Materials/MI_Win_Post_A.uasset" 3841
"C:/Users/Shubham/Documents/Unreal Projects/ShooterSam/Content/StarterBundle/ModularSci_Int/Materials/MI_Win_Post_A.uexp" 3842
"C:/Users/Shubham/Documents/Unreal Projects/ShooterSam/Content/StarterBundle/ModularSci_Int/Textures/T_Win_Post_A2_Diff.ubulk" 3843
"C:/Users/Shubham/Documents/Unreal Projects/ShooterSam/Content/StarterBundle/ModularSci_Int/Textures/T_Win_Post_A2_Diff.uasset" 3844
"C:/Users/Shubham/Documents/Unreal Projects/ShooterSam/Content/StarterBundle/ModularSci_Int/Textures/T_Win_Post_A2_Diff.uexp" 3845
"C:/Users/Shubham/Documents/Unreal Projects/ShooterSam/Content/StarterBundle/ModularSci_Int/Textures/T_Win_Post_A2_M.ubulk" 3846
"C:/Users/Shubham/Documents/Unreal Projects/ShooterSam/Content/StarterBundle/ModularSci_Int/Textures/T_Win_Post_A2_M.uasset" 3847
"C:/Users/Shubham/Documents/Unreal Projects/ShooterSam/Content/StarterBundle/ModularSci_Int/Textures/T_Win_Post_A2_M.uexp" 3848
"C:/Users/Shubham/Documents/Unreal Projects/ShooterSam/Content/StarterBundle/ModularSci_Int/Textures/T_Win_Post_A2_N_normals.ubulk" 3849
"C:/Users/Shubham/Documents/Unreal Projects/ShooterSam/Content/StarterBundle/ModularSci_Int/Textures/T_Win_Post_A2_N_normals.uasset" 3850
"C:/Users/Shubham/Documents/Unreal Projects/ShooterSam/Content/StarterBundle/ModularSci_Int/Textures/T_Win_Post_A2_N_normals.uexp" 3851
"C:/Users/Shubham/Documents/Unreal Projects/ShooterSam/Content/StarterBundle/ModularSci_Int/Materials/MI_Win_Post_A2.uasset" 3852
"C:/Users/Shubham/Documents/Unreal Projects/ShooterSam/Content/StarterBundle/ModularSci_Int/Materials/MI_Win_Post_A2.uexp" 3853
"C:/Users/Shubham/Documents/Unreal Projects/ShooterSam/Content/StarterBundle/ModularSci_Int/Meshes/SM_Win_Post_A.ubulk" 3854
"C:/Users/Shubham/Documents/Unreal Projects/ShooterSam/Content/StarterBundle/ModularSci_Int/Meshes/SM_Win_Post_A.uasset" 3855
"C:/Users/Shubham/Documents/Unreal Projects/ShooterSam/Content/StarterBundle/ModularSci_Int/Meshes/SM_Win_Post_A.uexp" 3856
"C:/Users/Shubham/Documents/Unreal Projects/ShooterSam/Content/StarterBundle/NatureMaterials_Ice/Textures/T_Ice_B_Norm.ubulk" 3857
"C:/Users/Shubham/Documents/Unreal Projects/ShooterSam/Content/StarterBundle/NatureMaterials_Ice/Textures/T_Ice_B_Norm.uasset" 3858
"C:/Users/Shubham/Documents/Unreal Projects/ShooterSam/Content/StarterBundle/NatureMaterials_Ice/Textures/T_Ice_B_Norm.uexp" 3859
"C:/Users/Shubham/Documents/Unreal Projects/ShooterSam/Content/StarterBundle/NatureMaterials_Ice/Textures/T_Ice_A.ubulk" 3860
"C:/Users/Shubham/Documents/Unreal Projects/ShooterSam/Content/StarterBundle/NatureMaterials_Ice/Textures/T_Ice_A.uasset" 3861
"C:/Users/Shubham/Documents/Unreal Projects/ShooterSam/Content/StarterBundle/NatureMaterials_Ice/Textures/T_Ice_A.uexp" 3862
"C:/Users/Shubham/Documents/Unreal Projects/ShooterSam/Content/StarterBundle/NatureMaterials_Ice/Textures/T_Ice_A_Clouds.ubulk" 3863
"C:/Users/Shubham/Documents/Unreal Projects/ShooterSam/Content/StarterBundle/NatureMaterials_Ice/Textures/T_Ice_A_Clouds.uasset" 3864
"C:/Users/Shubham/Documents/Unreal Projects/ShooterSam/Content/StarterBundle/NatureMaterials_Ice/Textures/T_Ice_A_Clouds.uexp" 3865
"C:/Users/Shubham/Documents/Unreal Projects/ShooterSam/Content/StarterBundle/NatureMaterials_Ice/Textures/T_Ice_A_Sub.ubulk" 3866
"C:/Users/Shubham/Documents/Unreal Projects/ShooterSam/Content/StarterBundle/NatureMaterials_Ice/Textures/T_Ice_A_Sub.uasset" 3867
"C:/Users/Shubham/Documents/Unreal Projects/ShooterSam/Content/StarterBundle/NatureMaterials_Ice/Textures/T_Ice_A_Sub.uexp" 3868
"C:/Users/Shubham/Documents/Unreal Projects/ShooterSam/Content/StarterBundle/NatureMaterials_Ice/Textures/T_Ice_Crystal_D_02.ubulk" 3869
"C:/Users/Shubham/Documents/Unreal Projects/ShooterSam/Content/StarterBundle/NatureMaterials_Ice/Textures/T_Ice_Crystal_D_02.uasset" 3870
"C:/Users/Shubham/Documents/Unreal Projects/ShooterSam/Content/StarterBundle/NatureMaterials_Ice/Textures/T_Ice_Crystal_D_02.uexp" 3871
"C:/Users/Shubham/Documents/Unreal Projects/ShooterSam/Content/StarterBundle/NatureMaterials_Ice/Textures/T_SnowMound_01_N.ubulk" 3872
"C:/Users/Shubham/Documents/Unreal Projects/ShooterSam/Content/StarterBundle/NatureMaterials_Ice/Textures/T_SnowMound_01_N.uasset" 3873
"C:/Users/Shubham/Documents/Unreal Projects/ShooterSam/Content/StarterBundle/NatureMaterials_Ice/Textures/T_SnowMound_01_N.uexp" 3874
"C:/Users/Shubham/Documents/Unreal Projects/ShooterSam/Content/StarterBundle/NatureMaterials_Ice/Materials/M_IceBase.uasset" 3875
"C:/Users/Shubham/Documents/Unreal Projects/ShooterSam/Content/StarterBundle/NatureMaterials_Ice/Materials/M_IceBase.uexp" 3876
"C:/Users/Shubham/Documents/Unreal Projects/ShooterSam/Content/StarterBundle/NatureMaterials_Ice/Materials/MI_Ice_A-2.uasset" 3877
"C:/Users/Shubham/Documents/Unreal Projects/ShooterSam/Content/StarterBundle/NatureMaterials_Ice/Materials/MI_Ice_A-2.uexp" 3878
"C:/Users/Shubham/Documents/Unreal Projects/ShooterSam/Content/StarterBundle/NatureMaterials_Ice/Meshes/SM_IcePlane.ubulk" 3879
"C:/Users/Shubham/Documents/Unreal Projects/ShooterSam/Content/StarterBundle/NatureMaterials_Ice/Meshes/SM_IcePlane.uasset" 3880
"C:/Users/Shubham/Documents/Unreal Projects/ShooterSam/Content/StarterBundle/NatureMaterials_Ice/Meshes/SM_IcePlane.uexp" 3881
"C:/Users/Shubham/Documents/Unreal Projects/ShooterSam/Content/StarterBundle/UE4_Assets/Effects/Textures/Noise/T_TilingNoise12.ubulk" 3882
"C:/Users/Shubham/Documents/Unreal Projects/ShooterSam/Content/StarterBundle/UE4_Assets/Effects/Textures/Noise/T_TilingNoise12.uasset" 3883
"C:/Users/Shubham/Documents/Unreal Projects/ShooterSam/Content/StarterBundle/UE4_Assets/Effects/Textures/Noise/T_TilingNoise12.uexp" 3884
"C:/Users/Shubham/Documents/Unreal Projects/ShooterSam/Content/StarterBundle/UE4_Assets/Effects/Textures/Snow/T_Snow01_Packed.ubulk" 3885
"C:/Users/Shubham/Documents/Unreal Projects/ShooterSam/Content/StarterBundle/UE4_Assets/Effects/Textures/Snow/T_Snow01_Packed.uasset" 3886
"C:/Users/Shubham/Documents/Unreal Projects/ShooterSam/Content/StarterBundle/UE4_Assets/Effects/Textures/Snow/T_Snow01_Packed.uexp" 3887
"C:/Users/Shubham/Documents/Unreal Projects/ShooterSam/Content/StarterBundle/UE4_Assets/Effects/Materials/Snow/M_SnowFlake_VelocityLerp.uasset" 3888
"C:/Users/Shubham/Documents/Unreal Projects/ShooterSam/Content/StarterBundle/UE4_Assets/Effects/Materials/Snow/M_SnowFlake_VelocityLerp.uexp" 3889
"C:/Users/Shubham/Documents/Unreal Projects/ShooterSam/Content/StarterBundle/UE4_Assets/Effects/Materials/Snow/M_SnowFlake_VelocityLerp_AA.uasset" 3890
"C:/Users/Shubham/Documents/Unreal Projects/ShooterSam/Content/StarterBundle/UE4_Assets/Effects/Materials/Snow/M_SnowFlake_VelocityLerp_AA.uexp" 3891
"C:/Users/Shubham/Documents/Unreal Projects/ShooterSam/Content/StarterBundle/UE4_Assets/Effects/Textures/Noise/T_TilingNoise03.ubulk" 3892
"C:/Users/Shubham/Documents/Unreal Projects/ShooterSam/Content/StarterBundle/UE4_Assets/Effects/Textures/Noise/T_TilingNoise03.uasset" 3893
"C:/Users/Shubham/Documents/Unreal Projects/ShooterSam/Content/StarterBundle/UE4_Assets/Effects/Textures/Noise/T_TilingNoise03.uexp" 3894
"C:/Users/Shubham/Documents/Unreal Projects/ShooterSam/Content/StarterBundle/UE4_Assets/Effects/Textures/Smoke/T_SmokeSubUV_8X8_02.ubulk" 3895
"C:/Users/Shubham/Documents/Unreal Projects/ShooterSam/Content/StarterBundle/UE4_Assets/Effects/Textures/Smoke/T_SmokeSubUV_8X8_02.uasset" 3896
"C:/Users/Shubham/Documents/Unreal Projects/ShooterSam/Content/StarterBundle/UE4_Assets/Effects/Textures/Smoke/T_SmokeSubUV_8X8_02.uexp" 3897
"C:/Users/Shubham/Documents/Unreal Projects/ShooterSam/Content/StarterBundle/UE4_Assets/Effects/Textures/Smoke/T_TilingClouds_01.ubulk" 3898
"C:/Users/Shubham/Documents/Unreal Projects/ShooterSam/Content/StarterBundle/UE4_Assets/Effects/Textures/Smoke/T_TilingClouds_01.uasset" 3899
"C:/Users/Shubham/Documents/Unreal Projects/ShooterSam/Content/StarterBundle/UE4_Assets/Effects/Textures/Smoke/T_TilingClouds_01.uexp" 3900
"C:/Users/Shubham/Documents/Unreal Projects/ShooterSam/Content/StarterBundle/UE4_Assets/Effects/Materials/Snow/M_Snow_Blowing_Lit.uasset" 3901
"C:/Users/Shubham/Documents/Unreal Projects/ShooterSam/Content/StarterBundle/UE4_Assets/Effects/Materials/Snow/M_Snow_Blowing_Lit.uexp" 3902
"C:/Users/Shubham/Documents/Unreal Projects/ShooterSam/Content/StarterBundle/UE4_Assets/Effects/Materials/Snow/M_Snow_Blowing_unLit.uasset" 3903
"C:/Users/Shubham/Documents/Unreal Projects/ShooterSam/Content/StarterBundle/UE4_Assets/Effects/Materials/Snow/M_Snow_Blowing_unLit.uexp" 3904
"C:/Users/Shubham/Documents/Unreal Projects/ShooterSam/Content/StarterBundle/UE4_Assets/Effects/VectorFields/VF_Blizzard_80.uasset" 3905
"C:/Users/Shubham/Documents/Unreal Projects/ShooterSam/Content/StarterBundle/UE4_Assets/Effects/VectorFields/VF_Blizzard_80.uexp" 3906
"C:/Users/Shubham/Documents/Unreal Projects/ShooterSam/Content/StarterBundle/UE4_Assets/Effects/Particles/PS_Blizzard_Hint.uasset" 3907
"C:/Users/Shubham/Documents/Unreal Projects/ShooterSam/Content/StarterBundle/UE4_Assets/Effects/Particles/PS_Blizzard_Hint.uexp" 3908
"C:/Users/Shubham/Documents/Unreal Projects/ShooterSam/Content/StarterBundle/UE4_Assets/Environment_A/Meshes/SM_Cave_Rock_Large_01a.ubulk" 3909
"C:/Users/Shubham/Documents/Unreal Projects/ShooterSam/Content/StarterBundle/UE4_Assets/Environment_A/Meshes/SM_Cave_Rock_Large_01a.uasset" 3910
"C:/Users/Shubham/Documents/Unreal Projects/ShooterSam/Content/StarterBundle/UE4_Assets/Environment_A/Meshes/SM_Cave_Rock_Large_01a.uexp" 3911
"C:/Users/Shubham/Documents/Unreal Projects/ShooterSam/Content/StarterBundle/UE4_Assets/Environment_A/Meshes/SM_Cave_Rock_Med_01a.ubulk" 3912
"C:/Users/Shubham/Documents/Unreal Projects/ShooterSam/Content/StarterBundle/UE4_Assets/Environment_A/Meshes/SM_Cave_Rock_Med_01a.uasset" 3913
"C:/Users/Shubham/Documents/Unreal Projects/ShooterSam/Content/StarterBundle/UE4_Assets/Environment_A/Meshes/SM_Cave_Rock_Med_01a.uexp" 3914
"C:/Users/Shubham/Documents/Unreal Projects/ShooterSam/Content/StarterBundle/UE4_Assets/Environment_A/Textures/T_CaveRock_Detail_N.ubulk" 3915
"C:/Users/Shubham/Documents/Unreal Projects/ShooterSam/Content/StarterBundle/UE4_Assets/Environment_A/Textures/T_CaveRock_Detail_N.uasset" 3916
"C:/Users/Shubham/Documents/Unreal Projects/ShooterSam/Content/StarterBundle/UE4_Assets/Environment_A/Textures/T_CaveRock_Detail_N.uexp" 3917
"C:/Users/Shubham/Documents/Unreal Projects/ShooterSam/Content/StarterBundle/UE4_Assets/Environment_A/Textures/T_CaveRock_Detail_N_2.ubulk" 3918
"C:/Users/Shubham/Documents/Unreal Projects/ShooterSam/Content/StarterBundle/UE4_Assets/Environment_A/Textures/T_CaveRock_Detail_N_2.uasset" 3919
"C:/Users/Shubham/Documents/Unreal Projects/ShooterSam/Content/StarterBundle/UE4_Assets/Environment_A/Textures/T_CaveRock_Detail_N_2.uexp" 3920
"C:/Users/Shubham/Documents/Unreal Projects/ShooterSam/Content/StarterBundle/UE4_Assets/Environment_A/Textures/T_Cave_MountainRock_D.ubulk" 3921
"C:/Users/Shubham/Documents/Unreal Projects/ShooterSam/Content/StarterBundle/UE4_Assets/Environment_A/Textures/T_Cave_MountainRock_D.uasset" 3922
"C:/Users/Shubham/Documents/Unreal Projects/ShooterSam/Content/StarterBundle/UE4_Assets/Environment_A/Textures/T_Cave_MountainRock_D.uexp" 3923
"C:/Users/Shubham/Documents/Unreal Projects/ShooterSam/Content/StarterBundle/UE4_Assets/Environment_A/Textures/T_Cave_SnowMound_N.ubulk" 3924
"C:/Users/Shubham/Documents/Unreal Projects/ShooterSam/Content/StarterBundle/UE4_Assets/Environment_A/Textures/T_Cave_SnowMound_N.uasset" 3925
"C:/Users/Shubham/Documents/Unreal Projects/ShooterSam/Content/StarterBundle/UE4_Assets/Environment_A/Textures/T_Cave_SnowMound_N.uexp" 3926
"C:/Users/Shubham/Documents/Unreal Projects/ShooterSam/Content/StarterBundle/UE4_Assets/Environment_A/Textures/T_Cave_SnowMountain_M.ubulk" 3927
"C:/Users/Shubham/Documents/Unreal Projects/ShooterSam/Content/StarterBundle/UE4_Assets/Environment_A/Textures/T_Cave_SnowMountain_M.uasset" 3928
"C:/Users/Shubham/Documents/Unreal Projects/ShooterSam/Content/StarterBundle/UE4_Assets/Environment_A/Textures/T_Cave_SnowMountain_M.uexp" 3929
"C:/Users/Shubham/Documents/Unreal Projects/ShooterSam/Content/StarterBundle/UE4_Assets/Environment_A/Textures/T_Cave_Snow_D.ubulk" 3930
"C:/Users/Shubham/Documents/Unreal Projects/ShooterSam/Content/StarterBundle/UE4_Assets/Environment_A/Textures/T_Cave_Snow_D.uasset" 3931
"C:/Users/Shubham/Documents/Unreal Projects/ShooterSam/Content/StarterBundle/UE4_Assets/Environment_A/Textures/T_Cave_Snow_D.uexp" 3932
"C:/Users/Shubham/Documents/Unreal Projects/ShooterSam/Content/StarterBundle/UE4_Assets/Environment_A/Textures/T_Cave_Ice_Noise_D.ubulk" 3933
"C:/Users/Shubham/Documents/Unreal Projects/ShooterSam/Content/StarterBundle/UE4_Assets/Environment_A/Textures/T_Cave_Ice_Noise_D.uasset" 3934
"C:/Users/Shubham/Documents/Unreal Projects/ShooterSam/Content/StarterBundle/UE4_Assets/Environment_A/Textures/T_Cave_Ice_Noise_D.uexp" 3935
"C:/Users/Shubham/Documents/Unreal Projects/ShooterSam/Content/StarterBundle/UE4_Assets/Environment_A/Materials/MaterialFunctions/MF_Cave_Landscape.uasset" 3936
"C:/Users/Shubham/Documents/Unreal Projects/ShooterSam/Content/StarterBundle/UE4_Assets/Environment_A/Materials/MaterialFunctions/MF_Cave_Landscape.uexp" 3937
"C:/Users/Shubham/Documents/Unreal Projects/ShooterSam/Content/StarterBundle/UE4_Assets/Environment_A/Materials/MaterialFunctions/MF_FuzzyShading.uasset" 3938
"C:/Users/Shubham/Documents/Unreal Projects/ShooterSam/Content/StarterBundle/UE4_Assets/Environment_A/Materials/MaterialFunctions/MF_FuzzyShading.uexp" 3939
"C:/Users/Shubham/Documents/Unreal Projects/ShooterSam/Content/StarterBundle/UE4_Assets/Environment_A/Materials/M_Cave_Landscape_Master.uasset" 3940
"C:/Users/Shubham/Documents/Unreal Projects/ShooterSam/Content/StarterBundle/UE4_Assets/Environment_A/Materials/M_Cave_Landscape_Master.uexp" 3941
"C:/Users/Shubham/Documents/Unreal Projects/ShooterSam/Content/StarterBundle/UE4_Assets/Environment_A/Meshes/SM_GDC_Landscape_Peakmesh_01.ubulk" 3942
"C:/Users/Shubham/Documents/Unreal Projects/ShooterSam/Content/StarterBundle/UE4_Assets/Environment_A/Meshes/SM_GDC_Landscape_Peakmesh_01.uasset" 3943
"C:/Users/Shubham/Documents/Unreal Projects/ShooterSam/Content/StarterBundle/UE4_Assets/Environment_A/Meshes/SM_GDC_Landscape_Peakmesh_01.uexp" 3944
"C:/Users/Shubham/Documents/Unreal Projects/ShooterSam/Content/StarterBundle/UE4_Assets/Environment_B/Textures/T_CaveRock_Detail_N.ubulk" 3945
"C:/Users/Shubham/Documents/Unreal Projects/ShooterSam/Content/StarterBundle/UE4_Assets/Environment_B/Textures/T_CaveRock_Detail_N.uasset" 3946
"C:/Users/Shubham/Documents/Unreal Projects/ShooterSam/Content/StarterBundle/UE4_Assets/Environment_B/Textures/T_CaveRock_Detail_N.uexp" 3947
"C:/Users/Shubham/Documents/Unreal Projects/ShooterSam/Content/StarterBundle/UE4_Assets/Environment_B/Textures/T_CaveRock_Detail_N_2.ubulk" 3948
"C:/Users/Shubham/Documents/Unreal Projects/ShooterSam/Content/StarterBundle/UE4_Assets/Environment_B/Textures/T_CaveRock_Detail_N_2.uasset" 3949
"C:/Users/Shubham/Documents/Unreal Projects/ShooterSam/Content/StarterBundle/UE4_Assets/Environment_B/Textures/T_CaveRock_Detail_N_2.uexp" 3950
"C:/Users/Shubham/Documents/Unreal Projects/ShooterSam/Content/StarterBundle/UE4_Assets/Environment_B/Textures/T_Cave_MountainRock_D.ubulk" 3951
"C:/Users/Shubham/Documents/Unreal Projects/ShooterSam/Content/StarterBundle/UE4_Assets/Environment_B/Textures/T_Cave_MountainRock_D.uasset" 3952
"C:/Users/Shubham/Documents/Unreal Projects/ShooterSam/Content/StarterBundle/UE4_Assets/Environment_B/Textures/T_Cave_MountainRock_D.uexp" 3953
"C:/Users/Shubham/Documents/Unreal Projects/ShooterSam/Content/StarterBundle/UE4_Assets/Environment_B/Textures/T_Cave_Snow_D.ubulk" 3954
"C:/Users/Shubham/Documents/Unreal Projects/ShooterSam/Content/StarterBundle/UE4_Assets/Environment_B/Textures/T_Cave_Snow_D.uasset" 3955
"C:/Users/Shubham/Documents/Unreal Projects/ShooterSam/Content/StarterBundle/UE4_Assets/Environment_B/Textures/T_Cave_Snow_D.uexp" 3956
"C:/Users/Shubham/Documents/Unreal Projects/ShooterSam/Content/StarterBundle/UE4_Assets/Environment_B/Textures/T_Kaly_Flowy.ubulk" 3957
"C:/Users/Shubham/Documents/Unreal Projects/ShooterSam/Content/StarterBundle/UE4_Assets/Environment_B/Textures/T_Kaly_Flowy.uasset" 3958
"C:/Users/Shubham/Documents/Unreal Projects/ShooterSam/Content/StarterBundle/UE4_Assets/Environment_B/Textures/T_Kaly_Flowy.uexp" 3959
"C:/Users/Shubham/Documents/Unreal Projects/ShooterSam/Content/StarterBundle/UE4_Assets/Environment_B/Textures/T_LS_Snow_01_D_Disp.ubulk" 3960
"C:/Users/Shubham/Documents/Unreal Projects/ShooterSam/Content/StarterBundle/UE4_Assets/Environment_B/Textures/T_LS_Snow_01_D_Disp.uasset" 3961
"C:/Users/Shubham/Documents/Unreal Projects/ShooterSam/Content/StarterBundle/UE4_Assets/Environment_B/Textures/T_LS_Snow_01_D_Disp.uexp" 3962
"C:/Users/Shubham/Documents/Unreal Projects/ShooterSam/Content/StarterBundle/UE4_Assets/Environment_B/Textures/T_SnowMound_01_N.ubulk" 3963
"C:/Users/Shubham/Documents/Unreal Projects/ShooterSam/Content/StarterBundle/UE4_Assets/Environment_B/Textures/T_SnowMound_01_N.uasset" 3964
"C:/Users/Shubham/Documents/Unreal Projects/ShooterSam/Content/StarterBundle/UE4_Assets/Environment_B/Textures/T_SnowMound_01_N.uexp" 3965
"C:/Users/Shubham/Documents/Unreal Projects/ShooterSam/Content/StarterBundle/UE4_Assets/Environment_B/Textures/T_Cave_Ice_Noise_D.ubulk" 3966
"C:/Users/Shubham/Documents/Unreal Projects/ShooterSam/Content/StarterBundle/UE4_Assets/Environment_B/Textures/T_Cave_Ice_Noise_D.uasset" 3967
"C:/Users/Shubham/Documents/Unreal Projects/ShooterSam/Content/StarterBundle/UE4_Assets/Environment_B/Textures/T_Cave_Ice_Noise_D.uexp" 3968
"C:/Users/Shubham/Documents/Unreal Projects/ShooterSam/Content/StarterBundle/UE4_Assets/Environment_B/Materials/MaterialFunctions/MF_Cave_Landscape.uasset" 3969
"C:/Users/Shubham/Documents/Unreal Projects/ShooterSam/Content/StarterBundle/UE4_Assets/Environment_B/Materials/MaterialFunctions/MF_Cave_Landscape.uexp" 3970
"C:/Users/Shubham/Documents/Unreal Projects/ShooterSam/Content/StarterBundle/UE4_Assets/Environment_B/Materials/MaterialFunctions/MF_FuzzyShading.uasset" 3971
"C:/Users/Shubham/Documents/Unreal Projects/ShooterSam/Content/StarterBundle/UE4_Assets/Environment_B/Materials/MaterialFunctions/MF_FuzzyShading.uexp" 3972
"C:/Users/Shubham/Documents/Unreal Projects/ShooterSam/Content/StarterBundle/UE4_Assets/Environment_B/Materials/M_Cave_Landscape_Master.uasset" 3973
"C:/Users/Shubham/Documents/Unreal Projects/ShooterSam/Content/StarterBundle/UE4_Assets/Environment_B/Materials/M_Cave_Landscape_Master.uexp" 3974
"../../../Engine/Content/Functions/Engine_MaterialFunctions01/Shading/FuzzyShading.uasset" 3975
"../../../Engine/Content/Functions/Engine_MaterialFunctions01/Shading/FuzzyShading.uexp" 3976
"C:/Users/Shubham/Documents/Unreal Projects/ShooterSam/Content/StarterBundle/UE4_Assets/Environment_B/Textures/T_Glacier_Cap_N.ubulk" 3977
"C:/Users/Shubham/Documents/Unreal Projects/ShooterSam/Content/StarterBundle/UE4_Assets/Environment_B/Textures/T_Glacier_Cap_N.uasset" 3978
"C:/Users/Shubham/Documents/Unreal Projects/ShooterSam/Content/StarterBundle/UE4_Assets/Environment_B/Textures/T_Glacier_Cap_N.uexp" 3979
"C:/Users/Shubham/Documents/Unreal Projects/ShooterSam/Content/StarterBundle/UE4_Assets/Environment_B/Textures/T_Cave_Ice_Tiling_D.ubulk" 3980
"C:/Users/Shubham/Documents/Unreal Projects/ShooterSam/Content/StarterBundle/UE4_Assets/Environment_B/Textures/T_Cave_Ice_Tiling_D.uasset" 3981
"C:/Users/Shubham/Documents/Unreal Projects/ShooterSam/Content/StarterBundle/UE4_Assets/Environment_B/Textures/T_Cave_Ice_Tiling_D.uexp" 3982
"C:/Users/Shubham/Documents/Unreal Projects/ShooterSam/Content/StarterBundle/UE4_Assets/Environment_B/Materials/MaterialFunctions/MF_Cave_Snow.uasset" 3983
"C:/Users/Shubham/Documents/Unreal Projects/ShooterSam/Content/StarterBundle/UE4_Assets/Environment_B/Materials/MaterialFunctions/MF_Cave_Snow.uexp" 3984
"C:/Users/Shubham/Documents/Unreal Projects/ShooterSam/Content/StarterBundle/UE4_Assets/Environment_B/Materials/M_Cave_SimpleSnow.uasset" 3985
"C:/Users/Shubham/Documents/Unreal Projects/ShooterSam/Content/StarterBundle/UE4_Assets/Environment_B/Materials/M_Cave_SimpleSnow.uexp" 3986
"../../../Engine/Content/Functions/Engine_MaterialFunctions02/Math/CreateThirdOrthogonalVector.uasset" 3987
"../../../Engine/Content/Functions/Engine_MaterialFunctions02/Math/CreateThirdOrthogonalVector.uexp" 3988
"../../../Engine/Content/Functions/Engine_MaterialFunctions02/WorldAlignedNormals_HighQuality.uasset" 3989
"../../../Engine/Content/Functions/Engine_MaterialFunctions02/WorldAlignedNormals_HighQuality.uexp" 3990
"../../../Engine/Content/EngineMaterials/DefaultNormal_Uncompressed.ubulk" 3991
"../../../Engine/Content/EngineMaterials/DefaultNormal_Uncompressed.uasset" 3992
"../../../Engine/Content/EngineMaterials/DefaultNormal_Uncompressed.uexp" 3993
"../../../Engine/Content/Functions/Engine_MaterialFunctions01/Texturing/WorldAlignedNormal.uasset" 3994
"../../../Engine/Content/Functions/Engine_MaterialFunctions01/Texturing/WorldAlignedNormal.uexp" 3995
"C:/Users/Shubham/Documents/Unreal Projects/ShooterSam/Content/StarterBundle/UE4_Assets/Environment_B/Textures/T_IceTiling01_D.ubulk" 3996
"C:/Users/Shubham/Documents/Unreal Projects/ShooterSam/Content/StarterBundle/UE4_Assets/Environment_B/Textures/T_IceTiling01_D.uasset" 3997
"C:/Users/Shubham/Documents/Unreal Projects/ShooterSam/Content/StarterBundle/UE4_Assets/Environment_B/Textures/T_IceTiling01_D.uexp" 3998
"C:/Users/Shubham/Documents/Unreal Projects/ShooterSam/Content/StarterBundle/UE4_Assets/Environment_B/Materials/M_SnowMaterial.uasset" 3999
"C:/Users/Shubham/Documents/Unreal Projects/ShooterSam/Content/StarterBundle/UE4_Assets/Environment_B/Materials/M_SnowMaterial.uexp" 4000
"C:/Users/Shubham/Documents/Unreal Projects/ShooterSam/Content/StarterBundle/UE4_Assets/Environment_B/Textures/T_TilingNoise03.ubulk" 4001
"C:/Users/Shubham/Documents/Unreal Projects/ShooterSam/Content/StarterBundle/UE4_Assets/Environment_B/Textures/T_TilingNoise03.uasset" 4002
"C:/Users/Shubham/Documents/Unreal Projects/ShooterSam/Content/StarterBundle/UE4_Assets/Environment_B/Textures/T_TilingNoise03.uexp" 4003
"C:/Users/Shubham/Documents/Unreal Projects/ShooterSam/Content/StarterBundle/UE4_Assets/Environment_B/Materials/M_BigSnow.uasset" 4004
"C:/Users/Shubham/Documents/Unreal Projects/ShooterSam/Content/StarterBundle/UE4_Assets/Environment_B/Materials/M_BigSnow.uexp" 4005
"C:/Users/Shubham/Documents/Unreal Projects/ShooterSam/Content/StarterBundle/UE4_Assets/Environment_B/Meshes/SM_Cliff_01.ubulk" 4006
"C:/Users/Shubham/Documents/Unreal Projects/ShooterSam/Content/StarterBundle/UE4_Assets/Environment_B/Meshes/SM_Cliff_01.uasset" 4007
"C:/Users/Shubham/Documents/Unreal Projects/ShooterSam/Content/StarterBundle/UE4_Assets/Environment_B/Meshes/SM_Cliff_01.uexp" 4008
"C:/Users/Shubham/Documents/Unreal Projects/ShooterSam/Content/StarterBundle/UE4_Assets/Environment_B/Textures/T_Aurora01_Noise.ubulk" 4009
"C:/Users/Shubham/Documents/Unreal Projects/ShooterSam/Content/StarterBundle/UE4_Assets/Environment_B/Textures/T_Aurora01_Noise.uasset" 4010
"C:/Users/Shubham/Documents/Unreal Projects/ShooterSam/Content/StarterBundle/UE4_Assets/Environment_B/Textures/T_Aurora01_Noise.uexp" 4011
"C:/Users/Shubham/Documents/Unreal Projects/ShooterSam/Content/StarterBundle/UE4_Assets/Environment_B/Textures/T_Glacier_CliffSide_N.ubulk" 4012
"C:/Users/Shubham/Documents/Unreal Projects/ShooterSam/Content/StarterBundle/UE4_Assets/Environment_B/Textures/T_Glacier_CliffSide_N.uasset" 4013
"C:/Users/Shubham/Documents/Unreal Projects/ShooterSam/Content/StarterBundle/UE4_Assets/Environment_B/Textures/T_Glacier_CliffSide_N.uexp" 4014
"C:/Users/Shubham/Documents/Unreal Projects/ShooterSam/Content/StarterBundle/UE4_Assets/Environment_B/Textures/T_Gradient.ubulk" 4015
"C:/Users/Shubham/Documents/Unreal Projects/ShooterSam/Content/StarterBundle/UE4_Assets/Environment_B/Textures/T_Gradient.uasset" 4016
"C:/Users/Shubham/Documents/Unreal Projects/ShooterSam/Content/StarterBundle/UE4_Assets/Environment_B/Textures/T_Gradient.uexp" 4017
"C:/Users/Shubham/Documents/Unreal Projects/ShooterSam/Content/StarterBundle/UE4_Assets/Environment_B/Textures/T_IceVeins.ubulk" 4018
"C:/Users/Shubham/Documents/Unreal Projects/ShooterSam/Content/StarterBundle/UE4_Assets/Environment_B/Textures/T_IceVeins.uasset" 4019
"C:/Users/Shubham/Documents/Unreal Projects/ShooterSam/Content/StarterBundle/UE4_Assets/Environment_B/Textures/T_IceVeins.uexp" 4020
"C:/Users/Shubham/Documents/Unreal Projects/ShooterSam/Content/StarterBundle/UE4_Assets/Environment_B/Textures/T_Ice_Noise_N.ubulk" 4021
"C:/Users/Shubham/Documents/Unreal Projects/ShooterSam/Content/StarterBundle/UE4_Assets/Environment_B/Textures/T_Ice_Noise_N.uasset" 4022
"C:/Users/Shubham/Documents/Unreal Projects/ShooterSam/Content/StarterBundle/UE4_Assets/Environment_B/Textures/T_Ice_Noise_N.uexp" 4023
"C:/Users/Shubham/Documents/Unreal Projects/ShooterSam/Content/StarterBundle/UE4_Assets/Environment_B/Textures/T_LS_Snow_01_D.ubulk" 4024
"C:/Users/Shubham/Documents/Unreal Projects/ShooterSam/Content/StarterBundle/UE4_Assets/Environment_B/Textures/T_LS_Snow_01_D.uasset" 4025
"C:/Users/Shubham/Documents/Unreal Projects/ShooterSam/Content/StarterBundle/UE4_Assets/Environment_B/Textures/T_LS_Snow_01_D.uexp" 4026
"C:/Users/Shubham/Documents/Unreal Projects/ShooterSam/Content/StarterBundle/UE4_Assets/Environment_B/Textures/T_Rock1024.ubulk" 4027
"C:/Users/Shubham/Documents/Unreal Projects/ShooterSam/Content/StarterBundle/UE4_Assets/Environment_B/Textures/T_Rock1024.uasset" 4028
"C:/Users/Shubham/Documents/Unreal Projects/ShooterSam/Content/StarterBundle/UE4_Assets/Environment_B/Textures/T_Rock1024.uexp" 4029
"C:/Users/Shubham/Documents/Unreal Projects/ShooterSam/Content/StarterBundle/UE4_Assets/Environment_B/Textures/T_RockPile_01_N.ubulk" 4030
"C:/Users/Shubham/Documents/Unreal Projects/ShooterSam/Content/StarterBundle/UE4_Assets/Environment_B/Textures/T_RockPile_01_N.uasset" 4031
"C:/Users/Shubham/Documents/Unreal Projects/ShooterSam/Content/StarterBundle/UE4_Assets/Environment_B/Textures/T_RockPile_01_N.uexp" 4032
"C:/Users/Shubham/Documents/Unreal Projects/ShooterSam/Content/StarterBundle/UE4_Assets/Environment_B/Textures/T_TilingNoise12.ubulk" 4033
"C:/Users/Shubham/Documents/Unreal Projects/ShooterSam/Content/StarterBundle/UE4_Assets/Environment_B/Textures/T_TilingNoise12.uasset" 4034
"C:/Users/Shubham/Documents/Unreal Projects/ShooterSam/Content/StarterBundle/UE4_Assets/Environment_B/Textures/T_TilingNoise12.uexp" 4035
"C:/Users/Shubham/Documents/Unreal Projects/ShooterSam/Content/StarterBundle/UE4_Assets/Environment_B/Materials/M_IceChunks_01.uasset" 4036
"C:/Users/Shubham/Documents/Unreal Projects/ShooterSam/Content/StarterBundle/UE4_Assets/Environment_B/Materials/M_IceChunks_01.uexp" 4037
"C:/Users/Shubham/Documents/Unreal Projects/ShooterSam/Content/StarterBundle/UE4_Assets/Environment_B/Meshes/SM_IceChunks_01.ubulk" 4038
"C:/Users/Shubham/Documents/Unreal Projects/ShooterSam/Content/StarterBundle/UE4_Assets/Environment_B/Meshes/SM_IceChunks_01.uasset" 4039
"C:/Users/Shubham/Documents/Unreal Projects/ShooterSam/Content/StarterBundle/UE4_Assets/Environment_B/Meshes/SM_IceChunks_01.uexp" 4040
"C:/Users/Shubham/Documents/Unreal Projects/ShooterSam/Content/StarterBundle/UE4_Assets/Environment_B/Meshes/SM_IceChunks_02.ubulk" 4041
"C:/Users/Shubham/Documents/Unreal Projects/ShooterSam/Content/StarterBundle/UE4_Assets/Environment_B/Meshes/SM_IceChunks_02.uasset" 4042
"C:/Users/Shubham/Documents/Unreal Projects/ShooterSam/Content/StarterBundle/UE4_Assets/Environment_B/Meshes/SM_IceChunks_02.uexp" 4043
"C:/Users/Shubham/Documents/Unreal Projects/ShooterSam/Content/StarterBundle/ModularSciFiMats/Textures/T_Metal_Brushed_M.uasset" 4044
"C:/Users/Shubham/Documents/Unreal Projects/ShooterSam/Content/StarterBundle/ModularSciFiMats/Textures/T_Metal_Brushed_M.uexp" 4045
"C:/Users/Shubham/Documents/Unreal Projects/ShooterSam/Content/StarterBundle/ModularSciFiMats/Textures/T_Metal_Brushed_N.ubulk" 4046
"C:/Users/Shubham/Documents/Unreal Projects/ShooterSam/Content/StarterBundle/ModularSciFiMats/Textures/T_Metal_Brushed_N.uasset" 4047
"C:/Users/Shubham/Documents/Unreal Projects/ShooterSam/Content/StarterBundle/ModularSciFiMats/Textures/T_Metal_Brushed_N.uexp" 4048
"C:/Users/Shubham/Documents/Unreal Projects/ShooterSam/Content/StarterBundle/ModularSciFiMats/Textures/T_Wall_E_diff.ubulk" 4049
"C:/Users/Shubham/Documents/Unreal Projects/ShooterSam/Content/StarterBundle/ModularSciFiMats/Textures/T_Wall_E_diff.uasset" 4050
"C:/Users/Shubham/Documents/Unreal Projects/ShooterSam/Content/StarterBundle/ModularSciFiMats/Textures/T_Wall_E_diff.uexp" 4051
"C:/Users/Shubham/Documents/Unreal Projects/ShooterSam/Content/StarterBundle/ModularSciFiMats/Textures/T_Wall_E_M.ubulk" 4052
"C:/Users/Shubham/Documents/Unreal Projects/ShooterSam/Content/StarterBundle/ModularSciFiMats/Textures/T_Wall_E_M.uasset" 4053
"C:/Users/Shubham/Documents/Unreal Projects/ShooterSam/Content/StarterBundle/ModularSciFiMats/Textures/T_Wall_E_M.uexp" 4054
"C:/Users/Shubham/Documents/Unreal Projects/ShooterSam/Content/StarterBundle/ModularSciFiMats/Textures/T_Wall_E_normals.ubulk" 4055
"C:/Users/Shubham/Documents/Unreal Projects/ShooterSam/Content/StarterBundle/ModularSciFiMats/Textures/T_Wall_E_normals.uasset" 4056
"C:/Users/Shubham/Documents/Unreal Projects/ShooterSam/Content/StarterBundle/ModularSciFiMats/Textures/T_Wall_E_normals.uexp" 4057
"C:/Users/Shubham/Documents/Unreal Projects/ShooterSam/Content/StarterBundle/ModularSciFiMats/Materials/M_Base_3C.uasset" 4058
"C:/Users/Shubham/Documents/Unreal Projects/ShooterSam/Content/StarterBundle/ModularSciFiMats/Materials/M_Base_3C.uexp" 4059
"C:/Users/Shubham/Documents/Unreal Projects/ShooterSam/Content/StarterBundle/ModularSciFiMats/Textures/T_Ceiling_A_Diff.ubulk" 4060
"C:/Users/Shubham/Documents/Unreal Projects/ShooterSam/Content/StarterBundle/ModularSciFiMats/Textures/T_Ceiling_A_Diff.uasset" 4061
"C:/Users/Shubham/Documents/Unreal Projects/ShooterSam/Content/StarterBundle/ModularSciFiMats/Textures/T_Ceiling_A_Diff.uexp" 4062
"C:/Users/Shubham/Documents/Unreal Projects/ShooterSam/Content/StarterBundle/ModularSciFiMats/Textures/T_Ceiling_A_ML.ubulk" 4063
"C:/Users/Shubham/Documents/Unreal Projects/ShooterSam/Content/StarterBundle/ModularSciFiMats/Textures/T_Ceiling_A_ML.uasset" 4064
"C:/Users/Shubham/Documents/Unreal Projects/ShooterSam/Content/StarterBundle/ModularSciFiMats/Textures/T_Ceiling_A_ML.uexp" 4065
"C:/Users/Shubham/Documents/Unreal Projects/ShooterSam/Content/StarterBundle/ModularSciFiMats/Textures/T_Ceiling_A_normals.ubulk" 4066
"C:/Users/Shubham/Documents/Unreal Projects/ShooterSam/Content/StarterBundle/ModularSciFiMats/Textures/T_Ceiling_A_normals.uasset" 4067
"C:/Users/Shubham/Documents/Unreal Projects/ShooterSam/Content/StarterBundle/ModularSciFiMats/Textures/T_Ceiling_A_normals.uexp" 4068
"C:/Users/Shubham/Documents/Unreal Projects/ShooterSam/Content/StarterBundle/ModularSciFiMats/Materials/Instances/MI_Ceiling_A.uasset" 4069
"C:/Users/Shubham/Documents/Unreal Projects/ShooterSam/Content/StarterBundle/ModularSciFiMats/Materials/Instances/MI_Ceiling_A.uexp" 4070
"C:/Users/Shubham/Documents/Unreal Projects/ShooterSam/Content/StarterBundle/ModularSciFiMats/Textures/T_Floor_A_diff.ubulk" 4071
"C:/Users/Shubham/Documents/Unreal Projects/ShooterSam/Content/StarterBundle/ModularSciFiMats/Textures/T_Floor_A_diff.uasset" 4072
"C:/Users/Shubham/Documents/Unreal Projects/ShooterSam/Content/StarterBundle/ModularSciFiMats/Textures/T_Floor_A_diff.uexp" 4073
"C:/Users/Shubham/Documents/Unreal Projects/ShooterSam/Content/StarterBundle/ModularSciFiMats/Textures/T_Floor_A_M.ubulk" 4074
"C:/Users/Shubham/Documents/Unreal Projects/ShooterSam/Content/StarterBundle/ModularSciFiMats/Textures/T_Floor_A_M.uasset" 4075
"C:/Users/Shubham/Documents/Unreal Projects/ShooterSam/Content/StarterBundle/ModularSciFiMats/Textures/T_Floor_A_M.uexp" 4076
"C:/Users/Shubham/Documents/Unreal Projects/ShooterSam/Content/StarterBundle/ModularSciFiMats/Textures/T_Floor_A_normals.ubulk" 4077
"C:/Users/Shubham/Documents/Unreal Projects/ShooterSam/Content/StarterBundle/ModularSciFiMats/Textures/T_Floor_A_normals.uasset" 4078
"C:/Users/Shubham/Documents/Unreal Projects/ShooterSam/Content/StarterBundle/ModularSciFiMats/Textures/T_Floor_A_normals.uexp" 4079
"C:/Users/Shubham/Documents/Unreal Projects/ShooterSam/Content/StarterBundle/ModularSciFiMats/Materials/M_Base_Tile_Scr.uasset" 4080
"C:/Users/Shubham/Documents/Unreal Projects/ShooterSam/Content/StarterBundle/ModularSciFiMats/Materials/M_Base_Tile_Scr.uexp" 4081
"C:/Users/Shubham/Documents/Unreal Projects/ShooterSam/Content/StarterBundle/ModularSciFiMats/Textures/T_Floor_E_diff.ubulk" 4082
"C:/Users/Shubham/Documents/Unreal Projects/ShooterSam/Content/StarterBundle/ModularSciFiMats/Textures/T_Floor_E_diff.uasset" 4083
"C:/Users/Shubham/Documents/Unreal Projects/ShooterSam/Content/StarterBundle/ModularSciFiMats/Textures/T_Floor_E_diff.uexp" 4084
"C:/Users/Shubham/Documents/Unreal Projects/ShooterSam/Content/StarterBundle/ModularSciFiMats/Textures/T_Floor_E_M.ubulk" 4085
"C:/Users/Shubham/Documents/Unreal Projects/ShooterSam/Content/StarterBundle/ModularSciFiMats/Textures/T_Floor_E_M.uasset" 4086
"C:/Users/Shubham/Documents/Unreal Projects/ShooterSam/Content/StarterBundle/ModularSciFiMats/Textures/T_Floor_E_M.uexp" 4087
"C:/Users/Shubham/Documents/Unreal Projects/ShooterSam/Content/StarterBundle/ModularSciFiMats/Textures/T_Floor_E_normals.ubulk" 4088
"C:/Users/Shubham/Documents/Unreal Projects/ShooterSam/Content/StarterBundle/ModularSciFiMats/Textures/T_Floor_E_normals.uasset" 4089
"C:/Users/Shubham/Documents/Unreal Projects/ShooterSam/Content/StarterBundle/ModularSciFiMats/Textures/T_Floor_E_normals.uexp" 4090
"C:/Users/Shubham/Documents/Unreal Projects/ShooterSam/Content/StarterBundle/ModularSciFiMats/Materials/Instances/MI_Floor_E_Scr.uasset" 4091
"C:/Users/Shubham/Documents/Unreal Projects/ShooterSam/Content/StarterBundle/ModularSciFiMats/Materials/Instances/MI_Floor_E_Scr.uexp" 4092
"C:/Users/Shubham/Documents/Unreal Projects/ShooterSam/Content/StarterBundle/ModularSciFiMats/Textures/T_Wall_A_diff.ubulk" 4093
"C:/Users/Shubham/Documents/Unreal Projects/ShooterSam/Content/StarterBundle/ModularSciFiMats/Textures/T_Wall_A_diff.uasset" 4094
"C:/Users/Shubham/Documents/Unreal Projects/ShooterSam/Content/StarterBundle/ModularSciFiMats/Textures/T_Wall_A_diff.uexp" 4095
"C:/Users/Shubham/Documents/Unreal Projects/ShooterSam/Content/StarterBundle/ModularSciFiMats/Textures/T_Wall_A_M.ubulk" 4096
"C:/Users/Shubham/Documents/Unreal Projects/ShooterSam/Content/StarterBundle/ModularSciFiMats/Textures/T_Wall_A_M.uasset" 4097
"C:/Users/Shubham/Documents/Unreal Projects/ShooterSam/Content/StarterBundle/ModularSciFiMats/Textures/T_Wall_A_M.uexp" 4098
"C:/Users/Shubham/Documents/Unreal Projects/ShooterSam/Content/StarterBundle/ModularSciFiMats/Textures/T_Wall_A_normals.ubulk" 4099
"C:/Users/Shubham/Documents/Unreal Projects/ShooterSam/Content/StarterBundle/ModularSciFiMats/Textures/T_Wall_A_normals.uasset" 4100
"C:/Users/Shubham/Documents/Unreal Projects/ShooterSam/Content/StarterBundle/ModularSciFiMats/Textures/T_Wall_A_normals.uexp" 4101
"C:/Users/Shubham/Documents/Unreal Projects/ShooterSam/Content/StarterBundle/ModularSciFiMats/Materials/M_Base_4C_Scr.uasset" 4102
"C:/Users/Shubham/Documents/Unreal Projects/ShooterSam/Content/StarterBundle/ModularSciFiMats/Materials/M_Base_4C_Scr.uexp" 4103
"C:/Users/Shubham/Documents/Unreal Projects/ShooterSam/Content/StarterBundle/ModularSciFiMats/Textures/T_Floor_F_diff.ubulk" 4104
"C:/Users/Shubham/Documents/Unreal Projects/ShooterSam/Content/StarterBundle/ModularSciFiMats/Textures/T_Floor_F_diff.uasset" 4105
"C:/Users/Shubham/Documents/Unreal Projects/ShooterSam/Content/StarterBundle/ModularSciFiMats/Textures/T_Floor_F_diff.uexp" 4106
"C:/Users/Shubham/Documents/Unreal Projects/ShooterSam/Content/StarterBundle/ModularSciFiMats/Textures/T_Floor_F_M.ubulk" 4107
"C:/Users/Shubham/Documents/Unreal Projects/ShooterSam/Content/StarterBundle/ModularSciFiMats/Textures/T_Floor_F_M.uasset" 4108
"C:/Users/Shubham/Documents/Unreal Projects/ShooterSam/Content/StarterBundle/ModularSciFiMats/Textures/T_Floor_F_M.uexp" 4109
"C:/Users/Shubham/Documents/Unreal Projects/ShooterSam/Content/StarterBundle/ModularSciFiMats/Textures/T_Floor_F_normals.ubulk" 4110
"C:/Users/Shubham/Documents/Unreal Projects/ShooterSam/Content/StarterBundle/ModularSciFiMats/Textures/T_Floor_F_normals.uasset" 4111
"C:/Users/Shubham/Documents/Unreal Projects/ShooterSam/Content/StarterBundle/ModularSciFiMats/Textures/T_Floor_F_normals.uexp" 4112
"C:/Users/Shubham/Documents/Unreal Projects/ShooterSam/Content/StarterBundle/ModularSciFiMats/Textures/T_Metal_Scratches_M.uasset" 4113
"C:/Users/Shubham/Documents/Unreal Projects/ShooterSam/Content/StarterBundle/ModularSciFiMats/Textures/T_Metal_Scratches_M.uexp" 4114
"C:/Users/Shubham/Documents/Unreal Projects/ShooterSam/Content/StarterBundle/ModularSciFiMats/Materials/Instances/MI_Floor_F_Scr.uasset" 4115
"C:/Users/Shubham/Documents/Unreal Projects/ShooterSam/Content/StarterBundle/ModularSciFiMats/Materials/Instances/MI_Floor_F_Scr.uexp" 4116
"C:/Users/Shubham/Documents/Unreal Projects/ShooterSam/Content/StarterBundle/ModularSciFiMats/Textures/T_Trims_A_diff.ubulk" 4117
"C:/Users/Shubham/Documents/Unreal Projects/ShooterSam/Content/StarterBundle/ModularSciFiMats/Textures/T_Trims_A_diff.uasset" 4118
"C:/Users/Shubham/Documents/Unreal Projects/ShooterSam/Content/StarterBundle/ModularSciFiMats/Textures/T_Trims_A_diff.uexp" 4119
"C:/Users/Shubham/Documents/Unreal Projects/ShooterSam/Content/StarterBundle/ModularSciFiMats/Textures/T_Trims_A_ML.ubulk" 4120
"C:/Users/Shubham/Documents/Unreal Projects/ShooterSam/Content/StarterBundle/ModularSciFiMats/Textures/T_Trims_A_ML.uasset" 4121
"C:/Users/Shubham/Documents/Unreal Projects/ShooterSam/Content/StarterBundle/ModularSciFiMats/Textures/T_Trims_A_ML.uexp" 4122
"C:/Users/Shubham/Documents/Unreal Projects/ShooterSam/Content/StarterBundle/ModularSciFiMats/Textures/T_Trims_A_normals.ubulk" 4123
"C:/Users/Shubham/Documents/Unreal Projects/ShooterSam/Content/StarterBundle/ModularSciFiMats/Textures/T_Trims_A_normals.uasset" 4124
"C:/Users/Shubham/Documents/Unreal Projects/ShooterSam/Content/StarterBundle/ModularSciFiMats/Textures/T_Trims_A_normals.uexp" 4125
"C:/Users/Shubham/Documents/Unreal Projects/ShooterSam/Content/StarterBundle/ModularSciFiMats/Materials/Instances/MI_Trims_A.uasset" 4126
"C:/Users/Shubham/Documents/Unreal Projects/ShooterSam/Content/StarterBundle/ModularSciFiMats/Materials/Instances/MI_Trims_A.uexp" 4127
"C:/Users/Shubham/Documents/Unreal Projects/ShooterSam/Content/StarterBundle/ModularSciFiMats/Materials/Instances/MI_Trims_A2.uasset" 4128
"C:/Users/Shubham/Documents/Unreal Projects/ShooterSam/Content/StarterBundle/ModularSciFiMats/Materials/Instances/MI_Trims_A2.uexp" 4129
"C:/Users/Shubham/Documents/Unreal Projects/ShooterSam/Content/StarterBundle/ModularSciFiMats/Materials/Instances/MI_Trims_A3.uasset" 4130
"C:/Users/Shubham/Documents/Unreal Projects/ShooterSam/Content/StarterBundle/ModularSciFiMats/Materials/Instances/MI_Trims_A3.uexp" 4131
"C:/Users/Shubham/Documents/Unreal Projects/ShooterSam/Content/StarterBundle/ModularSciFiMats/Materials/Instances/MI_Trims_A4.uasset" 4132
"C:/Users/Shubham/Documents/Unreal Projects/ShooterSam/Content/StarterBundle/ModularSciFiMats/Materials/Instances/MI_Trims_A4.uexp" 4133
"C:/Users/Shubham/Documents/Unreal Projects/ShooterSam/Content/StarterBundle/ModularSciFiMats/Textures/Decals/Floor/T_FloorSquare_A.uasset" 4134
"C:/Users/Shubham/Documents/Unreal Projects/ShooterSam/Content/StarterBundle/ModularSciFiMats/Textures/Decals/Floor/T_FloorSquare_A.uexp" 4135
"C:/Users/Shubham/Documents/Unreal Projects/ShooterSam/Content/StarterBundle/ModularSciFiMats/Textures/Decals/Floor/T_FloorSquare_A_M.uasset" 4136
"C:/Users/Shubham/Documents/Unreal Projects/ShooterSam/Content/StarterBundle/ModularSciFiMats/Textures/Decals/Floor/T_FloorSquare_A_M.uexp" 4137
"C:/Users/Shubham/Documents/Unreal Projects/ShooterSam/Content/StarterBundle/ModularSciFiMats/Materials/Decals/M_Decal_Base.uasset" 4138
"C:/Users/Shubham/Documents/Unreal Projects/ShooterSam/Content/StarterBundle/ModularSciFiMats/Materials/Decals/M_Decal_Base.uexp" 4139
"C:/Users/Shubham/Documents/Unreal Projects/ShooterSam/Content/StarterBundle/ModularSciFiMats/Textures/Decals/T_Base_M.uasset" 4140
"C:/Users/Shubham/Documents/Unreal Projects/ShooterSam/Content/StarterBundle/ModularSciFiMats/Textures/Decals/T_Base_M.uexp" 4141
"C:/Users/Shubham/Documents/Unreal Projects/ShooterSam/Content/StarterBundle/ModularSciFiMats/Textures/Decals/Arrows/T_Arrow_A.uasset" 4142
"C:/Users/Shubham/Documents/Unreal Projects/ShooterSam/Content/StarterBundle/ModularSciFiMats/Textures/Decals/Arrows/T_Arrow_A.uexp" 4143
"C:/Users/Shubham/Documents/Unreal Projects/ShooterSam/Content/StarterBundle/ModularSciFiMats/Materials/Decals/Arrows/MI_Arrow_A.uasset" 4144
"C:/Users/Shubham/Documents/Unreal Projects/ShooterSam/Content/StarterBundle/ModularSciFiMats/Materials/Decals/Arrows/MI_Arrow_A.uexp" 4145
"C:/Users/Shubham/Documents/Unreal Projects/ShooterSam/Content/StarterBundle/ModularSciFiMats/Textures/Decals/Arrows/T_Arrow_B.uasset" 4146
"C:/Users/Shubham/Documents/Unreal Projects/ShooterSam/Content/StarterBundle/ModularSciFiMats/Textures/Decals/Arrows/T_Arrow_B.uexp" 4147
"C:/Users/Shubham/Documents/Unreal Projects/ShooterSam/Content/StarterBundle/ModularSciFiMats/Materials/Decals/Arrows/MI_Arrow_B.uasset" 4148
"C:/Users/Shubham/Documents/Unreal Projects/ShooterSam/Content/StarterBundle/ModularSciFiMats/Materials/Decals/Arrows/MI_Arrow_B.uexp" 4149
"C:/Users/Shubham/Documents/Unreal Projects/ShooterSam/Content/StarterBundle/ModularSciFiMats/Textures/Decals/Arrows/T_Arrow_B_Scr_OM.uasset" 4150
"C:/Users/Shubham/Documents/Unreal Projects/ShooterSam/Content/StarterBundle/ModularSciFiMats/Textures/Decals/Arrows/T_Arrow_B_Scr_OM.uexp" 4151
"C:/Users/Shubham/Documents/Unreal Projects/ShooterSam/Content/StarterBundle/ModularSciFiMats/Materials/Decals/Arrows/MI_Arrow_B_Scr.uasset" 4152
"C:/Users/Shubham/Documents/Unreal Projects/ShooterSam/Content/StarterBundle/ModularSciFiMats/Materials/Decals/Arrows/MI_Arrow_B_Scr.uexp" 4153
"C:/Users/Shubham/Documents/Unreal Projects/ShooterSam/Content/StarterBundle/ModularSciFiMats/Textures/Decals/Arrows/T_Arrow_C.uasset" 4154
"C:/Users/Shubham/Documents/Unreal Projects/ShooterSam/Content/StarterBundle/ModularSciFiMats/Textures/Decals/Arrows/T_Arrow_C.uexp" 4155
"C:/Users/Shubham/Documents/Unreal Projects/ShooterSam/Content/StarterBundle/ModularSciFiMats/Materials/Decals/Arrows/MI_Arrow_C.uasset" 4156
"C:/Users/Shubham/Documents/Unreal Projects/ShooterSam/Content/StarterBundle/ModularSciFiMats/Materials/Decals/Arrows/MI_Arrow_C.uexp" 4157
"C:/Users/Shubham/Documents/Unreal Projects/ShooterSam/Content/StarterBundle/ModularSciFiMats/Textures/Decals/Arrows/T_Arrow_F.uasset" 4158
"C:/Users/Shubham/Documents/Unreal Projects/ShooterSam/Content/StarterBundle/ModularSciFiMats/Textures/Decals/Arrows/T_Arrow_F.uexp" 4159
"C:/Users/Shubham/Documents/Unreal Projects/ShooterSam/Content/StarterBundle/ModularSciFiMats/Materials/Decals/Arrows/MI_Arrow_F2.uasset" 4160
"C:/Users/Shubham/Documents/Unreal Projects/ShooterSam/Content/StarterBundle/ModularSciFiMats/Materials/Decals/Arrows/MI_Arrow_F2.uexp" 4161
"C:/Users/Shubham/Documents/Unreal Projects/ShooterSam/Content/StarterBundle/ModularSciFiMats/Materials/Decals/Arrows/MI_Arrow_F3.uasset" 4162
"C:/Users/Shubham/Documents/Unreal Projects/ShooterSam/Content/StarterBundle/ModularSciFiMats/Materials/Decals/Arrows/MI_Arrow_F3.uexp" 4163
"C:/Users/Shubham/Documents/Unreal Projects/ShooterSam/Content/StarterBundle/ModularSciFiMats/Textures/Decals/Corners/T_Corner_A.uasset" 4164
"C:/Users/Shubham/Documents/Unreal Projects/ShooterSam/Content/StarterBundle/ModularSciFiMats/Textures/Decals/Corners/T_Corner_A.uexp" 4165
"C:/Users/Shubham/Documents/Unreal Projects/ShooterSam/Content/StarterBundle/ModularSciFiMats/Materials/Decals/Corners/MI_Corner_A.uasset" 4166
"C:/Users/Shubham/Documents/Unreal Projects/ShooterSam/Content/StarterBundle/ModularSciFiMats/Materials/Decals/Corners/MI_Corner_A.uexp" 4167
"C:/Users/Shubham/Documents/Unreal Projects/ShooterSam/Content/StarterBundle/ModularSciFiMats/Textures/Decals/Corners/T_Corner_A_Scr_OM.uasset" 4168
"C:/Users/Shubham/Documents/Unreal Projects/ShooterSam/Content/StarterBundle/ModularSciFiMats/Textures/Decals/Corners/T_Corner_A_Scr_OM.uexp" 4169
"C:/Users/Shubham/Documents/Unreal Projects/ShooterSam/Content/StarterBundle/ModularSciFiMats/Materials/Decals/Corners/MI_Corner_A_Scr.uasset" 4170
"C:/Users/Shubham/Documents/Unreal Projects/ShooterSam/Content/StarterBundle/ModularSciFiMats/Materials/Decals/Corners/MI_Corner_A_Scr.uexp" 4171
"C:/Users/Shubham/Documents/Unreal Projects/ShooterSam/Content/StarterBundle/ModularSciFiMats/Textures/Decals/Floor/T_FloorRect_C.uasset" 4172
"C:/Users/Shubham/Documents/Unreal Projects/ShooterSam/Content/StarterBundle/ModularSciFiMats/Textures/Decals/Floor/T_FloorRect_C.uexp" 4173
"C:/Users/Shubham/Documents/Unreal Projects/ShooterSam/Content/StarterBundle/ModularSciFiMats/Materials/Decals/Floor/MI_FloorRect_C.uasset" 4174
"C:/Users/Shubham/Documents/Unreal Projects/ShooterSam/Content/StarterBundle/ModularSciFiMats/Materials/Decals/Floor/MI_FloorRect_C.uexp" 4175
"C:/Users/Shubham/Documents/Unreal Projects/ShooterSam/Content/StarterBundle/ModularSciFiMats/Materials/Decals/Floor/MI_SquareFloor_A.uasset" 4176
"C:/Users/Shubham/Documents/Unreal Projects/ShooterSam/Content/StarterBundle/ModularSciFiMats/Materials/Decals/Floor/MI_SquareFloor_A.uexp" 4177
"C:/Users/Shubham/Documents/Unreal Projects/ShooterSam/Content/StarterBundle/ModularSciFiMats/Textures/Decals/Floor/T_FloorSquare_A_Scra_OM.uasset" 4178
"C:/Users/Shubham/Documents/Unreal Projects/ShooterSam/Content/StarterBundle/ModularSciFiMats/Textures/Decals/Floor/T_FloorSquare_A_Scra_OM.uexp" 4179
"C:/Users/Shubham/Documents/Unreal Projects/ShooterSam/Content/StarterBundle/ModularSciFiMats/Materials/Decals/Floor/MI_SquareFloor_A2.uasset" 4180
"C:/Users/Shubham/Documents/Unreal Projects/ShooterSam/Content/StarterBundle/ModularSciFiMats/Materials/Decals/Floor/MI_SquareFloor_A2.uexp" 4181
"C:/Users/Shubham/Documents/Unreal Projects/ShooterSam/Content/StarterBundle/ModularSciFiMats/Textures/Decals/Shapes/T_Circle_ABC_M.uasset" 4182
"C:/Users/Shubham/Documents/Unreal Projects/ShooterSam/Content/StarterBundle/ModularSciFiMats/Textures/Decals/Shapes/T_Circle_ABC_M.uexp" 4183
"C:/Users/Shubham/Documents/Unreal Projects/ShooterSam/Content/StarterBundle/ModularSciFiMats/Textures/Decals/Shapes/T_Circle_C.uasset" 4184
"C:/Users/Shubham/Documents/Unreal Projects/ShooterSam/Content/StarterBundle/ModularSciFiMats/Textures/Decals/Shapes/T_Circle_C.uexp" 4185
"C:/Users/Shubham/Documents/Unreal Projects/ShooterSam/Content/StarterBundle/ModularSciFiMats/Materials/Decals/Shapes/MI_Circle_C.uasset" 4186
"C:/Users/Shubham/Documents/Unreal Projects/ShooterSam/Content/StarterBundle/ModularSciFiMats/Materials/Decals/Shapes/MI_Circle_C.uexp" 4187
"C:/Users/Shubham/Documents/Unreal Projects/ShooterSam/Content/StarterBundle/ModularSciFiMats/Textures/Decals/Shapes/T_Circle_E.uasset" 4188
"C:/Users/Shubham/Documents/Unreal Projects/ShooterSam/Content/StarterBundle/ModularSciFiMats/Textures/Decals/Shapes/T_Circle_E.uexp" 4189
"C:/Users/Shubham/Documents/Unreal Projects/ShooterSam/Content/StarterBundle/ModularSciFiMats/Textures/Decals/Shapes/T_Circle_E_Scr_OM.uasset" 4190
"C:/Users/Shubham/Documents/Unreal Projects/ShooterSam/Content/StarterBundle/ModularSciFiMats/Textures/Decals/Shapes/T_Circle_E_Scr_OM.uexp" 4191
"C:/Users/Shubham/Documents/Unreal Projects/ShooterSam/Content/StarterBundle/ModularSciFiMats/Materials/Decals/Shapes/MI_Circle_E_Scr.uasset" 4192
"C:/Users/Shubham/Documents/Unreal Projects/ShooterSam/Content/StarterBundle/ModularSciFiMats/Materials/Decals/Shapes/MI_Circle_E_Scr.uexp" 4193
"C:/Users/Shubham/Documents/Unreal Projects/ShooterSam/Content/StarterBundle/ModularSciFiMats/Textures/Decals/Shapes/T_Circle_F.uasset" 4194
"C:/Users/Shubham/Documents/Unreal Projects/ShooterSam/Content/StarterBundle/ModularSciFiMats/Textures/Decals/Shapes/T_Circle_F.uexp" 4195
"C:/Users/Shubham/Documents/Unreal Projects/ShooterSam/Content/StarterBundle/ModularSciFiMats/Textures/Decals/Shapes/T_Circle_F_Scr_OM.uasset" 4196
"C:/Users/Shubham/Documents/Unreal Projects/ShooterSam/Content/StarterBundle/ModularSciFiMats/Textures/Decals/Shapes/T_Circle_F_Scr_OM.uexp" 4197
"C:/Users/Shubham/Documents/Unreal Projects/ShooterSam/Content/StarterBundle/ModularSciFiMats/Materials/Decals/Shapes/MI_Circle_F_Scr.uasset" 4198
"C:/Users/Shubham/Documents/Unreal Projects/ShooterSam/Content/StarterBundle/ModularSciFiMats/Materials/Decals/Shapes/MI_Circle_F_Scr.uexp" 4199
"C:/Users/Shubham/Documents/Unreal Projects/ShooterSam/Content/StarterBundle/ModularSciFiMats/Textures/Decals/Shapes/T_Rectangle_A.uasset" 4200
"C:/Users/Shubham/Documents/Unreal Projects/ShooterSam/Content/StarterBundle/ModularSciFiMats/Textures/Decals/Shapes/T_Rectangle_A.uexp" 4201
"C:/Users/Shubham/Documents/Unreal Projects/ShooterSam/Content/StarterBundle/ModularSciFiMats/Textures/Decals/Shapes/T_Rectangle_AB_M.uasset" 4202
"C:/Users/Shubham/Documents/Unreal Projects/ShooterSam/Content/StarterBundle/ModularSciFiMats/Textures/Decals/Shapes/T_Rectangle_AB_M.uexp" 4203
"C:/Users/Shubham/Documents/Unreal Projects/ShooterSam/Content/StarterBundle/ModularSciFiMats/Materials/Decals/Shapes/MI_Rectangle_A.uasset" 4204
"C:/Users/Shubham/Documents/Unreal Projects/ShooterSam/Content/StarterBundle/ModularSciFiMats/Materials/Decals/Shapes/MI_Rectangle_A.uexp" 4205
"C:/Users/Shubham/Documents/Unreal Projects/ShooterSam/Content/StarterBundle/ModularSciFiMats/Textures/Decals/Shapes/T_Square_A.uasset" 4206
"C:/Users/Shubham/Documents/Unreal Projects/ShooterSam/Content/StarterBundle/ModularSciFiMats/Textures/Decals/Shapes/T_Square_A.uexp" 4207
"C:/Users/Shubham/Documents/Unreal Projects/ShooterSam/Content/StarterBundle/ModularSciFiMats/Textures/Decals/Shapes/T_Square_AB_M.uasset" 4208
"C:/Users/Shubham/Documents/Unreal Projects/ShooterSam/Content/StarterBundle/ModularSciFiMats/Textures/Decals/Shapes/T_Square_AB_M.uexp" 4209
"C:/Users/Shubham/Documents/Unreal Projects/ShooterSam/Content/StarterBundle/ModularSciFiMats/Textures/Decals/Shapes/T_Square_A_Scr_OM.uasset" 4210
"C:/Users/Shubham/Documents/Unreal Projects/ShooterSam/Content/StarterBundle/ModularSciFiMats/Textures/Decals/Shapes/T_Square_A_Scr_OM.uexp" 4211
"C:/Users/Shubham/Documents/Unreal Projects/ShooterSam/Content/StarterBundle/ModularSciFiMats/Materials/Decals/Shapes/MI_Square_A_Scr.uasset" 4212
"C:/Users/Shubham/Documents/Unreal Projects/ShooterSam/Content/StarterBundle/ModularSciFiMats/Materials/Decals/Shapes/MI_Square_A_Scr.uexp" 4213
"C:/Users/Shubham/Documents/Unreal Projects/ShooterSam/Content/StarterBundle/ModularSciFiMats/Materials/Decals/Shapes/MI_Square_A_Scr2.uasset" 4214
"C:/Users/Shubham/Documents/Unreal Projects/ShooterSam/Content/StarterBundle/ModularSciFiMats/Materials/Decals/Shapes/MI_Square_A_Scr2.uexp" 4215
"C:/Users/Shubham/Documents/Unreal Projects/ShooterSam/Content/StarterBundle/ModularSciFiMats/Textures/Decals/Shapes/T_Square_C.uasset" 4216
"C:/Users/Shubham/Documents/Unreal Projects/ShooterSam/Content/StarterBundle/ModularSciFiMats/Textures/Decals/Shapes/T_Square_C.uexp" 4217
"C:/Users/Shubham/Documents/Unreal Projects/ShooterSam/Content/StarterBundle/ModularSciFiMats/Materials/Decals/Shapes/MI_Square_C_Red.uasset" 4218
"C:/Users/Shubham/Documents/Unreal Projects/ShooterSam/Content/StarterBundle/ModularSciFiMats/Materials/Decals/Shapes/MI_Square_C_Red.uexp" 4219
"C:/Users/Shubham/Documents/Unreal Projects/ShooterSam/Content/StarterBundle/ModularSciFiMats/Materials/Decals/Shapes/MI_Square_C_Yell2.uasset" 4220
"C:/Users/Shubham/Documents/Unreal Projects/ShooterSam/Content/StarterBundle/ModularSciFiMats/Materials/Decals/Shapes/MI_Square_C_Yell2.uexp" 4221
"C:/Users/Shubham/Documents/Unreal Projects/ShooterSam/Content/StarterBundle/ModularSciFiMats/Textures/Decals/Shapes/T_Square_D.uasset" 4222
"C:/Users/Shubham/Documents/Unreal Projects/ShooterSam/Content/StarterBundle/ModularSciFiMats/Textures/Decals/Shapes/T_Square_D.uexp" 4223
"C:/Users/Shubham/Documents/Unreal Projects/ShooterSam/Content/StarterBundle/ModularSciFiMats/Materials/Decals/Shapes/MI_Square_D.uasset" 4224
"C:/Users/Shubham/Documents/Unreal Projects/ShooterSam/Content/StarterBundle/ModularSciFiMats/Materials/Decals/Shapes/MI_Square_D.uexp" 4225
"C:/Users/Shubham/Documents/Unreal Projects/ShooterSam/Content/StarterBundle/ModularSciFiMats/Textures/Decals/Signs/T_CautionTriangle.uasset" 4226
"C:/Users/Shubham/Documents/Unreal Projects/ShooterSam/Content/StarterBundle/ModularSciFiMats/Textures/Decals/Signs/T_CautionTriangle.uexp" 4227
"C:/Users/Shubham/Documents/Unreal Projects/ShooterSam/Content/StarterBundle/ModularSciFiMats/Textures/Decals/Signs/T_WarningSign_OM.uasset" 4228
"C:/Users/Shubham/Documents/Unreal Projects/ShooterSam/Content/StarterBundle/ModularSciFiMats/Textures/Decals/Signs/T_WarningSign_OM.uexp" 4229
"C:/Users/Shubham/Documents/Unreal Projects/ShooterSam/Content/StarterBundle/ModularSciFiMats/Materials/Decals/Signs/MI_CautionSign.uasset" 4230
"C:/Users/Shubham/Documents/Unreal Projects/ShooterSam/Content/StarterBundle/ModularSciFiMats/Materials/Decals/Signs/MI_CautionSign.uexp" 4231
"C:/Users/Shubham/Documents/Unreal Projects/ShooterSam/Content/StarterBundle/ModularSciFiMats/Textures/Decals/Signs/T_CautionTriangle_B.uasset" 4232
"C:/Users/Shubham/Documents/Unreal Projects/ShooterSam/Content/StarterBundle/ModularSciFiMats/Textures/Decals/Signs/T_CautionTriangle_B.uexp" 4233
"C:/Users/Shubham/Documents/Unreal Projects/ShooterSam/Content/StarterBundle/ModularSciFiMats/Materials/Decals/Signs/MI_CautionTriangle_B.uasset" 4234
"C:/Users/Shubham/Documents/Unreal Projects/ShooterSam/Content/StarterBundle/ModularSciFiMats/Materials/Decals/Signs/MI_CautionTriangle_B.uexp" 4235
"C:/Users/Shubham/Documents/Unreal Projects/ShooterSam/Content/StarterBundle/ModularSciFiMats/Textures/Decals/Signs/T_DangerSign.uasset" 4236
"C:/Users/Shubham/Documents/Unreal Projects/ShooterSam/Content/StarterBundle/ModularSciFiMats/Textures/Decals/Signs/T_DangerSign.uexp" 4237
"C:/Users/Shubham/Documents/Unreal Projects/ShooterSam/Content/StarterBundle/ModularSciFiMats/Materials/Decals/Signs/MI_DangerSign.uasset" 4238
"C:/Users/Shubham/Documents/Unreal Projects/ShooterSam/Content/StarterBundle/ModularSciFiMats/Materials/Decals/Signs/MI_DangerSign.uexp" 4239
"C:/Users/Shubham/Documents/Unreal Projects/ShooterSam/Content/StarterBundle/ModularSciFiMats/Textures/Decals/Signs/T_DangerVoltage.uasset" 4240
"C:/Users/Shubham/Documents/Unreal Projects/ShooterSam/Content/StarterBundle/ModularSciFiMats/Textures/Decals/Signs/T_DangerVoltage.uexp" 4241
"C:/Users/Shubham/Documents/Unreal Projects/ShooterSam/Content/StarterBundle/ModularSciFiMats/Materials/Decals/Signs/MI_DangerVoltage.uasset" 4242
"C:/Users/Shubham/Documents/Unreal Projects/ShooterSam/Content/StarterBundle/ModularSciFiMats/Materials/Decals/Signs/MI_DangerVoltage.uexp" 4243
"C:/Users/Shubham/Documents/Unreal Projects/ShooterSam/Content/StarterBundle/ModularSciFiMats/Textures/Decals/Signs/T_SafetyFirst.uasset" 4244
"C:/Users/Shubham/Documents/Unreal Projects/ShooterSam/Content/StarterBundle/ModularSciFiMats/Textures/Decals/Signs/T_SafetyFirst.uexp" 4245
"C:/Users/Shubham/Documents/Unreal Projects/ShooterSam/Content/StarterBundle/ModularSciFiMats/Materials/Decals/Signs/MI_SafetyFirst.uasset" 4246
"C:/Users/Shubham/Documents/Unreal Projects/ShooterSam/Content/StarterBundle/ModularSciFiMats/Materials/Decals/Signs/MI_SafetyFirst.uexp" 4247
"C:/Users/Shubham/Documents/Unreal Projects/ShooterSam/Content/StarterBundle/ModularSciFiMats/Textures/Decals/Stripes/T_Stripe_A.uasset" 4248
"C:/Users/Shubham/Documents/Unreal Projects/ShooterSam/Content/StarterBundle/ModularSciFiMats/Textures/Decals/Stripes/T_Stripe_A.uexp" 4249
"C:/Users/Shubham/Documents/Unreal Projects/ShooterSam/Content/StarterBundle/ModularSciFiMats/Textures/Decals/Stripes/T_Stripe_A_M.uasset" 4250
"C:/Users/Shubham/Documents/Unreal Projects/ShooterSam/Content/StarterBundle/ModularSciFiMats/Textures/Decals/Stripes/T_Stripe_A_M.uexp" 4251
"C:/Users/Shubham/Documents/Unreal Projects/ShooterSam/Content/StarterBundle/ModularSciFiMats/Textures/Decals/Stripes/T_Stripe_A_Scr_OM.uasset" 4252
"C:/Users/Shubham/Documents/Unreal Projects/ShooterSam/Content/StarterBundle/ModularSciFiMats/Textures/Decals/Stripes/T_Stripe_A_Scr_OM.uexp" 4253
"C:/Users/Shubham/Documents/Unreal Projects/ShooterSam/Content/StarterBundle/ModularSciFiMats/Materials/Decals/Stripes/MI_Stripe_A.uasset" 4254
"C:/Users/Shubham/Documents/Unreal Projects/ShooterSam/Content/StarterBundle/ModularSciFiMats/Materials/Decals/Stripes/MI_Stripe_A.uexp" 4255
"C:/Users/Shubham/Documents/Unreal Projects/ShooterSam/Content/StarterBundle/ModularSciFiMats/Materials/Decals/Stripes/MI_Stripe_A_Scr.uasset" 4256
"C:/Users/Shubham/Documents/Unreal Projects/ShooterSam/Content/StarterBundle/ModularSciFiMats/Materials/Decals/Stripes/MI_Stripe_A_Scr.uexp" 4257
"C:/Users/Shubham/Documents/Unreal Projects/ShooterSam/Content/StarterBundle/ModularSciFiMats/Textures/Decals/Stripes/T_Stripe_B.uasset" 4258
"C:/Users/Shubham/Documents/Unreal Projects/ShooterSam/Content/StarterBundle/ModularSciFiMats/Textures/Decals/Stripes/T_Stripe_B.uexp" 4259
"C:/Users/Shubham/Documents/Unreal Projects/ShooterSam/Content/StarterBundle/ModularSciFiMats/Textures/Decals/Stripes/T_Stripe_B_M.uasset" 4260
"C:/Users/Shubham/Documents/Unreal Projects/ShooterSam/Content/StarterBundle/ModularSciFiMats/Textures/Decals/Stripes/T_Stripe_B_M.uexp" 4261
"C:/Users/Shubham/Documents/Unreal Projects/ShooterSam/Content/StarterBundle/ModularSciFiMats/Materials/Decals/Stripes/MI_Stripe_B.uasset" 4262
"C:/Users/Shubham/Documents/Unreal Projects/ShooterSam/Content/StarterBundle/ModularSciFiMats/Materials/Decals/Stripes/MI_Stripe_B.uexp" 4263
"C:/Users/Shubham/Documents/Unreal Projects/ShooterSam/Content/StarterBundle/ModularSciFiMats/Textures/Decals/Stripes/T_Stripe_E.uasset" 4264
"C:/Users/Shubham/Documents/Unreal Projects/ShooterSam/Content/StarterBundle/ModularSciFiMats/Textures/Decals/Stripes/T_Stripe_E.uexp" 4265
"C:/Users/Shubham/Documents/Unreal Projects/ShooterSam/Content/StarterBundle/ModularSciFiMats/Textures/Decals/Stripes/T_Stripe_E_M.uasset" 4266
"C:/Users/Shubham/Documents/Unreal Projects/ShooterSam/Content/StarterBundle/ModularSciFiMats/Textures/Decals/Stripes/T_Stripe_E_M.uexp" 4267
"C:/Users/Shubham/Documents/Unreal Projects/ShooterSam/Content/StarterBundle/ModularSciFiMats/Materials/Decals/Stripes/MI_Stripe_E.uasset" 4268
"C:/Users/Shubham/Documents/Unreal Projects/ShooterSam/Content/StarterBundle/ModularSciFiMats/Materials/Decals/Stripes/MI_Stripe_E.uexp" 4269
"C:/Users/Shubham/Documents/Unreal Projects/ShooterSam/Content/StarterBundle/ModularSciFiMats/Textures/Decals/Stripes/T_Stripe_E_Scr_OM.uasset" 4270
"C:/Users/Shubham/Documents/Unreal Projects/ShooterSam/Content/StarterBundle/ModularSciFiMats/Textures/Decals/Stripes/T_Stripe_E_Scr_OM.uexp" 4271
"C:/Users/Shubham/Documents/Unreal Projects/ShooterSam/Content/StarterBundle/ModularSciFiMats/Materials/Decals/Stripes/MI_Stripe_E_Scr.uasset" 4272
"C:/Users/Shubham/Documents/Unreal Projects/ShooterSam/Content/StarterBundle/ModularSciFiMats/Materials/Decals/Stripes/MI_Stripe_E_Scr.uexp" 4273
"C:/Users/Shubham/Documents/Unreal Projects/ShooterSam/Content/StarterBundle/ModularSciFiMats/Textures/Decals/Stripes/T_Stripe_F.uasset" 4274
"C:/Users/Shubham/Documents/Unreal Projects/ShooterSam/Content/StarterBundle/ModularSciFiMats/Textures/Decals/Stripes/T_Stripe_F.uexp" 4275
"C:/Users/Shubham/Documents/Unreal Projects/ShooterSam/Content/StarterBundle/ModularSciFiMats/Materials/Decals/Stripes/MI_Stripe_F.uasset" 4276
"C:/Users/Shubham/Documents/Unreal Projects/ShooterSam/Content/StarterBundle/ModularSciFiMats/Materials/Decals/Stripes/MI_Stripe_F.uexp" 4277
"C:/Users/Shubham/Documents/Unreal Projects/ShooterSam/Content/StarterBundle/ModularSciFiMats/Materials/Decals/Stripes/MI_Stripe_F2.uasset" 4278
"C:/Users/Shubham/Documents/Unreal Projects/ShooterSam/Content/StarterBundle/ModularSciFiMats/Materials/Decals/Stripes/MI_Stripe_F2.uexp" 4279
"C:/Users/Shubham/Documents/Unreal Projects/ShooterSam/Content/StarterBundle/ModularSciFiMats/Textures/Decals/Stripes/T_Stripe_F_Cnr.uasset" 4280
"C:/Users/Shubham/Documents/Unreal Projects/ShooterSam/Content/StarterBundle/ModularSciFiMats/Textures/Decals/Stripes/T_Stripe_F_Cnr.uexp" 4281
"C:/Users/Shubham/Documents/Unreal Projects/ShooterSam/Content/StarterBundle/ModularSciFiMats/Textures/Decals/Stripes/T_Stripe_F_Cnr_M.uasset" 4282
"C:/Users/Shubham/Documents/Unreal Projects/ShooterSam/Content/StarterBundle/ModularSciFiMats/Textures/Decals/Stripes/T_Stripe_F_Cnr_M.uexp" 4283
"C:/Users/Shubham/Documents/Unreal Projects/ShooterSam/Content/StarterBundle/ModularSciFiMats/Materials/Decals/Stripes/MI_Stripe_F_Cnr.uasset" 4284
"C:/Users/Shubham/Documents/Unreal Projects/ShooterSam/Content/StarterBundle/ModularSciFiMats/Materials/Decals/Stripes/MI_Stripe_F_Cnr.uexp" 4285
"C:/Users/Shubham/Documents/Unreal Projects/ShooterSam/Content/StarterBundle/ModularSciFiMats/Textures/Decals/Stripes/T_Stripe_F_Scr_OM.uasset" 4286
"C:/Users/Shubham/Documents/Unreal Projects/ShooterSam/Content/StarterBundle/ModularSciFiMats/Textures/Decals/Stripes/T_Stripe_F_Scr_OM.uexp" 4287
"C:/Users/Shubham/Documents/Unreal Projects/ShooterSam/Content/StarterBundle/ModularSciFiMats/Materials/Decals/Stripes/MI_Stripe_F_Scr.uasset" 4288
"C:/Users/Shubham/Documents/Unreal Projects/ShooterSam/Content/StarterBundle/ModularSciFiMats/Materials/Decals/Stripes/MI_Stripe_F_Scr.uexp" 4289
"C:/Users/Shubham/Documents/Unreal Projects/ShooterSam/Content/StarterBundle/ModularSciFiMats/Textures/Decals/Stripes/T_Stripe_G.uasset" 4290
"C:/Users/Shubham/Documents/Unreal Projects/ShooterSam/Content/StarterBundle/ModularSciFiMats/Textures/Decals/Stripes/T_Stripe_G.uexp" 4291
"C:/Users/Shubham/Documents/Unreal Projects/ShooterSam/Content/StarterBundle/ModularSciFiMats/Textures/Decals/Stripes/T_Stripe_G_M.uasset" 4292
"C:/Users/Shubham/Documents/Unreal Projects/ShooterSam/Content/StarterBundle/ModularSciFiMats/Textures/Decals/Stripes/T_Stripe_G_M.uexp" 4293
"C:/Users/Shubham/Documents/Unreal Projects/ShooterSam/Content/StarterBundle/ModularSciFiMats/Materials/Decals/Stripes/MI_Stripe_G.uasset" 4294
"C:/Users/Shubham/Documents/Unreal Projects/ShooterSam/Content/StarterBundle/ModularSciFiMats/Materials/Decals/Stripes/MI_Stripe_G.uexp" 4295
"C:/Users/Shubham/Documents/Unreal Projects/ShooterSam/Content/StarterBundle/ModularSciFiMats/Materials/Decals/Stripes/MI_Stripe_G2.uasset" 4296
"C:/Users/Shubham/Documents/Unreal Projects/ShooterSam/Content/StarterBundle/ModularSciFiMats/Materials/Decals/Stripes/MI_Stripe_G2.uexp" 4297
"C:/Users/Shubham/Documents/Unreal Projects/ShooterSam/Content/StarterBundle/ModularSciFiMats/Textures/Decals/Stripes/T_Stripe_H.uasset" 4298
"C:/Users/Shubham/Documents/Unreal Projects/ShooterSam/Content/StarterBundle/ModularSciFiMats/Textures/Decals/Stripes/T_Stripe_H.uexp" 4299
"C:/Users/Shubham/Documents/Unreal Projects/ShooterSam/Content/StarterBundle/ModularSciFiMats/Textures/Decals/Stripes/T_Stripe_H_M.uasset" 4300
"C:/Users/Shubham/Documents/Unreal Projects/ShooterSam/Content/StarterBundle/ModularSciFiMats/Textures/Decals/Stripes/T_Stripe_H_M.uexp" 4301
"C:/Users/Shubham/Documents/Unreal Projects/ShooterSam/Content/StarterBundle/ModularSciFiMats/Textures/Decals/Stripes/T_Stripe_H_Scr_OM.uasset" 4302
"C:/Users/Shubham/Documents/Unreal Projects/ShooterSam/Content/StarterBundle/ModularSciFiMats/Textures/Decals/Stripes/T_Stripe_H_Scr_OM.uexp" 4303
"C:/Users/Shubham/Documents/Unreal Projects/ShooterSam/Content/StarterBundle/ModularSciFiMats/Materials/Decals/Stripes/MI_Stripe_H_Scr.uasset" 4304
"C:/Users/Shubham/Documents/Unreal Projects/ShooterSam/Content/StarterBundle/ModularSciFiMats/Materials/Decals/Stripes/MI_Stripe_H_Scr.uexp" 4305
"C:/Users/Shubham/Documents/Unreal Projects/ShooterSam/Content/StarterBundle/ModularSciFiMats/Textures/Decals/Text/T_Square_D.uasset" 4306
"C:/Users/Shubham/Documents/Unreal Projects/ShooterSam/Content/StarterBundle/ModularSciFiMats/Textures/Decals/Text/T_Square_D.uexp" 4307
"C:/Users/Shubham/Documents/Unreal Projects/ShooterSam/Content/StarterBundle/ModularSciFiMats/Textures/Decals/Text/T_Square_D_M.uasset" 4308
"C:/Users/Shubham/Documents/Unreal Projects/ShooterSam/Content/StarterBundle/ModularSciFiMats/Textures/Decals/Text/T_Square_D_M.uexp" 4309
"C:/Users/Shubham/Documents/Unreal Projects/ShooterSam/Content/StarterBundle/ModularSciFiMats/Materials/Decals/Text/MI_Square_D.uasset" 4310
"C:/Users/Shubham/Documents/Unreal Projects/ShooterSam/Content/StarterBundle/ModularSciFiMats/Materials/Decals/Text/MI_Square_D.uexp" 4311
"C:/Users/Shubham/Documents/Unreal Projects/ShooterSam/Content/StarterBundle/ModularSciFiMats/Textures/Decals/Text/T_Text_1.uasset" 4312
"C:/Users/Shubham/Documents/Unreal Projects/ShooterSam/Content/StarterBundle/ModularSciFiMats/Textures/Decals/Text/T_Text_1.uexp" 4313
"C:/Users/Shubham/Documents/Unreal Projects/ShooterSam/Content/StarterBundle/ModularSciFiMats/Materials/Decals/Text/MI_Text_1.uasset" 4314
"C:/Users/Shubham/Documents/Unreal Projects/ShooterSam/Content/StarterBundle/ModularSciFiMats/Materials/Decals/Text/MI_Text_1.uexp" 4315
"C:/Users/Shubham/Documents/Unreal Projects/ShooterSam/Content/StarterBundle/ModularSciFiMats/Textures/Decals/Text/T_Text_2.uasset" 4316
"C:/Users/Shubham/Documents/Unreal Projects/ShooterSam/Content/StarterBundle/ModularSciFiMats/Textures/Decals/Text/T_Text_2.uexp" 4317
"C:/Users/Shubham/Documents/Unreal Projects/ShooterSam/Content/StarterBundle/ModularSciFiMats/Materials/Decals/Text/MI_Text_2.uasset" 4318
"C:/Users/Shubham/Documents/Unreal Projects/ShooterSam/Content/StarterBundle/ModularSciFiMats/Materials/Decals/Text/MI_Text_2.uexp" 4319
"C:/Users/Shubham/Documents/Unreal Projects/ShooterSam/Content/StarterBundle/ModularSciFiMats/Textures/Decals/Text/T_Text_3.uasset" 4320
"C:/Users/Shubham/Documents/Unreal Projects/ShooterSam/Content/StarterBundle/ModularSciFiMats/Textures/Decals/Text/T_Text_3.uexp" 4321
"C:/Users/Shubham/Documents/Unreal Projects/ShooterSam/Content/StarterBundle/ModularSciFiMats/Materials/Decals/Text/MI_Text_3.uasset" 4322
"C:/Users/Shubham/Documents/Unreal Projects/ShooterSam/Content/StarterBundle/ModularSciFiMats/Materials/Decals/Text/MI_Text_3.uexp" 4323
"C:/Users/Shubham/Documents/Unreal Projects/ShooterSam/Content/StarterBundle/ModularSciFiMats/Textures/Decals/Text/T_Text_4.uasset" 4324
"C:/Users/Shubham/Documents/Unreal Projects/ShooterSam/Content/StarterBundle/ModularSciFiMats/Textures/Decals/Text/T_Text_4.uexp" 4325
"C:/Users/Shubham/Documents/Unreal Projects/ShooterSam/Content/StarterBundle/ModularSciFiMats/Materials/Decals/Text/MI_Text_4.uasset" 4326
"C:/Users/Shubham/Documents/Unreal Projects/ShooterSam/Content/StarterBundle/ModularSciFiMats/Materials/Decals/Text/MI_Text_4.uexp" 4327
"C:/Users/Shubham/Documents/Unreal Projects/ShooterSam/Content/StarterBundle/ModularSciFiMats/Textures/Decals/Text/T_Text_5.uasset" 4328
"C:/Users/Shubham/Documents/Unreal Projects/ShooterSam/Content/StarterBundle/ModularSciFiMats/Textures/Decals/Text/T_Text_5.uexp" 4329
"C:/Users/Shubham/Documents/Unreal Projects/ShooterSam/Content/StarterBundle/ModularSciFiMats/Materials/Decals/Text/MI_Text_5.uasset" 4330
"C:/Users/Shubham/Documents/Unreal Projects/ShooterSam/Content/StarterBundle/ModularSciFiMats/Materials/Decals/Text/MI_Text_5.uexp" 4331
"C:/Users/Shubham/Documents/Unreal Projects/ShooterSam/Content/StarterBundle/ModularSciFiMats/Materials/Decals/Text/MI_Text_2b.uasset" 4332
"C:/Users/Shubham/Documents/Unreal Projects/ShooterSam/Content/StarterBundle/ModularSciFiMats/Materials/Decals/Text/MI_Text_2b.uexp" 4333
"C:/Users/Shubham/Documents/Unreal Projects/ShooterSam/Content/StarterBundle/ModularSciFiMats/Materials/Decals/Text/MI_Text_2c.uasset" 4334
"C:/Users/Shubham/Documents/Unreal Projects/ShooterSam/Content/StarterBundle/ModularSciFiMats/Materials/Decals/Text/MI_Text_2c.uexp" 4335
"C:/Users/Shubham/Documents/Unreal Projects/ShooterSam/Content/StarterBundle/ModularSciFiMats/Materials/Decals/Text/MI_Text_3b.uasset" 4336
"C:/Users/Shubham/Documents/Unreal Projects/ShooterSam/Content/StarterBundle/ModularSciFiMats/Materials/Decals/Text/MI_Text_3b.uexp" 4337
"C:/Users/Shubham/Documents/Unreal Projects/ShooterSam/Content/StarterBundle/ModularSciFiMats/Materials/Decals/Text/MI_Text_3c.uasset" 4338
"C:/Users/Shubham/Documents/Unreal Projects/ShooterSam/Content/StarterBundle/ModularSciFiMats/Materials/Decals/Text/MI_Text_3c.uexp" 4339
"C:/Users/Shubham/Documents/Unreal Projects/ShooterSam/Content/StarterBundle/ModularSciFiMats/Textures/Decals/Text/T_Text_4_Scr_OM.uasset" 4340
"C:/Users/Shubham/Documents/Unreal Projects/ShooterSam/Content/StarterBundle/ModularSciFiMats/Textures/Decals/Text/T_Text_4_Scr_OM.uexp" 4341
"C:/Users/Shubham/Documents/Unreal Projects/ShooterSam/Content/StarterBundle/ModularSciFiMats/Materials/Decals/Text/MI_Text_4b.uasset" 4342
"C:/Users/Shubham/Documents/Unreal Projects/ShooterSam/Content/StarterBundle/ModularSciFiMats/Materials/Decals/Text/MI_Text_4b.uexp" 4343
"C:/Users/Shubham/Documents/Unreal Projects/ShooterSam/Content/StarterBundle/ModularSciFiMats/Materials/Decals/Text/MI_Text_4c.uasset" 4344
"C:/Users/Shubham/Documents/Unreal Projects/ShooterSam/Content/StarterBundle/ModularSciFiMats/Materials/Decals/Text/MI_Text_4c.uexp" 4345
"C:/Users/Shubham/Documents/Unreal Projects/ShooterSam/Content/StarterBundle/ModularSciFiMats/Textures/Decals/Text/T_Text_5_Scr_OM.uasset" 4346
"C:/Users/Shubham/Documents/Unreal Projects/ShooterSam/Content/StarterBundle/ModularSciFiMats/Textures/Decals/Text/T_Text_5_Scr_OM.uexp" 4347
"C:/Users/Shubham/Documents/Unreal Projects/ShooterSam/Content/StarterBundle/ModularSciFiMats/Materials/Decals/Text/MI_Text_5b.uasset" 4348
"C:/Users/Shubham/Documents/Unreal Projects/ShooterSam/Content/StarterBundle/ModularSciFiMats/Materials/Decals/Text/MI_Text_5b.uexp" 4349
"C:/Users/Shubham/Documents/Unreal Projects/ShooterSam/Content/StarterBundle/ModularSciFiMats/Materials/Decals/Text/MI_Text_5c.uasset" 4350
"C:/Users/Shubham/Documents/Unreal Projects/ShooterSam/Content/StarterBundle/ModularSciFiMats/Materials/Decals/Text/MI_Text_5c.uexp" 4351
"C:/Users/Shubham/Documents/Unreal Projects/ShooterSam/Content/StarterBundle/ModularSciFiMats/Textures/Decals/Text/T_Text_B.uasset" 4352
"C:/Users/Shubham/Documents/Unreal Projects/ShooterSam/Content/StarterBundle/ModularSciFiMats/Textures/Decals/Text/T_Text_B.uexp" 4353
"C:/Users/Shubham/Documents/Unreal Projects/ShooterSam/Content/StarterBundle/ModularSciFiMats/Materials/Decals/Text/MI_Text_B.uasset" 4354
"C:/Users/Shubham/Documents/Unreal Projects/ShooterSam/Content/StarterBundle/ModularSciFiMats/Materials/Decals/Text/MI_Text_B.uexp" 4355
"C:/Users/Shubham/Documents/Unreal Projects/ShooterSam/Content/StarterBundle/ModularSciFiMats/Materials/Decals/Text/MI_Text_B2.uasset" 4356
"C:/Users/Shubham/Documents/Unreal Projects/ShooterSam/Content/StarterBundle/ModularSciFiMats/Materials/Decals/Text/MI_Text_B2.uexp" 4357
"C:/Users/Shubham/Documents/Unreal Projects/ShooterSam/Content/StarterBundle/ModularSciFiMats/Textures/Decals/Text/T_Text_D.uasset" 4358
"C:/Users/Shubham/Documents/Unreal Projects/ShooterSam/Content/StarterBundle/ModularSciFiMats/Textures/Decals/Text/T_Text_D.uexp" 4359
"C:/Users/Shubham/Documents/Unreal Projects/ShooterSam/Content/StarterBundle/ModularSciFiMats/Materials/Decals/Text/MI_Text_D.uasset" 4360
"C:/Users/Shubham/Documents/Unreal Projects/ShooterSam/Content/StarterBundle/ModularSciFiMats/Materials/Decals/Text/MI_Text_D.uexp" 4361
"C:/Users/Shubham/Documents/Unreal Projects/ShooterSam/Content/StarterBundle/ModularSciFiMats/Textures/Decals/Text/T_Text_D_Scr_OM.uasset" 4362
"C:/Users/Shubham/Documents/Unreal Projects/ShooterSam/Content/StarterBundle/ModularSciFiMats/Textures/Decals/Text/T_Text_D_Scr_OM.uexp" 4363
"C:/Users/Shubham/Documents/Unreal Projects/ShooterSam/Content/StarterBundle/ModularSciFiMats/Materials/Decals/Text/MI_Text_D2.uasset" 4364
"C:/Users/Shubham/Documents/Unreal Projects/ShooterSam/Content/StarterBundle/ModularSciFiMats/Materials/Decals/Text/MI_Text_D2.uexp" 4365
"C:/Users/Shubham/Documents/Unreal Projects/ShooterSam/Content/StarterBundle/ModularSciFiMats/Textures/Decals/Text/T_Text_Dash.uasset" 4366
"C:/Users/Shubham/Documents/Unreal Projects/ShooterSam/Content/StarterBundle/ModularSciFiMats/Textures/Decals/Text/T_Text_Dash.uexp" 4367
"C:/Users/Shubham/Documents/Unreal Projects/ShooterSam/Content/StarterBundle/ModularSciFiMats/Materials/Decals/Text/MI_Text_Dash.uasset" 4368
"C:/Users/Shubham/Documents/Unreal Projects/ShooterSam/Content/StarterBundle/ModularSciFiMats/Materials/Decals/Text/MI_Text_Dash.uexp" 4369
"C:/Users/Shubham/Documents/Unreal Projects/ShooterSam/Content/StarterBundle/ModularSciFiMats/Textures/Decals/Text/Words/T_Area.uasset" 4370
"C:/Users/Shubham/Documents/Unreal Projects/ShooterSam/Content/StarterBundle/ModularSciFiMats/Textures/Decals/Text/Words/T_Area.uexp" 4371
"C:/Users/Shubham/Documents/Unreal Projects/ShooterSam/Content/StarterBundle/ModularSciFiMats/Materials/Decals/Words/MI_Area.uasset" 4372
"C:/Users/Shubham/Documents/Unreal Projects/ShooterSam/Content/StarterBundle/ModularSciFiMats/Materials/Decals/Words/MI_Area.uexp" 4373
"C:/Users/Shubham/Documents/Unreal Projects/ShooterSam/Content/StarterBundle/ModularSciFiMats/Textures/Decals/Text/Words/T_Area_Scr_OM.uasset" 4374
"C:/Users/Shubham/Documents/Unreal Projects/ShooterSam/Content/StarterBundle/ModularSciFiMats/Textures/Decals/Text/Words/T_Area_Scr_OM.uexp" 4375
"C:/Users/Shubham/Documents/Unreal Projects/ShooterSam/Content/StarterBundle/ModularSciFiMats/Materials/Decals/Words/MI_Area2.uasset" 4376
"C:/Users/Shubham/Documents/Unreal Projects/ShooterSam/Content/StarterBundle/ModularSciFiMats/Materials/Decals/Words/MI_Area2.uexp" 4377
"C:/Users/Shubham/Documents/Unreal Projects/ShooterSam/Content/StarterBundle/ModularSciFiMats/Textures/Decals/Text/Words/T_Arrivals.uasset" 4378
"C:/Users/Shubham/Documents/Unreal Projects/ShooterSam/Content/StarterBundle/ModularSciFiMats/Textures/Decals/Text/Words/T_Arrivals.uexp" 4379
"C:/Users/Shubham/Documents/Unreal Projects/ShooterSam/Content/StarterBundle/ModularSciFiMats/Materials/Decals/Words/MI_Arrivals.uasset" 4380
"C:/Users/Shubham/Documents/Unreal Projects/ShooterSam/Content/StarterBundle/ModularSciFiMats/Materials/Decals/Words/MI_Arrivals.uexp" 4381
"C:/Users/Shubham/Documents/Unreal Projects/ShooterSam/Content/StarterBundle/ModularSciFiMats/Materials/Decals/Words/MI_Arrivals2.uasset" 4382
"C:/Users/Shubham/Documents/Unreal Projects/ShooterSam/Content/StarterBundle/ModularSciFiMats/Materials/Decals/Words/MI_Arrivals2.uexp" 4383
"C:/Users/Shubham/Documents/Unreal Projects/ShooterSam/Content/StarterBundle/ModularSciFiMats/Textures/Decals/Text/Words/T_Bridge.uasset" 4384
"C:/Users/Shubham/Documents/Unreal Projects/ShooterSam/Content/StarterBundle/ModularSciFiMats/Textures/Decals/Text/Words/T_Bridge.uexp" 4385
"C:/Users/Shubham/Documents/Unreal Projects/ShooterSam/Content/StarterBundle/ModularSciFiMats/Materials/Decals/Words/MI_Bridge.uasset" 4386
"C:/Users/Shubham/Documents/Unreal Projects/ShooterSam/Content/StarterBundle/ModularSciFiMats/Materials/Decals/Words/MI_Bridge.uexp" 4387
"C:/Users/Shubham/Documents/Unreal Projects/ShooterSam/Content/StarterBundle/ModularSciFiMats/Materials/Decals/Words/MI_Bridge2.uasset" 4388
"C:/Users/Shubham/Documents/Unreal Projects/ShooterSam/Content/StarterBundle/ModularSciFiMats/Materials/Decals/Words/MI_Bridge2.uexp" 4389
"C:/Users/Shubham/Documents/Unreal Projects/ShooterSam/Content/StarterBundle/ModularSciFiMats/Textures/Decals/Text/Words/T_Caution.uasset" 4390
"C:/Users/Shubham/Documents/Unreal Projects/ShooterSam/Content/StarterBundle/ModularSciFiMats/Textures/Decals/Text/Words/T_Caution.uexp" 4391
"C:/Users/Shubham/Documents/Unreal Projects/ShooterSam/Content/StarterBundle/ModularSciFiMats/Materials/Decals/Words/MI_Caution2.uasset" 4392
"C:/Users/Shubham/Documents/Unreal Projects/ShooterSam/Content/StarterBundle/ModularSciFiMats/Materials/Decals/Words/MI_Caution2.uexp" 4393
"C:/Users/Shubham/Documents/Unreal Projects/ShooterSam/Content/StarterBundle/ModularSciFiMats/Textures/Decals/Text/Words/T_Containment.uasset" 4394
"C:/Users/Shubham/Documents/Unreal Projects/ShooterSam/Content/StarterBundle/ModularSciFiMats/Textures/Decals/Text/Words/T_Containment.uexp" 4395
"C:/Users/Shubham/Documents/Unreal Projects/ShooterSam/Content/StarterBundle/ModularSciFiMats/Materials/Decals/Words/MI_Containment.uasset" 4396
"C:/Users/Shubham/Documents/Unreal Projects/ShooterSam/Content/StarterBundle/ModularSciFiMats/Materials/Decals/Words/MI_Containment.uexp" 4397
"C:/Users/Shubham/Documents/Unreal Projects/ShooterSam/Content/StarterBundle/ModularSciFiMats/Textures/Decals/Text/Words/T_Containment_Scr_OM.uasset" 4398
"C:/Users/Shubham/Documents/Unreal Projects/ShooterSam/Content/StarterBundle/ModularSciFiMats/Textures/Decals/Text/Words/T_Containment_Scr_OM.uexp" 4399
"C:/Users/Shubham/Documents/Unreal Projects/ShooterSam/Content/StarterBundle/ModularSciFiMats/Materials/Decals/Words/MI_Containment2.uasset" 4400
"C:/Users/Shubham/Documents/Unreal Projects/ShooterSam/Content/StarterBundle/ModularSciFiMats/Materials/Decals/Words/MI_Containment2.uexp" 4401
"C:/Users/Shubham/Documents/Unreal Projects/ShooterSam/Content/StarterBundle/ModularSciFiMats/Textures/Decals/Text/Words/T_Control.uasset" 4402
"C:/Users/Shubham/Documents/Unreal Projects/ShooterSam/Content/StarterBundle/ModularSciFiMats/Textures/Decals/Text/Words/T_Control.uexp" 4403
"C:/Users/Shubham/Documents/Unreal Projects/ShooterSam/Content/StarterBundle/ModularSciFiMats/Materials/Decals/Words/MI_Control.uasset" 4404
"C:/Users/Shubham/Documents/Unreal Projects/ShooterSam/Content/StarterBundle/ModularSciFiMats/Materials/Decals/Words/MI_Control.uexp" 4405
"C:/Users/Shubham/Documents/Unreal Projects/ShooterSam/Content/StarterBundle/ModularSciFiMats/Textures/Decals/Text/Words/T_Engineering.uasset" 4406
"C:/Users/Shubham/Documents/Unreal Projects/ShooterSam/Content/StarterBundle/ModularSciFiMats/Textures/Decals/Text/Words/T_Engineering.uexp" 4407
"C:/Users/Shubham/Documents/Unreal Projects/ShooterSam/Content/StarterBundle/ModularSciFiMats/Materials/Decals/Words/MI_Engineering.uasset" 4408
"C:/Users/Shubham/Documents/Unreal Projects/ShooterSam/Content/StarterBundle/ModularSciFiMats/Materials/Decals/Words/MI_Engineering.uexp" 4409
"C:/Users/Shubham/Documents/Unreal Projects/ShooterSam/Content/StarterBundle/ModularSciFiMats/Textures/Decals/Text/Words/T_Engineering_Scr_OM.uasset" 4410
"C:/Users/Shubham/Documents/Unreal Projects/ShooterSam/Content/StarterBundle/ModularSciFiMats/Textures/Decals/Text/Words/T_Engineering_Scr_OM.uexp" 4411
"C:/Users/Shubham/Documents/Unreal Projects/ShooterSam/Content/StarterBundle/ModularSciFiMats/Materials/Decals/Words/MI_Engineering_Scr.uasset" 4412
"C:/Users/Shubham/Documents/Unreal Projects/ShooterSam/Content/StarterBundle/ModularSciFiMats/Materials/Decals/Words/MI_Engineering_Scr.uexp" 4413
"C:/Users/Shubham/Documents/Unreal Projects/ShooterSam/Content/StarterBundle/ModularSciFiMats/Textures/Decals/Text/Words/T_Maintenance.uasset" 4414
"C:/Users/Shubham/Documents/Unreal Projects/ShooterSam/Content/StarterBundle/ModularSciFiMats/Textures/Decals/Text/Words/T_Maintenance.uexp" 4415
"C:/Users/Shubham/Documents/Unreal Projects/ShooterSam/Content/StarterBundle/ModularSciFiMats/Materials/Decals/Words/MI_Maintenance.uasset" 4416
"C:/Users/Shubham/Documents/Unreal Projects/ShooterSam/Content/StarterBundle/ModularSciFiMats/Materials/Decals/Words/MI_Maintenance.uexp" 4417
"C:/Users/Shubham/Documents/Unreal Projects/ShooterSam/Content/StarterBundle/ModularSciFiMats/Textures/Decals/Text/Words/T_Observation.uasset" 4418
"C:/Users/Shubham/Documents/Unreal Projects/ShooterSam/Content/StarterBundle/ModularSciFiMats/Textures/Decals/Text/Words/T_Observation.uexp" 4419
"C:/Users/Shubham/Documents/Unreal Projects/ShooterSam/Content/StarterBundle/ModularSciFiMats/Materials/Decals/Words/MI_Observation.uasset" 4420
"C:/Users/Shubham/Documents/Unreal Projects/ShooterSam/Content/StarterBundle/ModularSciFiMats/Materials/Decals/Words/MI_Observation.uexp" 4421
"C:/Users/Shubham/Documents/Unreal Projects/ShooterSam/Content/StarterBundle/ModularSciFiMats/Textures/Decals/Text/Words/T_Office.uasset" 4422
"C:/Users/Shubham/Documents/Unreal Projects/ShooterSam/Content/StarterBundle/ModularSciFiMats/Textures/Decals/Text/Words/T_Office.uexp" 4423
"C:/Users/Shubham/Documents/Unreal Projects/ShooterSam/Content/StarterBundle/ModularSciFiMats/Materials/Decals/Words/MI_Office.uasset" 4424
"C:/Users/Shubham/Documents/Unreal Projects/ShooterSam/Content/StarterBundle/ModularSciFiMats/Materials/Decals/Words/MI_Office.uexp" 4425
"C:/Users/Shubham/Documents/Unreal Projects/ShooterSam/Content/StarterBundle/ModularSciFiMats/Textures/Decals/Text/Words/T_RestrictedArea.uasset" 4426
"C:/Users/Shubham/Documents/Unreal Projects/ShooterSam/Content/StarterBundle/ModularSciFiMats/Textures/Decals/Text/Words/T_RestrictedArea.uexp" 4427
"C:/Users/Shubham/Documents/Unreal Projects/ShooterSam/Content/StarterBundle/ModularSciFiMats/Textures/Decals/Text/Words/T_RestrictedArea_Scr_OM.uasset" 4428
"C:/Users/Shubham/Documents/Unreal Projects/ShooterSam/Content/StarterBundle/ModularSciFiMats/Textures/Decals/Text/Words/T_RestrictedArea_Scr_OM.uexp" 4429
"C:/Users/Shubham/Documents/Unreal Projects/ShooterSam/Content/StarterBundle/ModularSciFiMats/Materials/Decals/Words/MI_RestrictedArea.uasset" 4430
"C:/Users/Shubham/Documents/Unreal Projects/ShooterSam/Content/StarterBundle/ModularSciFiMats/Materials/Decals/Words/MI_RestrictedArea.uexp" 4431
"C:/Users/Shubham/Documents/Unreal Projects/ShooterSam/Content/StarterBundle/ModularSciFiMats/Materials/Decals/Words/MI_RestrictedArea2.uasset" 4432
"C:/Users/Shubham/Documents/Unreal Projects/ShooterSam/Content/StarterBundle/ModularSciFiMats/Materials/Decals/Words/MI_RestrictedArea2.uexp" 4433
"C:/Users/Shubham/Documents/Unreal Projects/ShooterSam/Content/StarterBundle/ModularSciFiMats/Textures/Decals/Text/Words/T_StandClear.uasset" 4434
"C:/Users/Shubham/Documents/Unreal Projects/ShooterSam/Content/StarterBundle/ModularSciFiMats/Textures/Decals/Text/Words/T_StandClear.uexp" 4435
"C:/Users/Shubham/Documents/Unreal Projects/ShooterSam/Content/StarterBundle/ModularSciFiMats/Materials/Decals/Words/MI_StandClear.uasset" 4436
"C:/Users/Shubham/Documents/Unreal Projects/ShooterSam/Content/StarterBundle/ModularSciFiMats/Materials/Decals/Words/MI_StandClear.uexp" 4437
"C:/Users/Shubham/Documents/Unreal Projects/ShooterSam/Content/StarterBundle/ModularSciFiMats/Textures/Decals/Text/Words/T_Station.uasset" 4438
"C:/Users/Shubham/Documents/Unreal Projects/ShooterSam/Content/StarterBundle/ModularSciFiMats/Textures/Decals/Text/Words/T_Station.uexp" 4439
"C:/Users/Shubham/Documents/Unreal Projects/ShooterSam/Content/StarterBundle/ModularSciFiMats/Materials/Decals/Words/MI_Station.uasset" 4440
"C:/Users/Shubham/Documents/Unreal Projects/ShooterSam/Content/StarterBundle/ModularSciFiMats/Materials/Decals/Words/MI_Station.uexp" 4441
"C:/Users/Shubham/Documents/Unreal Projects/ShooterSam/Content/StarterBundle/ModularSciFiMats/Materials/Decals/Words/MI_Station2.uasset" 4442
"C:/Users/Shubham/Documents/Unreal Projects/ShooterSam/Content/StarterBundle/ModularSciFiMats/Materials/Decals/Words/MI_Station2.uexp" 4443
"C:/Users/Shubham/Documents/Unreal Projects/ShooterSam/Content/StarterBundle/ModularSciFiMats/Textures/Decals/Text/Words/T_Supplies.uasset" 4444
"C:/Users/Shubham/Documents/Unreal Projects/ShooterSam/Content/StarterBundle/ModularSciFiMats/Textures/Decals/Text/Words/T_Supplies.uexp" 4445
"C:/Users/Shubham/Documents/Unreal Projects/ShooterSam/Content/StarterBundle/ModularSciFiMats/Materials/Decals/Words/MI_Supplies.uasset" 4446
"C:/Users/Shubham/Documents/Unreal Projects/ShooterSam/Content/StarterBundle/ModularSciFiMats/Materials/Decals/Words/MI_Supplies.uexp" 4447
"C:/Users/Shubham/Documents/Unreal Projects/ShooterSam/Content/StarterBundle/ModularSci_Comm/Textures/Decals/Floor/T_FloorSquare_A.uasset" 4448
"C:/Users/Shubham/Documents/Unreal Projects/ShooterSam/Content/StarterBundle/ModularSci_Comm/Textures/Decals/Floor/T_FloorSquare_A.uexp" 4449
"C:/Users/Shubham/Documents/Unreal Projects/ShooterSam/Content/StarterBundle/ModularSci_Comm/Textures/Decals/Floor/T_FloorSquare_A_M.uasset" 4450
"C:/Users/Shubham/Documents/Unreal Projects/ShooterSam/Content/StarterBundle/ModularSci_Comm/Textures/Decals/Floor/T_FloorSquare_A_M.uexp" 4451
"C:/Users/Shubham/Documents/Unreal Projects/ShooterSam/Content/StarterBundle/ModularSci_Comm/Materials/Decals/M_Decal_Base.uasset" 4452
"C:/Users/Shubham/Documents/Unreal Projects/ShooterSam/Content/StarterBundle/ModularSci_Comm/Materials/Decals/M_Decal_Base.uexp" 4453
"C:/Users/Shubham/Documents/Unreal Projects/ShooterSam/Content/StarterBundle/ModularSci_Comm/Textures/Decals/T_Base_M.uasset" 4454
"C:/Users/Shubham/Documents/Unreal Projects/ShooterSam/Content/StarterBundle/ModularSci_Comm/Textures/Decals/T_Base_M.uexp" 4455
"C:/Users/Shubham/Documents/Unreal Projects/ShooterSam/Content/StarterBundle/ModularSci_Comm/Textures/Decals/Arrows/T_Arrow_A.uasset" 4456
"C:/Users/Shubham/Documents/Unreal Projects/ShooterSam/Content/StarterBundle/ModularSci_Comm/Textures/Decals/Arrows/T_Arrow_A.uexp" 4457
"C:/Users/Shubham/Documents/Unreal Projects/ShooterSam/Content/StarterBundle/ModularSci_Comm/Materials/Decals/Arrows/MI_Arrow_A_Red.uasset" 4458
"C:/Users/Shubham/Documents/Unreal Projects/ShooterSam/Content/StarterBundle/ModularSci_Comm/Materials/Decals/Arrows/MI_Arrow_A_Red.uexp" 4459
"C:/Users/Shubham/Documents/Unreal Projects/ShooterSam/Content/StarterBundle/ModularSci_Comm/Textures/Decals/Arrows/T_Arrow_F.ubulk" 4460
"C:/Users/Shubham/Documents/Unreal Projects/ShooterSam/Content/StarterBundle/ModularSci_Comm/Textures/Decals/Arrows/T_Arrow_F.uasset" 4461
"C:/Users/Shubham/Documents/Unreal Projects/ShooterSam/Content/StarterBundle/ModularSci_Comm/Textures/Decals/Arrows/T_Arrow_F.uexp" 4462
"C:/Users/Shubham/Documents/Unreal Projects/ShooterSam/Content/StarterBundle/ModularSci_Comm/Materials/Decals/Arrows/MI_Arrow_F.uasset" 4463
"C:/Users/Shubham/Documents/Unreal Projects/ShooterSam/Content/StarterBundle/ModularSci_Comm/Materials/Decals/Arrows/MI_Arrow_F.uexp" 4464
"C:/Users/Shubham/Documents/Unreal Projects/ShooterSam/Content/StarterBundle/ModularSci_Comm/Materials/Decals/Arrows/MI_Arrow_F_White.uasset" 4465
"C:/Users/Shubham/Documents/Unreal Projects/ShooterSam/Content/StarterBundle/ModularSci_Comm/Materials/Decals/Arrows/MI_Arrow_F_White.uexp" 4466
"C:/Users/Shubham/Documents/Unreal Projects/ShooterSam/Content/StarterBundle/ModularSci_Comm/Textures/Decals/Normals/T_Indent_B_M.ubulk" 4467
"C:/Users/Shubham/Documents/Unreal Projects/ShooterSam/Content/StarterBundle/ModularSci_Comm/Textures/Decals/Normals/T_Indent_B_M.uasset" 4468
"C:/Users/Shubham/Documents/Unreal Projects/ShooterSam/Content/StarterBundle/ModularSci_Comm/Textures/Decals/Normals/T_Indent_B_M.uexp" 4469
"C:/Users/Shubham/Documents/Unreal Projects/ShooterSam/Content/StarterBundle/ModularSci_Comm/Textures/Decals/Normals/T_Indent_B_normals.ubulk" 4470
"C:/Users/Shubham/Documents/Unreal Projects/ShooterSam/Content/StarterBundle/ModularSci_Comm/Textures/Decals/Normals/T_Indent_B_normals.uasset" 4471
"C:/Users/Shubham/Documents/Unreal Projects/ShooterSam/Content/StarterBundle/ModularSci_Comm/Textures/Decals/Normals/T_Indent_B_normals.uexp" 4472
"C:/Users/Shubham/Documents/Unreal Projects/ShooterSam/Content/StarterBundle/ModularSci_Comm/Textures/Decals/Normals/T_Indent_B_occlusion.ubulk" 4473
"C:/Users/Shubham/Documents/Unreal Projects/ShooterSam/Content/StarterBundle/ModularSci_Comm/Textures/Decals/Normals/T_Indent_B_occlusion.uasset" 4474
"C:/Users/Shubham/Documents/Unreal Projects/ShooterSam/Content/StarterBundle/ModularSci_Comm/Textures/Decals/Normals/T_Indent_B_occlusion.uexp" 4475
"C:/Users/Shubham/Documents/Unreal Projects/ShooterSam/Content/StarterBundle/ModularSci_Comm/Textures/Decals/Normals/T_LightDecal_A_EM.ubulk" 4476
"C:/Users/Shubham/Documents/Unreal Projects/ShooterSam/Content/StarterBundle/ModularSci_Comm/Textures/Decals/Normals/T_LightDecal_A_EM.uasset" 4477
"C:/Users/Shubham/Documents/Unreal Projects/ShooterSam/Content/StarterBundle/ModularSci_Comm/Textures/Decals/Normals/T_LightDecal_A_EM.uexp" 4478
"C:/Users/Shubham/Documents/Unreal Projects/ShooterSam/Content/StarterBundle/ModularSci_Comm/Materials/Decals/Normals/M_Base_DecalNorm.uasset" 4479
"C:/Users/Shubham/Documents/Unreal Projects/ShooterSam/Content/StarterBundle/ModularSci_Comm/Materials/Decals/Normals/M_Base_DecalNorm.uexp" 4480
"C:/Users/Shubham/Documents/Unreal Projects/ShooterSam/Content/StarterBundle/ModularSci_Comm/Materials/Decals/Normals/MI_Indent_B.uasset" 4481
"C:/Users/Shubham/Documents/Unreal Projects/ShooterSam/Content/StarterBundle/ModularSci_Comm/Materials/Decals/Normals/MI_Indent_B.uexp" 4482
"C:/Users/Shubham/Documents/Unreal Projects/ShooterSam/Content/StarterBundle/ModularSci_Comm/Textures/Decals/Normals/T_LightDecal_A_M.ubulk" 4483
"C:/Users/Shubham/Documents/Unreal Projects/ShooterSam/Content/StarterBundle/ModularSci_Comm/Textures/Decals/Normals/T_LightDecal_A_M.uasset" 4484
"C:/Users/Shubham/Documents/Unreal Projects/ShooterSam/Content/StarterBundle/ModularSci_Comm/Textures/Decals/Normals/T_LightDecal_A_M.uexp" 4485
"C:/Users/Shubham/Documents/Unreal Projects/ShooterSam/Content/StarterBundle/ModularSci_Comm/Textures/Decals/Normals/T_LightDecal_A_normals.ubulk" 4486
"C:/Users/Shubham/Documents/Unreal Projects/ShooterSam/Content/StarterBundle/ModularSci_Comm/Textures/Decals/Normals/T_LightDecal_A_normals.uasset" 4487
"C:/Users/Shubham/Documents/Unreal Projects/ShooterSam/Content/StarterBundle/ModularSci_Comm/Textures/Decals/Normals/T_LightDecal_A_normals.uexp" 4488
"C:/Users/Shubham/Documents/Unreal Projects/ShooterSam/Content/StarterBundle/ModularSci_Comm/Textures/Decals/Normals/T_LightDecal_A_occlusion.ubulk" 4489
"C:/Users/Shubham/Documents/Unreal Projects/ShooterSam/Content/StarterBundle/ModularSci_Comm/Textures/Decals/Normals/T_LightDecal_A_occlusion.uasset" 4490
"C:/Users/Shubham/Documents/Unreal Projects/ShooterSam/Content/StarterBundle/ModularSci_Comm/Textures/Decals/Normals/T_LightDecal_A_occlusion.uexp" 4491
"C:/Users/Shubham/Documents/Unreal Projects/ShooterSam/Content/StarterBundle/ModularSci_Comm/Materials/Decals/Normals/MI_Light_A.uasset" 4492
"C:/Users/Shubham/Documents/Unreal Projects/ShooterSam/Content/StarterBundle/ModularSci_Comm/Materials/Decals/Normals/MI_Light_A.uexp" 4493
"C:/Users/Shubham/Documents/Unreal Projects/ShooterSam/Content/StarterBundle/ModularSci_Comm/Materials/Decals/Normals/MI_Light_A_Red.uasset" 4494
"C:/Users/Shubham/Documents/Unreal Projects/ShooterSam/Content/StarterBundle/ModularSci_Comm/Materials/Decals/Normals/MI_Light_A_Red.uexp" 4495
"C:/Users/Shubham/Documents/Unreal Projects/ShooterSam/Content/StarterBundle/ModularSci_Comm/Textures/Decals/Signs/T_CautionTriangle_B.uasset" 4496
"C:/Users/Shubham/Documents/Unreal Projects/ShooterSam/Content/StarterBundle/ModularSci_Comm/Textures/Decals/Signs/T_CautionTriangle_B.uexp" 4497
"C:/Users/Shubham/Documents/Unreal Projects/ShooterSam/Content/StarterBundle/ModularSci_Comm/Materials/Decals/Signs/MI_CautionTriangle_B.uasset" 4498
"C:/Users/Shubham/Documents/Unreal Projects/ShooterSam/Content/StarterBundle/ModularSci_Comm/Materials/Decals/Signs/MI_CautionTriangle_B.uexp" 4499
"C:/Users/Shubham/Documents/Unreal Projects/ShooterSam/Content/StarterBundle/ModularSci_Comm/Textures/Decals/Stripes/T_Stripe_D.uasset" 4500
"C:/Users/Shubham/Documents/Unreal Projects/ShooterSam/Content/StarterBundle/ModularSci_Comm/Textures/Decals/Stripes/T_Stripe_D.uexp" 4501
"C:/Users/Shubham/Documents/Unreal Projects/ShooterSam/Content/StarterBundle/ModularSci_Comm/Materials/Decals/Stripes/MI_Stripe_D2.uasset" 4502
"C:/Users/Shubham/Documents/Unreal Projects/ShooterSam/Content/StarterBundle/ModularSci_Comm/Materials/Decals/Stripes/MI_Stripe_D2.uexp" 4503
"C:/Users/Shubham/Documents/Unreal Projects/ShooterSam/Content/StarterBundle/ModularSci_Comm/Materials/Decals/Stripes/MI_Stripe_D_White.uasset" 4504
"C:/Users/Shubham/Documents/Unreal Projects/ShooterSam/Content/StarterBundle/ModularSci_Comm/Materials/Decals/Stripes/MI_Stripe_D_White.uexp" 4505
"C:/Users/Shubham/Documents/Unreal Projects/ShooterSam/Content/StarterBundle/ModularSci_Comm/Textures/Decals/Stripes/T_Stripe_E.uasset" 4506
"C:/Users/Shubham/Documents/Unreal Projects/ShooterSam/Content/StarterBundle/ModularSci_Comm/Textures/Decals/Stripes/T_Stripe_E.uexp" 4507
"C:/Users/Shubham/Documents/Unreal Projects/ShooterSam/Content/StarterBundle/ModularSci_Comm/Textures/Decals/Stripes/T_Stripe_E_M.uasset" 4508
"C:/Users/Shubham/Documents/Unreal Projects/ShooterSam/Content/StarterBundle/ModularSci_Comm/Textures/Decals/Stripes/T_Stripe_E_M.uexp" 4509
"C:/Users/Shubham/Documents/Unreal Projects/ShooterSam/Content/StarterBundle/ModularSci_Comm/Materials/Decals/Stripes/MI_Stripe_E.uasset" 4510
"C:/Users/Shubham/Documents/Unreal Projects/ShooterSam/Content/StarterBundle/ModularSci_Comm/Materials/Decals/Stripes/MI_Stripe_E.uexp" 4511
"C:/Users/Shubham/Documents/Unreal Projects/ShooterSam/Content/StarterBundle/ModularSci_Comm/Materials/Decals/Stripes/MI_Stripe_E_Red.uasset" 4512
"C:/Users/Shubham/Documents/Unreal Projects/ShooterSam/Content/StarterBundle/ModularSci_Comm/Materials/Decals/Stripes/MI_Stripe_E_Red.uexp" 4513
"C:/Users/Shubham/Documents/Unreal Projects/ShooterSam/Content/StarterBundle/ModularSci_Comm/Textures/Decals/Text/T_Text_0.uasset" 4514
"C:/Users/Shubham/Documents/Unreal Projects/ShooterSam/Content/StarterBundle/ModularSci_Comm/Textures/Decals/Text/T_Text_0.uexp" 4515
"C:/Users/Shubham/Documents/Unreal Projects/ShooterSam/Content/StarterBundle/ModularSci_Comm/Materials/Decals/Text/MI_Text_0.uasset" 4516
"C:/Users/Shubham/Documents/Unreal Projects/ShooterSam/Content/StarterBundle/ModularSci_Comm/Materials/Decals/Text/MI_Text_0.uexp" 4517
"C:/Users/Shubham/Documents/Unreal Projects/ShooterSam/Content/StarterBundle/ModularSci_Comm/Textures/Decals/Text/T_Text_2.uasset" 4518
"C:/Users/Shubham/Documents/Unreal Projects/ShooterSam/Content/StarterBundle/ModularSci_Comm/Textures/Decals/Text/T_Text_2.uexp" 4519
"C:/Users/Shubham/Documents/Unreal Projects/ShooterSam/Content/StarterBundle/ModularSci_Comm/Materials/Decals/Text/MI_Text_2.uasset" 4520
"C:/Users/Shubham/Documents/Unreal Projects/ShooterSam/Content/StarterBundle/ModularSci_Comm/Materials/Decals/Text/MI_Text_2.uexp" 4521
"C:/Users/Shubham/Documents/Unreal Projects/ShooterSam/Content/StarterBundle/ModularSci_Comm/Textures/Decals/Text/T_Text_3.uasset" 4522
"C:/Users/Shubham/Documents/Unreal Projects/ShooterSam/Content/StarterBundle/ModularSci_Comm/Textures/Decals/Text/T_Text_3.uexp" 4523
"C:/Users/Shubham/Documents/Unreal Projects/ShooterSam/Content/StarterBundle/ModularSci_Comm/Materials/Decals/Text/MI_Text_3.uasset" 4524
"C:/Users/Shubham/Documents/Unreal Projects/ShooterSam/Content/StarterBundle/ModularSci_Comm/Materials/Decals/Text/MI_Text_3.uexp" 4525
"C:/Users/Shubham/Documents/Unreal Projects/ShooterSam/Content/StarterBundle/ModularSci_Comm/Textures/Decals/Text/T_Text_5.uasset" 4526
"C:/Users/Shubham/Documents/Unreal Projects/ShooterSam/Content/StarterBundle/ModularSci_Comm/Textures/Decals/Text/T_Text_5.uexp" 4527
"C:/Users/Shubham/Documents/Unreal Projects/ShooterSam/Content/StarterBundle/ModularSci_Comm/Materials/Decals/Text/MI_Text_5.uasset" 4528
"C:/Users/Shubham/Documents/Unreal Projects/ShooterSam/Content/StarterBundle/ModularSci_Comm/Materials/Decals/Text/MI_Text_5.uexp" 4529
"C:/Users/Shubham/Documents/Unreal Projects/ShooterSam/Content/StarterBundle/ModularSci_Comm/Materials/Decals/Text/MI_Text_5b.uasset" 4530
"C:/Users/Shubham/Documents/Unreal Projects/ShooterSam/Content/StarterBundle/ModularSci_Comm/Materials/Decals/Text/MI_Text_5b.uexp" 4531
"C:/Users/Shubham/Documents/Unreal Projects/ShooterSam/Content/StarterBundle/ModularSci_Comm/Textures/Decals/Text/T_Text_D.uasset" 4532
"C:/Users/Shubham/Documents/Unreal Projects/ShooterSam/Content/StarterBundle/ModularSci_Comm/Textures/Decals/Text/T_Text_D.uexp" 4533
"C:/Users/Shubham/Documents/Unreal Projects/ShooterSam/Content/StarterBundle/ModularSci_Comm/Materials/Decals/Text/MI_Text_D.uasset" 4534
"C:/Users/Shubham/Documents/Unreal Projects/ShooterSam/Content/StarterBundle/ModularSci_Comm/Materials/Decals/Text/MI_Text_D.uexp" 4535
"C:/Users/Shubham/Documents/Unreal Projects/ShooterSam/Content/StarterBundle/ModularSci_Comm/Textures/Decals/Text/T_Text_Dash.uasset" 4536
"C:/Users/Shubham/Documents/Unreal Projects/ShooterSam/Content/StarterBundle/ModularSci_Comm/Textures/Decals/Text/T_Text_Dash.uexp" 4537
"C:/Users/Shubham/Documents/Unreal Projects/ShooterSam/Content/StarterBundle/ModularSci_Comm/Materials/Decals/Text/MI_Text_Dash.uasset" 4538
"C:/Users/Shubham/Documents/Unreal Projects/ShooterSam/Content/StarterBundle/ModularSci_Comm/Materials/Decals/Text/MI_Text_Dash.uexp" 4539
"C:/Users/Shubham/Documents/Unreal Projects/ShooterSam/Content/StarterBundle/ModularSci_Comm/Materials/Decals/Text/MI_Text_Dash2.uasset" 4540
"C:/Users/Shubham/Documents/Unreal Projects/ShooterSam/Content/StarterBundle/ModularSci_Comm/Materials/Decals/Text/MI_Text_Dash2.uexp" 4541
"C:/Users/Shubham/Documents/Unreal Projects/ShooterSam/Content/StarterBundle/ModularSci_Comm/Materials/Decals/Text/MI_Text_Dash_White.uasset" 4542
"C:/Users/Shubham/Documents/Unreal Projects/ShooterSam/Content/StarterBundle/ModularSci_Comm/Materials/Decals/Text/MI_Text_Dash_White.uexp" 4543
"C:/Users/Shubham/Documents/Unreal Projects/ShooterSam/Content/StarterBundle/ModularSci_Comm/Textures/Decals/Text/Words/T_Center.uasset" 4544
"C:/Users/Shubham/Documents/Unreal Projects/ShooterSam/Content/StarterBundle/ModularSci_Comm/Textures/Decals/Text/Words/T_Center.uexp" 4545
"C:/Users/Shubham/Documents/Unreal Projects/ShooterSam/Content/StarterBundle/ModularSci_Comm/Materials/Decals/Words/MI_Center.uasset" 4546
"C:/Users/Shubham/Documents/Unreal Projects/ShooterSam/Content/StarterBundle/ModularSci_Comm/Materials/Decals/Words/MI_Center.uexp" 4547
"C:/Users/Shubham/Documents/Unreal Projects/ShooterSam/Content/StarterBundle/ModularSci_Comm/Textures/Decals/Text/Words/T_Command.uasset" 4548
"C:/Users/Shubham/Documents/Unreal Projects/ShooterSam/Content/StarterBundle/ModularSci_Comm/Textures/Decals/Text/Words/T_Command.uexp" 4549
"C:/Users/Shubham/Documents/Unreal Projects/ShooterSam/Content/StarterBundle/ModularSci_Comm/Materials/Decals/Words/MI_Command_Black.uasset" 4550
"C:/Users/Shubham/Documents/Unreal Projects/ShooterSam/Content/StarterBundle/ModularSci_Comm/Materials/Decals/Words/MI_Command_Black.uexp" 4551
"C:/Users/Shubham/Documents/Unreal Projects/ShooterSam/Content/StarterBundle/ModularSci_Comm/Textures/Decals/Text/Words/T_Control.uasset" 4552
"C:/Users/Shubham/Documents/Unreal Projects/ShooterSam/Content/StarterBundle/ModularSci_Comm/Textures/Decals/Text/Words/T_Control.uexp" 4553
"C:/Users/Shubham/Documents/Unreal Projects/ShooterSam/Content/StarterBundle/ModularSci_Comm/Materials/Decals/Words/MI_Control_Black.uasset" 4554
"C:/Users/Shubham/Documents/Unreal Projects/ShooterSam/Content/StarterBundle/ModularSci_Comm/Materials/Decals/Words/MI_Control_Black.uexp" 4555
"C:/Users/Shubham/Documents/Unreal Projects/ShooterSam/Content/StarterBundle/ModularSci_Comm/Textures/Decals/Text/Words/T_Deck.uasset" 4556
"C:/Users/Shubham/Documents/Unreal Projects/ShooterSam/Content/StarterBundle/ModularSci_Comm/Textures/Decals/Text/Words/T_Deck.uexp" 4557
"C:/Users/Shubham/Documents/Unreal Projects/ShooterSam/Content/StarterBundle/ModularSci_Comm/Materials/Decals/Words/MI_Deck_Black.uasset" 4558
"C:/Users/Shubham/Documents/Unreal Projects/ShooterSam/Content/StarterBundle/ModularSci_Comm/Materials/Decals/Words/MI_Deck_Black.uexp" 4559
"C:/Users/Shubham/Documents/Unreal Projects/ShooterSam/Content/StarterBundle/ModularSci_Comm/Textures/Decals/Text/Words/T_Maintenance.uasset" 4560
"C:/Users/Shubham/Documents/Unreal Projects/ShooterSam/Content/StarterBundle/ModularSci_Comm/Textures/Decals/Text/Words/T_Maintenance.uexp" 4561
"C:/Users/Shubham/Documents/Unreal Projects/ShooterSam/Content/StarterBundle/ModularSci_Comm/Materials/Decals/Words/MI_Maintenance_Black.uasset" 4562
"C:/Users/Shubham/Documents/Unreal Projects/ShooterSam/Content/StarterBundle/ModularSci_Comm/Materials/Decals/Words/MI_Maintenance_Black.uexp" 4563
"C:/Users/Shubham/Documents/Unreal Projects/ShooterSam/Content/StarterBundle/ModularSci_Comm/Textures/Decals/Text/Words/T_Observation.uasset" 4564
"C:/Users/Shubham/Documents/Unreal Projects/ShooterSam/Content/StarterBundle/ModularSci_Comm/Textures/Decals/Text/Words/T_Observation.uexp" 4565
"C:/Users/Shubham/Documents/Unreal Projects/ShooterSam/Content/StarterBundle/ModularSci_Comm/Materials/Decals/Words/MI_Observation.uasset" 4566
"C:/Users/Shubham/Documents/Unreal Projects/ShooterSam/Content/StarterBundle/ModularSci_Comm/Materials/Decals/Words/MI_Observation.uexp" 4567
"C:/Users/Shubham/Documents/Unreal Projects/ShooterSam/Content/MyStuff/Maps/MainLevel.uexp" 4568
"C:/Users/Shubham/Documents/Unreal Projects/ShooterSam/Content/MyStuff/Maps/MainLevel.ubulk" 4569
"C:/Users/Shubham/Documents/Unreal Projects/ShooterSam/Content/MyStuff/Maps/MainLevel.umap" 4570
